-- phpMyAdmin SQL Dump
-- version 4.1.14
-- http://www.phpmyadmin.net
--
-- Host: 127.0.0.1
-- Generation Time: 05 Nov 2017 pada 14.59
-- Versi Server: 5.6.17
-- PHP Version: 5.5.12

SET SQL_MODE = "NO_AUTO_VALUE_ON_ZERO";
SET time_zone = "+00:00";


/*!40101 SET @OLD_CHARACTER_SET_CLIENT=@@CHARACTER_SET_CLIENT */;
/*!40101 SET @OLD_CHARACTER_SET_RESULTS=@@CHARACTER_SET_RESULTS */;
/*!40101 SET @OLD_COLLATION_CONNECTION=@@COLLATION_CONNECTION */;
/*!40101 SET NAMES utf8 */;

--
-- Database: `db_lartemis`
--

-- --------------------------------------------------------

--
-- Struktur dari tabel `achievement_type`
--

CREATE TABLE IF NOT EXISTS `achievement_type` (
  `id_at` int(11) NOT NULL AUTO_INCREMENT,
  `achievement_type_name` varchar(150) NOT NULL,
  PRIMARY KEY (`id_at`)
) ENGINE=InnoDB  DEFAULT CHARSET=latin1 AUTO_INCREMENT=6 ;

--
-- Dumping data untuk tabel `achievement_type`
--

INSERT INTO `achievement_type` (`id_at`, `achievement_type_name`) VALUES
(1, 'Training'),
(2, 'Certification'),
(3, 'Seminar'),
(4, 'Conference'),
(5, 'Others');

-- --------------------------------------------------------

--
-- Struktur dari tabel `candidate`
--

CREATE TABLE IF NOT EXISTS `candidate` (
  `nim` int(10) NOT NULL,
  `alamat` varchar(150) NOT NULL,
  `t_lahir` varchar(100) NOT NULL,
  `tgl_lahir` date NOT NULL,
  `email` varchar(50) NOT NULL,
  `tlp` varchar(12) NOT NULL,
  PRIMARY KEY (`nim`)
) ENGINE=InnoDB DEFAULT CHARSET=latin1;

--
-- Dumping data untuk tabel `candidate`
--

INSERT INTO `candidate` (`nim`, `alamat`, `t_lahir`, `tgl_lahir`, `email`, `tlp`) VALUES
(1201140033, 'Bojongsoang', 'Bandung', '0000-00-00', 'fik@ensyselab.com', '0815454455');

-- --------------------------------------------------------

--
-- Struktur dari tabel `laboratory`
--

CREATE TABLE IF NOT EXISTS `laboratory` (
  `id_lab` int(11) NOT NULL AUTO_INCREMENT,
  `laboratory_name` varchar(255) NOT NULL,
  `short_name` varchar(10) NOT NULL,
  `icon` varchar(50) NOT NULL,
  `pembina` varchar(150) NOT NULL,
  PRIMARY KEY (`id_lab`),
  KEY `id_lab` (`id_lab`),
  KEY `laboratory_name` (`laboratory_name`),
  KEY `short_name` (`short_name`),
  KEY `pembina` (`pembina`)
) ENGINE=InnoDB  DEFAULT CHARSET=latin1 AUTO_INCREMENT=11 ;

--
-- Dumping data untuk tabel `laboratory`
--

INSERT INTO `laboratory` (`id_lab`, `laboratory_name`, `short_name`, `icon`, `pembina`) VALUES
(1, 'Facilities Planning Laboratory', 'PFT', 'iconsi-pft', 'Ika Arum Puspita, S.T., M.T.'),
(2, 'Techno Economy Laboratory', 'TEKMI', 'iconsi-tekmi', 'Maria Della Rosawati, S.T., MBA'),
(3, 'Technical Drawing Laboratory', 'GTX', 'iconsi-gartek', 'Denny Sukma Eka Atmaja, S.T., M.Sc.'),
(4, 'Industrial Statistic & Operational Research Laboratory', 'SIPO', 'iconsi-sipo', 'Nurdinintya Athari S., S.Si., M.T.'),
(5, 'Production System & Automation Laboratory', 'SISPROMASI', 'iconsi-sispromasi', 'Ir. Widia Juliani., M.T.'),
(6, 'Manufacturing Process Laboratory', 'PROSMAN', 'iconsi-prosman', 'Rino Andias Anugraha, S.T., M.M.'),
(7, 'Business Simulation Laboratory', 'SIMBI', 'iconsi-simbi', 'Rio Aurachman, S.T., M.T.'),
(8, 'Work Design & Analysis Laboratory', 'APK&E', 'iconsi-apk', 'Teddy Sjafrizal, B.Eng., M.Si.'),
(9, 'Product Development Laboratory', 'P-DEV', '', 'Muhammad Iqbal, S.T, M.M.'),
(10, 'Enterprise System Engineering', 'ENSYS', '', 'Rayinda Pramuditya Soesanto, ST., MT');

-- --------------------------------------------------------

--
-- Struktur dari tabel `mahasiswa`
--

CREATE TABLE IF NOT EXISTS `mahasiswa` (
  `id_mhs` int(11) NOT NULL AUTO_INCREMENT,
  `mhs_name` varchar(255) NOT NULL,
  `nim` varchar(10) NOT NULL,
  `mhs_status` int(1) NOT NULL,
  PRIMARY KEY (`id_mhs`)
) ENGINE=InnoDB  DEFAULT CHARSET=latin1 AUTO_INCREMENT=1838 ;

--
-- Dumping data untuk tabel `mahasiswa`
--

INSERT INTO `mahasiswa` (`id_mhs`, `mhs_name`, `nim`, `mhs_status`) VALUES
(1, 'OKTA ADI SOPAR', '1102080008', 1),
(3, 'ABDURRAHMAN A', '1102090038', 1),
(4, 'MUHAMMAD FARID ANAS', '1102090065', 1),
(5, 'YUNA RIDHO MAPAREZA', '1102091073', 1),
(6, 'ANGGOLETOMI MP', '1102100001', 1),
(8, 'RAMDHAN PRAGUSTIAN', '1102100017', 1),
(9, 'NOVIA EVI FIKRIYAH', '1102100020', 1),
(10, 'REZA GILANG PRAMONO', '1102100023', 1),
(11, 'MOHAMMAD RHEZA FIRMANSYAH', '1102100024', 1),
(12, 'DENNY KARNELUS SINAGA', '1102100032', 1),
(13, 'ROBY PRATAMA', '1102100036', 1),
(14, 'RADITYA ARTHA PRASETYO', '1102100039', 1),
(15, 'RIDHO FADRIAN PUTRA', '1102100045', 1),
(16, 'YANDRI ILLHAM ZR', '1102100048', 1),
(17, 'GHITA DEVIRA', '1102100077', 1),
(18, 'ADE RAHMAN RANI', '1102100081', 1),
(19, 'AIDHIL PRATHAMA', '1102100082', 1),
(20, 'ERICSON RICARDO', '1102100083', 1),
(21, 'VERY AL QADR', '1102100115', 1),
(22, 'ARI BONARDO PANGIHUTAN PURBA', '1102100133', 1),
(23, 'YETI CANDRA DWI ANGGRAINI', '1102100165', 1),
(24, 'MUCHAMMAD FEBREYHAN', '1102100169', 1),
(25, 'ABDULLAH FAQIH', '1102101178', 1),
(26, 'FRAN SERANO ANDRES', '1102101196', 1),
(27, 'ADHELIA RATNA YUNIDAR', '1102101200', 1),
(28, 'DIANA MAWARNI', '1102101201', 1),
(29, 'BAGUS ADIIB AL HAQ', '1102104217', 1),
(30, 'I GEDE JANANURAGA', '1102104220', 1),
(31, 'I DEWA MADE WAHYU WIRADUTA', '1102104241', 1),
(32, 'INTON PRABOWO SIMARMATA', '1102110001', 1),
(33, 'NURYSKHA', '1102110002', 1),
(34, 'DYAH KUSUMASTUTI', '1102110003', 1),
(35, 'M. NAQI SYIRAZI', '1102110005', 1),
(36, 'INDAH PERTIWI YULIANA SARI', '1102110006', 1),
(37, 'FIRMAN RAMDHANA', '1102110007', 1),
(38, 'MUHAMMAD TAUFIK', '1102110008', 1),
(39, 'MUHAMMAD REZA', '1102110009', 1),
(41, 'YUVIE MUTIARASARI', '1102110011', 1),
(42, 'RISKIKA DEA PRATAMA', '1102110012', 1),
(43, 'EMMANUEL RADITYA PRATAMA', '1102110014', 1),
(44, 'ADITYA RIFQI PRATAMA', '1102110016', 1),
(45, 'RATNA WULAN SARI', '1102110017', 1),
(46, 'ABD KARIM BASIR', '1102110018', 1),
(47, 'SITI ZAHRA PERDANANINGSIH', '1102110019', 1),
(48, 'PUTRA RAMADHAN HERU HERMAWAN', '1102110020', 1),
(49, 'ZUMAR HASANI', '1102110021', 1),
(50, 'MUHAMMAD ARIKO PAKUSADEWO', '1102110023', 1),
(51, 'MUHAMMAD ARYA MARDIANSYAH', '1102110024', 1),
(52, 'FAIZAL WAHYU WINARSA', '1102110025', 1),
(53, 'GITA PURNAMA SARI', '1102110026', 1),
(54, 'ROBIN PITTUBATU', '1102110027', 1),
(55, 'DIRA PUTRI JANUARTI', '1102110029', 1),
(56, 'NURUL APRILIANI', '1102110030', 1),
(57, 'SHYLVIA DEVIANI', '1102110031', 1),
(58, 'RR ASRI ISMAYA PUTRI', '1102110032', 1),
(59, 'RIZALDI NURILHUDA', '1102110033', 1),
(60, 'RIZKY NURTI WIDIHARSATI', '1102110034', 1),
(61, 'FATKHUREZA', '1102110036', 1),
(62, 'MUHAMMAD HILMAN KUSNAWAN', '1102110038', 1),
(63, 'MENTARI HARDYANINGRUM', '1102110039', 1),
(64, 'RIZKI NUR RACHMAN', '1102110040', 1),
(65, 'INDAH KUSUMA M NOOR', '1102110041', 1),
(66, 'AMALIA SYAFITRI', '1102110042', 1),
(67, 'ANITA WIDIJULIANA', '1102110043', 1),
(68, 'MUHAMAD KHRISNA PAMBUDI', '1102110045', 1),
(69, 'YUSHA RAHMAN ADIGUNA', '1102110046', 1),
(70, 'NI KADEK DEWI PRADNYAWATI', '1102110047', 1),
(71, 'MUHAMMAD IQBAL ROSYIDIN', '1102110048', 1),
(72, 'RIFKY KURNIAWAN FAISAL ARIEF', '1102110049', 1),
(73, 'FAUZAN NURRAHMAN', '1102110050', 1),
(74, 'RISFINA BEBY KHAIRUL', '1102110051', 1),
(75, 'MOHAMAD BANGUN WICAKSONO', '1102110052', 1),
(76, 'AMMAR NAUFAL', '1102110053', 1),
(77, 'MAS AMIRUL MAHENDRA WIBISANA', '1102110054', 1),
(78, 'TRIASTUTY PARDEDE', '1102110055', 1),
(79, 'HILMAN SYAHIR', '1102110056', 1),
(80, 'HARLY MIFTA NURFALA', '1102110057', 1),
(81, 'ELIA SEBASTIAN', '1102110058', 1),
(82, 'ASRIE PERMATA DINI', '1102110059', 1),
(83, 'MUHAMMAD FIRMANSYAH PUTRA', '1102110060', 1),
(84, 'SHINTA MEILIANA HERDIANI', '1102110061', 1),
(85, 'ADIN YUSTI YULIAN', '1102110062', 1),
(86, 'NURMAULIDA ANGGI WIDIATI', '1102110063', 1),
(87, 'MUHAMAD ANJAR PERMANA', '1102110064', 1),
(88, 'RIFKY IQBAL YURIANDI', '1102110065', 1),
(89, 'SERLY DWI ARIYANTI', '1102110066', 1),
(90, 'PUTRI NANDARI ELMAN ASTADIPURA', '1102110067', 1),
(91, 'DIAN AYU SEPTINA', '1102110068', 1),
(92, 'MOHAMAD ILYAS FATURRAKHMAN', '1102110069', 1),
(93, 'NGURAH WIRA NUGRAHA', '1102110070', 1),
(94, 'ELIZA ANGGRAINI JOEFATHA', '1102110071', 1),
(95, 'M SALAHUDIN AL AYUBI', '1102110072', 1),
(96, 'MUHAMMAD ARIANTO', '1102110073', 1),
(97, 'YUKI PUTRI ARIFIANTI', '1102110074', 1),
(98, 'REZA SATYA RAHMAWAN', '1102110075', 1),
(99, 'ROSI PRATIWI', '1102110076', 1),
(100, 'ARGARI ALPHARIANTO', '1102110077', 1),
(101, 'YOGI PURNAMA PUTRA', '1102110078', 1),
(102, 'ULLY TRI KIRANA', '1102110079', 1),
(103, 'SUSI ANANTAMI S.', '1102110080', 1),
(104, 'VERONIKA SARI ASIH', '1102110081', 1),
(105, 'SHINTA KURNIA ILLAHI', '1102110082', 1),
(106, 'DIMAS KURNIANTORO AJI', '1102110083', 1),
(107, 'ALFRIANIKO ANGGRIAWAN', '1102110085', 1),
(108, 'FAZRI SATRIA DHARMAWANPUTRA', '1102110088', 1),
(109, 'RYAN RACHMADIAN', '1102110089', 1),
(110, 'VITA ARDIANA SARI', '1102110091', 1),
(111, 'KEVIN RA JOELIAN', '1102110093', 1),
(112, 'EDWINA', '1102110095', 1),
(113, 'ARI HENDRIYANTO', '1102110096', 1),
(114, 'DINNURILLAH FEBRYANTI', '1102110097', 1),
(115, 'RAMDAN NURALAM SYAHBANDI', '1102110098', 1),
(116, 'AMANDA INKE MAHARDIKA', '1102110100', 1),
(117, 'ISYALIA DWI HANDAYANI', '1102110104', 1),
(118, 'DESI ARISKA', '1102110105', 1),
(119, 'YANDI GOKLAS ADVENTINO HUTABARAT', '1102110106', 1),
(120, 'NADYA', '1102110107', 1),
(121, 'TARIPAR RUMAPEA', '1102110108', 1),
(122, 'DIMAS FAJAR GUMILANG', '1102110109', 1),
(123, 'GERRY GUMILAR ARDIMANGGALA', '1102110111', 1),
(124, 'ZULASTINA MEITY SHUANA WINNYFRED', '1102110112', 1),
(125, 'BILLY CALVIN IMMANUEL', '1102110113', 1),
(126, 'DERY ACHMAD DEVIANDI', '1102110115', 1),
(127, 'SUCI RACHMA SARI', '1102110116', 1),
(128, 'PERTA HARIYANTO', '1102110117', 1),
(129, 'FAKHRAN MUHAMMAD', '1102110118', 1),
(130, 'REGI ALVINO', '1102110119', 1),
(131, 'PITRI FANI SANDJAYA', '1102110120', 1),
(132, 'NATA SATYA PUTRI', '1102110121', 1),
(133, 'YAN HABIB', '1102110122', 1),
(134, 'FAKHRURROZI', '1102110123', 1),
(135, 'ACHMAD RUSVITO UDAYA', '1102110124', 1),
(136, 'WIWIT MULYANINGSIH', '1102110125', 1),
(137, 'RAHMAT HABIBIE BARIYANTO', '1102110126', 1),
(138, 'SATRYO DWI SUTRISNO', '1102110127', 1),
(139, 'GHEA ALFASYAH', '1102110128', 1),
(140, 'SATYA WICAKSANA MUKHLISIN', '1102110129', 1),
(141, 'EGGY CAESARIO CHANIAGO', '1102110130', 1),
(142, 'REZA MOHAMMAD RIFKY', '1102110131', 1),
(143, 'ANITA RACHMAWATI SUJITO', '1102110132', 1),
(144, 'KEVIN REZA ANDARU', '1102110133', 1),
(145, 'DWITA PUTRI NUR MAHARANI SETIAWAN', '1102110134', 1),
(146, 'ANGGARA CIPTA RIYANTO', '1102110135', 1),
(147, 'HIMAWAN SANTOSO', '1102110136', 1),
(148, 'DIA DHONNIMUH BKL', '1102110137', 1),
(149, 'IDA AYU MADE CAHYANTI PUSPA', '1102110138', 1),
(150, 'GRANDHIA AGIL PATRIA', '1102110139', 1),
(151, 'AGUS BUDIYANTO', '1102110140', 1),
(152, 'WIDYA DWI HIDAYATI', '1102110142', 1),
(153, 'RENDI SATRIO EKOPUTRO', '1102110143', 1),
(154, 'MUHARAM GINANJAR JATNIKA', '1102110144', 1),
(155, 'HAFIZ ABDUL AZIS', '1102110145', 1),
(156, 'CHANDRA ALAMSYAH', '1102110146', 1),
(157, 'HAFIZ RIZKY UTAMA', '1102110147', 1),
(158, 'MOHAMMAD BILGHIFARI ASTIAN', '1102110148', 1),
(159, 'RICKY MUHAMMAD FIRDAUS', '1102110149', 1),
(160, 'VANDI ALFIAN AHMAD', '1102110150', 1),
(161, 'ROBBY FACHRI', '1102110151', 1),
(162, 'RICKY DARMAWAN', '1102110152', 1),
(163, 'ZEYNABILA KHEISTA SAKINA', '1102110153', 1),
(164, 'ANDRI WAHYUDI', '1102110154', 1),
(165, 'MOEHAMMAD BUDHICAHYANTO', '1102110155', 1),
(166, 'M. ALTHOB BRONI', '1102110156', 1),
(167, 'DHINAR RIZKI ISMAIL', '1102110157', 1),
(168, 'ILHAM NURHADI', '1102110158', 1),
(169, 'AZHARI FAUZI DIN NUGRAHA', '1102110159', 1),
(170, 'AYU IRMA LESTARI', '1102110161', 1),
(171, 'YOGIE PARAMA ISKANDAR', '1102110162', 1),
(172, 'SRI YUNI OKTARINA', '1102110163', 1),
(173, 'GALANDA DJAMAL', '1102110164', 1),
(174, 'IRMA NURMAWANTI', '1102110165', 1),
(175, 'I GEDE WISUDA PURA', '1102110166', 1),
(176, 'AMANAH ANSARULLAH', '1102110167', 1),
(177, 'DITYA DWI ASTUTI', '1102110168', 1),
(178, 'FARLI ERIGGA PUTRA', '1102110169', 1),
(179, 'REANO ANGGRADWIKA', '1102110170', 1),
(180, 'IRFANDI JULIANSYAH', '1102110171', 1),
(181, 'RAHMAT DEWAN DANA', '1102110172', 1),
(182, 'RAHAYU NOVITA TANZIL', '1102110173', 1),
(183, 'HANI NOVITA TRESNASARI', '1102110174', 1),
(184, 'ROBY AKBAR MAULANA', '1102110175', 1),
(185, 'FIKY RIYANDARMAWAN PRATAMA', '1102110177', 1),
(186, 'NIRWAN APRIDO', '1102110178', 1),
(187, 'ANOM AMIRUL HAK', '1102110179', 1),
(188, 'NAUVAL FURQON AMALY', '1102110180', 1),
(189, 'RIZALDI IHSAN DARMAWAN', '1102110182', 1),
(190, 'MARDHIYYAH', '1102110183', 1),
(191, 'ANNANDYA SAVITRI SOETRISNO PUTRI', '1102110184', 1),
(192, 'MUTIAH ROSITASARI', '1102110185', 1),
(193, 'HILDA RISMAYANTI', '1102110186', 1),
(194, 'NUANSA SHELLA TADESTARIKA', '1102110187', 1),
(195, 'EVA ZALIHA SATYATI', '1102110188', 1),
(196, 'IRFAN WICAKSONO SUGIYO', '1102110189', 1),
(197, 'SABRINA AYU HERMAWATI', '1102110190', 1),
(198, 'PARAMADITYA ARISMAWATI', '1102110191', 1),
(199, 'RANDY PRATAMA', '1102110192', 1),
(200, 'DIKI ELFAN REKSAWANA', '1102110193', 1),
(201, 'ARIO DWI WRAHATNOLO', '1102110195', 1),
(202, 'ANGELA MERICI DINDA LARASATI', '1102110196', 1),
(203, 'ERWIN NUR PURNOMO', '1102110197', 1),
(204, 'ALHAMDI FIKRI', '1102110198', 1),
(205, 'DIMAS ANGGORO', '1102110199', 1),
(206, 'DEDEN GUNA SASMITHA', '1102110201', 1),
(207, 'ANDINI SELFIYANA', '1102110203', 1),
(208, 'WAHYU BAGUS RILO PAMBUDI', '1102110205', 1),
(209, 'SILVI RUSHANTI WIDODO', '1102110206', 1),
(210, 'FRANSISCUS SUCIPTO', '1102110207', 1),
(211, 'TYAS DANNY SETYANINGRUM', '1102110209', 1),
(212, 'RYANDITO ARYO DIMASTYANANDA', '1102110210', 1),
(213, 'RISKA RETNO WIDYANINGSIH', '1102110212', 1),
(214, 'TEDY ARDIYONO', '1102110214', 1),
(215, 'ANNISA HUSNA ALIF', '1102110216', 1),
(216, 'TITO TRY ARTO', '1102110217', 1),
(217, 'NURUL HIDAYATI', '1102110218', 1),
(218, 'YULINDA USWATUN KASANAH', '1102110219', 1),
(219, 'MOHAMAD RIZKY UTOMO', '1102110220', 1),
(220, 'MUHAMMAD ISRAQ FAJRI', '1102114223', 1),
(221, 'NUR ISTU BARWATI', '1102114224', 1),
(222, 'CUT CHAERANI AMANDA', '1102114225', 1),
(223, 'VITA YUAN URBANINGRUM', '1102114226', 1),
(224, 'NI KADEK MAS DESY HERDIANI', '1102114227', 1),
(225, 'MIRANTY MUHARRANI', '1102114229', 1),
(226, 'VIORINA RACHMINDA PUTRI', '1102114230', 1),
(227, 'KHAIRUL ABRAR', '1102114231', 1),
(228, 'AMELIA HEGISTA FRIZIA', '1102114232', 1),
(229, 'PUTRI LUITA DEWI', '1102114233', 1),
(230, 'ESTI DWIRINI', '1102114234', 1),
(231, 'AZIZ PRATAMA THAHIR', '1102110004', 1),
(232, 'MUHAMMAD HAQQY ERDATA NASUTION', '1102110013', 1),
(233, 'PRASETIA PRAMUDITA YULIARSO', '1102110015', 1),
(234, 'SAMHURI IKBAL PRADANA', '1102110022', 1),
(235, 'MAHARDIANI BENINGRUM', '1102110028', 1),
(236, 'DIMAS PRABU TEJONUGROHO', '1102110035', 1),
(237, 'DEYA IKA WARDANI', '1102110037', 1),
(238, 'ANGGA HIDAYAH RAMADHAN', '1102110084', 1),
(239, 'ROMYAH BIGHOIRI ROMY', '1102110086', 1),
(240, 'DIAN AYU APRIANTI', '1102110087', 1),
(241, 'RANDY PRADANA', '1102110090', 1),
(242, 'GILANG RAMADHAN', '1102110092', 1),
(243, 'ANNISAA RASYIDA', '1102110094', 1),
(244, 'FAUZAN GHIFARI', '1102110099', 1),
(245, 'DECKY RIDHO SAHERTIAN', '1102110101', 1),
(246, 'YOGA DARMAWAN', '1102110102', 1),
(247, 'MICHAEL PANJAITAN', '1102110103', 1),
(248, 'IMELIA RIZKI LESTARI', '1102110110', 1),
(249, 'SHAULA TIOMINAR REBECCA', '1102110141', 1),
(250, 'NOVALINO', '1102110200', 1),
(251, 'ALAN ARIF DHARMASAPUTRA', '1102110204', 1),
(252, 'MOHAMAD ILHAM FAUZAN', '1102110208', 1),
(253, 'MUHAMMAD AGUNG AGRIZA', '1102110211', 1),
(254, 'VALDY SEPTYANO', '1102110213', 1),
(255, 'DIMAS LANGGA TRIANDARU', '1102110215', 1),
(256, 'M NUSEM HUDIANTOKO', '1102111221', 1),
(257, 'KARTIKA ANDINI PUTRI', '1102114222', 1),
(258, 'AMANDA PUSPITA PERMATA SARI', '1102114228', 1),
(259, 'GHIYATS NUR SYAFIQ ABDUL QADIR', '1102120002', 2),
(260, 'AVIANA TARA CYNTHIA', '1102120003', 2),
(261, 'FAHRIAN', '1102120004', 2),
(262, 'KENSYA FADLI AGUSTIANT PUTRA', '1102120005', 2),
(263, 'SABILA SYAFITRI PAMBUDI', '1102120006', 2),
(264, 'M. ADHITYA EKA SEPTYAN', '1102120007', 2),
(265, 'MAULINA DWIWANTI', '1102120008', 2),
(266, 'WUKIR PREWITA AJI', '1102120009', 2),
(267, 'M.SIDDIQ NUGRAHA', '1102120011', 2),
(268, 'HERNANDA PRADITYA', '1102120012', 2),
(269, 'ERLANGGA BAYU SETYAWAN', '1102120015', 2),
(270, 'FITRIYATUL JANNAH', '1102120016', 2),
(271, 'R. IRWAN DWI CAHYO', '1102120017', 2),
(272, 'RIDHO PRATAMA', '1102120137', 2),
(273, 'MUSA HADIBRATA', '1102120138', 2),
(274, 'HENDRA SAPUTRA', '1102120139', 2),
(276, 'ANTONIO NAINGGOLAN', '1102120141', 2),
(277, 'ADI PRATAMA WIDHIYANTO', '1102120142', 2),
(278, 'YUNITA DEWI TRIANAWATI', '1102120143', 2),
(279, 'RISKIKY LISNAWATI ZEIN', '1102120144', 2),
(280, 'REGI NINDIANA PUTRI', '1102120146', 2),
(281, 'MUHAMMAD RANDY SUHENDRI', '1102120147', 2),
(282, 'LUTHFI MUHAMMAD NOOR', '1102120148', 2),
(283, 'AGATAMA', '1102120149', 2),
(284, 'IFTITAH NOOR PRATOMO', '1102121261', 2),
(285, 'ANGELA JUSTINE PASKAVIN PANGEMANAN', '1102121262', 2),
(286, 'ARDIAN REZA PAHLEVI', '1102124291', 2),
(287, 'ASTRI DESIANA', '1102124292', 2),
(288, 'FAJAR DARMA SAPUTRA', '1102124293', 2),
(289, 'MUHAMMAD TEZAR', '1102124294', 2),
(290, 'RACHIMA SAVIRA', '1102124295', 2),
(291, 'MUHAMMAD RIZAL FAHMI', '1102124296', 2),
(292, 'ALEN SALVO PRATOMO', '1102124297', 2),
(293, 'EVA ANDIANA', '1102120020', 2),
(294, 'MUHAMMAD RIDWAN HAKIM', '1102120021', 2),
(296, 'RAHMAT REZKI', '1102120023', 2),
(297, 'ALDWYN HAZAGHI', '1102120024', 2),
(298, 'AMRULLAH PAKSI IMAMI', '1102120026', 2),
(299, 'ADITYA SULISTIYO SUWARNO', '1102120028', 2),
(300, 'REZA FAJRUL RAHMADI', '1102120029', 2),
(301, 'TAUFIK AKHMAL', '1102120030', 2),
(302, 'DINNI RIFANI', '1102120031', 2),
(303, 'HAFIZH MUHAMMAD ALMARAGHI SUHARJA', '1102120032', 2),
(304, 'YURINDA AMALIA', '1102120033', 2),
(305, 'MUHAMMAD RASYID RIDHA', '1102120034', 2),
(306, 'LULU KURNIA AGUSTIN', '1102120036', 2),
(307, 'QISTHI MAHRAN HARAHAP', '1102120037', 2),
(308, 'ARI PRAYOGO', '1102120039', 2),
(309, 'GUSRAMDHAN ADITAMA', '1102120040', 2),
(310, 'ALIF DARYONO', '1102120041', 2),
(311, 'YUKI HANA PUTRI TEJIMA', '1102120150', 2),
(312, 'DHIAH ARINI', '1102120154', 2),
(313, 'DESVA RIA ADRIANI', '1102120155', 2),
(314, 'RISYA YUTHIKA', '1102120156', 2),
(315, 'ERICSON MICHAEL MAROJAHAN SINABANG', '1102120159', 2),
(316, 'ANDHEANI CHERYANA PUTRI', '1102120160', 2),
(317, 'RAHMANDA NOFAL ARIF', '1102121264', 2),
(318, 'SITTI NUR AZMI FADHLURRAHMAH', '1102124298', 2),
(319, 'FEBIANTO SAPUTRO', '1102124299', 2),
(320, 'TAUFIK RACHMAT', '1102124300', 2),
(321, 'JESSAYA HARYADI HARAHAP', '1102120043', 2),
(322, 'ICHWANUL IMAN', '1102120044', 2),
(323, 'RENDRA GILANG YUNIARTO', '1102120045', 2),
(324, 'ANDHIKA MEIZIANO', '1102120046', 2),
(325, 'MUHAMMAD TAUFIQ HERDIKATAMA', '1102120047', 2),
(326, 'NURUL FADILAH', '1102120048', 2),
(327, 'RIZALDI DARMAWAN', '1102120049', 2),
(328, 'RADITYO ARI WIDIANTO', '1102120050', 2),
(329, 'LELLYTA NURANI PANGESTIKA', '1102120051', 2),
(330, 'ISTIANAH NEDIA', '1102120052', 2),
(331, 'MUCHAMAD REZA ALI AKBAR', '1102120053', 2),
(332, 'HILDA AWWALIYA', '1102120054', 2),
(333, 'DIAN AUDINA JAUFANTI', '1102120055', 2),
(334, 'ANDI ISTAMARUDIN', '1102120056', 2),
(335, 'WITSQO FULKIASFARI INDRADJAJA', '1102120057', 2),
(336, 'MUFTI ZAKIAH MULIANTI', '1102120058', 2),
(337, 'HERU ANGGORO SEMERU', '1102120059', 2),
(338, 'AMINAH UMI KHAMIDAH', '1102120060', 2),
(339, 'ANNISA SALMA HANIFAH', '1102120061', 2),
(340, 'I GDE NYOMAN ADITYA WIBISANA', '1102120162', 2),
(341, 'NURFITRI AYU PUSPITASARI WIDODO', '1102120163', 2),
(342, 'ARUM MEKAR AGUSWIDYANI', '1102120164', 2),
(343, 'RODHI RAMADAN', '1102120165', 2),
(344, 'DICHA KECI BARAKIN', '1102120166', 2),
(345, 'GITA AYU DINAR PRAMESTI', '1102120167', 2),
(346, 'WILLY PRATISNA', '1102120168', 2),
(347, 'DEBBY SYAVIRA ANESIA', '1102120169', 2),
(348, 'MUHAMMAD RIFKI FADIL', '1102120170', 2),
(349, 'MUHAMMAD RIZQI FAUZAN', '1102120171', 2),
(350, 'RACHMAT RINALDI', '1102120172', 2),
(351, 'SELVIA DAYANTI', '1102120174', 2),
(352, 'DWISKA AINI NURRAHMA', '1102121265', 2),
(353, 'NAILA FARHANA', '1102121267', 2),
(354, 'DWI INTAN APRIMUNA', '1102124303', 2),
(355, 'SHIFA KHAIRUNNISA', '1102124304', 2),
(356, 'ANNISA FALIMANTIK', '1102124305', 2),
(357, 'MUH. LUTFHI AZZAM', '1102124306', 2),
(358, 'DESY AISYAH WULANDARI', '1102120063', 2),
(359, 'DESTINA SURYA DHAMAYANTI', '1102120064', 2),
(360, 'NICKY PUSPITASARI', '1102120065', 2),
(361, 'MARNI ANITA SULASTRI SIHITE', '1102120066', 2),
(362, 'TIO AUZAN HAWALI', '1102120067', 2),
(363, 'BELLADITA CRISHNATA HEMAGITHA', '1102120068', 2),
(364, 'MUHAMMAD RAMADHAN NURHAN BASRI', '1102120069', 2),
(365, 'MUHAMMAD RIDHO YUNIANTO', '1102120070', 2),
(366, 'ADE SULEMAN YUSUF', '1102120071', 2),
(367, 'NISA NOVIANI SUDARMAN', '1102120175', 2),
(368, 'RIZKI ANGGRIAWAN', '1102120176', 2),
(369, 'EKO FAIQURRIDHO', '1102120178', 2),
(370, 'RIZQON UMI NADHRA', '1102120179', 2),
(371, 'SUCI RAMADHANI', '1102120180', 2),
(372, 'QORRIZA PUTRI WIDYANTI', '1102120181', 2),
(373, 'SHINTYA ASIH ANGELITA TAMPUBOLON', '1102120182', 2),
(374, 'MOHAMAD WALID ANSHAR ICHSAN SHAHIB', '1102120183', 2),
(375, 'CHAIRUN NISA', '1102120184', 2),
(376, 'NUR DINING PAWESTI', '1102120185', 2),
(377, 'ANDHYKA RIZKY MANEVA', '1102120186', 2),
(378, 'BEBY DWI APRILYA', '1102120187', 2),
(379, 'AYULIA FITRIANE SETIAWAN', '1102120188', 2),
(380, 'REFILIANA LESTARI', '1102120189', 2),
(381, 'BINTANG SRI PERDANA', '1102120190', 2),
(382, 'FADIAH SHABRINA WINARNO', '1102120191', 2),
(383, 'LEON HAFID EL RASYID', '1102120192', 2),
(384, 'BURHAN HENDRA HIMAWAN', '1102121269', 2),
(385, 'RAHMAH FADHILAH     ', '1102121284', 2),
(386, 'NOVIAN JUANG PRATAMA', '1102124309', 2),
(387, 'YASSER MUHAMMAD SYAIFUL', '1102124310', 2),
(388, 'MOHAMMAD ADIANSYAH HEIKAL', '1102124311', 2),
(389, 'MEILANA FATHARANY', '1102124312', 2),
(390, 'MIFTAKHUL HUDA ERIK PERMADI', '1102120073', 2),
(391, 'QOLLI KUSUMA', '1102120074', 2),
(392, 'DAVID SIMANGUNSONG', '1102120075', 2),
(393, 'DRAVIAN FAKHRI GUNAWAN', '1102120076', 2),
(394, 'AURINGGA NOVINDRA', '1102120077', 2),
(395, 'FA''IDH FADHILAH EDRIAN', '1102120079', 2),
(396, 'DIMAS NUGROHO', '1102120081', 2),
(397, 'FAUZI RAMADHIAN', '1102120082', 2),
(398, 'ADAM NAUFALDY', '1102120084', 2),
(399, 'MUHAMMAD ABDAL', '1102120085', 2),
(400, 'MUHAMMAD HASBI', '1102120086', 2),
(401, 'YUSSIWI PURWITASARI', '1102120087', 2),
(402, 'FERDIAN RAMADHAN PRATAMA', '1102120088', 2),
(403, 'MUHAMMAD HERFANDA YUSRON ASROFIE', '1102120193', 2),
(404, 'ASTARI FITRIA PUSPITA DEWI', '1102120194', 2),
(405, 'DHANI BACHTIAR', '1102120195', 2),
(406, 'IRFAN FAHRIDHZAL', '1102120198', 2),
(407, 'LANANG ARIFIANTO', '1102120199', 2),
(408, 'MUBARAK', '1102120201', 2),
(409, 'ETIKA AYU LESTARI', '1102120202', 2),
(410, 'MAWADAH DEWI APRIYANI', '1102120203', 2),
(411, 'TUNTAS WIBISONO', '1102120204', 2),
(412, 'RIZAL AZMI DJATNIKA', '1102120205', 2),
(413, 'VARIESTA PUTRA WIBISANA', '1102121270', 2),
(414, 'ALFATTAH AZIS', '1102121285', 2),
(415, 'ALFI RAMDHANI PUTRAKORANTO', '1102124313', 2),
(416, 'LUQMAN MAKARIM', '1102124314', 2),
(417, 'MAYA ANESTASIA', '1102124315', 2),
(418, 'MOHAMAD SUBKHI PRIONO', '1102120092', 2),
(419, 'TIAS ADIWIJAYA', '1102120093', 2),
(420, 'LATHVIA ARDHANA', '1102120095', 2),
(421, 'PRIYANGGA ARYA SADEWA', '1102120097', 2),
(422, 'RADEN MUHAMAD MARJAN FAISAL', '1102120098', 2),
(423, 'IFRAH FUADY', '1102120099', 2),
(424, 'ARBIDINATA SETIAWAN', '1102120100', 2),
(425, 'SYAFAATUL UDHMA NUGRAHA', '1102120101', 2),
(426, 'INTAN WIDIYANTI', '1102120102', 2),
(427, 'NURTYO WIDYA KURNIAWAN', '1102120103', 2),
(428, 'RAHMAT RAMADHANI BAYU', '1102120104', 2),
(429, 'SEREPINA APRILLIANI PURWANINGSIH NAIBAHO', '1102120105', 2),
(430, 'PRASETYO MULYO HARTONO', '1102120206', 2),
(431, 'JAUHARI HABIBIE', '1102120209', 2),
(432, 'MUHAMMAD HAMDAN', '1102120210', 2),
(433, 'ALDO THEOFILUS SUHERMAN', '1102120211', 2),
(434, 'SEPTIA RIZKI ASTI MAULIDA', '1102120212', 2),
(435, 'RINDY APRILINA GITA PRASTYANTI', '1102120213', 2),
(436, 'MUHAMMAD WIRA MAULANA', '1102120214', 2),
(437, 'RIFA RIZKA ANISAH', '1102120217', 2),
(438, 'WISNU PRAKOSO', '1102120218', 2),
(439, 'RAHMATYA DWI ARINI RAHADINA', '1102120219', 2),
(440, 'MUHAMMAD HABIBURROHMAN', '1102120220', 2),
(441, 'MUHAMMAD MUHAIMIN', '1102121277', 2),
(442, 'IRFHAN PERDANA WALI', '1102124317', 2),
(443, 'VALINOUSKI AULIA', '1102120106', 2),
(444, 'TONY IQBAL RAHMADIKA', '1102120108', 2),
(445, 'PRAFAJAR SUKSESANNO MUTTAQIN', '1102120111', 2),
(446, 'DAMANHURI NURUL HUDA', '1102120113', 2),
(447, 'ALAN TRI WIJAYA', '1102120114', 2),
(448, 'DODIK PRADANA', '1102120116', 2),
(449, 'DANIEL TAMBUNAN', '1102120117', 2),
(450, 'NIA NOVITASARI', '1102120118', 2),
(451, 'YOVI MERDALINA', '1102120119', 2),
(452, 'ZULFA NAJAH AMATILLAH', '1102120223', 2),
(453, 'AHMAD ALI', '1102120224', 2),
(454, 'ROBY APRINALDO', '1102120225', 2),
(455, 'NATHANIEL ARDY PERDANA', '1102120227', 2),
(456, 'RIKA RACHMAWATI PUTRI', '1102120228', 2),
(457, 'GILANG AKBAR RIYADI', '1102120229', 2),
(458, 'MUHAMMAD TAMAMI DWI SAPUTRA', '1102120231', 2),
(459, 'MUHAMAD ZAMZAM ANSHORI', '1102120233', 2),
(460, 'DEVI TRISNAWATI', '1102120234', 2),
(461, 'NUR ATIKAH', '1102120237', 2),
(462, 'BAGJA BINTANG PAMUNGKAS', '1102120238', 2),
(463, 'ROBERTUS CANDRA PUTRA', '1102120239', 2),
(464, 'ZULFI ATIKA DEWI', '1102120240', 2),
(465, 'ATIK RACHMAWATI AZIEZAH', '1102120241', 2),
(466, 'ILHAM MAULANA HAKIM', '1102120242', 2),
(467, 'ADIGUNA PUTRA PANGESTU', '1102121281', 2),
(468, 'IRFAN FERDYANSAH    ', '1102121287', 2),
(469, 'ANASTA BAYE ADHI SADHANA PRANAWIYANA', '1102124318', 2),
(470, 'LUKFI HAFIZH', '1102124319', 2),
(471, 'ISRAMIHATUL JUSDIRATIL HADI', '1102124320', 2),
(472, 'DINI NURAISYAH', '1102124321', 2),
(473, 'YUSUF BADARY SIDIQ', '1102120120', 2),
(474, 'ANANDA KUSUMO AJI', '1102120121', 2),
(475, 'FACHMI AGUNG CALISTA', '1102120122', 2),
(476, 'WILDAN RASYID ABDAT', '1102120123', 2),
(477, 'M. RIFKY VIDIARTA', '1102120124', 2),
(478, 'ALBERT ELMADAM GINTING', '1102120126', 2),
(479, 'REBECCA TIUR', '1102120127', 2),
(480, 'ASYIFA FADHILA RIZKI', '1102120128', 2),
(481, 'RAVINSKA CHANDRA RASYIDI', '1102120129', 2),
(482, 'MUHAMMAD ZUHDI AIMAN ANKA', '1102120130', 2),
(483, 'ACHMAD DWIKI RAMADHAN', '1102120131', 2),
(484, 'DINI INTANI', '1102120132', 2),
(485, 'DESTY PUTRI ANDRYANI', '1102120133', 2),
(486, 'VITO ABISENA', '1102120135', 2),
(487, 'RONALD RIVALDO BANGUN', '1102120136', 2),
(488, 'INSANI AZMI', '1102120244', 2),
(489, 'ANDI HIDAYAT', '1102120245', 2),
(490, 'DIAN HITADARI', '1102120246', 2),
(491, 'AHMAD SATYA WICAKSANA', '1102120249', 2),
(492, 'CITRA ANDRIYADI', '1102120250', 2),
(493, 'HIZGION DOFESTO ALSIMANJUNTAK', '1102120251', 2),
(494, 'RIZKI FATHONI AKBAR', '1102120252', 2),
(495, 'SHABRINA ZATALINI K', '1102120253', 2),
(496, 'ANINDHITO BAYU SANJAYA', '1102120254', 2),
(497, 'VANIA UTAMI', '1102120255', 2),
(498, 'IMMANUEL VAN LEWIK MANURUNG', '1102120256', 2),
(499, 'TRIESNA PUTRI PAMUNGKAS', '1102120258', 2),
(500, 'ADITYA M NUGRAHA', '1102120259', 2),
(501, 'NUR RAHMI AFRA', '1102120260', 2),
(502, 'KARTIKASARI         ', '1102121290', 2),
(503, 'GAMMA HABIE AZZAKY', '1102124302', 2),
(504, 'MUCHAMAD AGIL AMBARDI', '1102124322', 2),
(505, 'EVAN SURYATYASTO SUJATMAN', '1102124323', 2),
(506, 'MUTIA CINTYA RAHMI', '1102120019', 2),
(507, 'NUR INTAN DHEWANTY MAYANGSARI', '1102120035', 2),
(508, 'DITHA YUSFIANA MARYANI', '1102120062', 2),
(509, 'DIAN FATIMAH PUTRI', '1102120072', 2),
(510, 'EMERAL SAKINAH', '1102120083', 2),
(511, 'EVI MARCHELINA', '1102120096', 2),
(512, 'PUSPITA KARTIKA WILIS', '1102120112', 2),
(513, 'GIFTA OKTAVIA FAJRIYANTI', '1102120115', 2),
(514, 'DINAR IMANSARI', '1102120151', 2),
(515, 'NENDEN WIDHA SORAYA', '1102120157', 2),
(516, 'NUR SHIYAAM', '1102120158', 2),
(517, 'PRIMA ANNISA KARUNIA', '1102120196', 2),
(518, 'ADITYA DWI NUGROHO', '1102120197', 2),
(519, 'INTAN GEOVANI', '1102120221', 2),
(520, 'BURHANUDDIN YAMANI', '1102120236', 2),
(521, 'FAKHMI ADI RASYIDIN', '1102120243', 2),
(522, 'FATHIA RAHMA KAMILA', '1102121268', 2),
(523, 'MICHAEL WHIZO MAYTO', '1102121272', 2),
(524, 'SAKYA NABILA HAPSARI', '1102121273', 2),
(525, 'OKTAVIAN LINTIN', '1102121276', 2),
(526, 'FIRDA RAMADHENA', '1102121278', 2),
(527, 'IRVINA NUR HEGWISI WANANKA TASTI', '1102121279', 2),
(528, 'MUHAMMAD LUTHFIL H.S', '1102121280', 2),
(529, 'HARIADI PURNOMO', '1102121282', 2),
(530, 'DEWA AYU JESSICA PUTRI', '1102121283', 2),
(531, 'AIM ABDURROHIM  ', '1102121286', 2),
(532, 'INDAH KURNIAWATI    ', '1102121288', 2),
(533, 'NUR ENDAH LIZARIFIN ', '1102121289', 2),
(534, 'BERNANDA TRICAHYO M', '1102124301', 2),
(535, 'NABILATUSHALIHAH RAHANDARI HERUPUTRI', '1102124307', 2),
(537, 'GALIH PRATAMA', '1102100125', 2),
(539, 'MOHAMMAD WAHYUDI PUTRA', '1102120094', 2),
(540, 'M DIAZ ILYASA HERNAWAN', '1102121275', 2),
(542, 'MUHAMMAD HAFIDZ HIKMATURRAHMAN', '1102120247', 2),
(543, 'RATIH IBA GUSTIN', '1102130001', 2),
(544, 'RAFI AHMAD RAZZAK', '1102130002', 2),
(545, 'ARVELIANTO MUHAMMAD TAQWATAMA', '1102130003', 2),
(546, 'RIO AVICENNA SYAMIL', '1102130005', 2),
(547, 'THERESIA ESTINING ASTUTI SULISTYOWATI', '1102130006', 2),
(548, 'NADYA MAHARANI', '1102130007', 2),
(549, 'FITRI NORMA WULANDARI', '1102130008', 2),
(550, 'WINDA HARIANI BR MUNTHE', '1102130009', 2),
(551, 'MUHAMMAD RAFI RUPIANTORO', '1102130010', 2),
(552, 'DANI AJI PRATAMA', '1102130011', 2),
(553, 'MUHAMMAD RAMANA RIMBAWAN', '1102130012', 2),
(554, 'MUHAMMAD MUFLIH ANUGRAH', '1102130013', 2),
(555, 'WIMBAJAYA HAMUKTI', '1102130014', 2),
(556, 'ELVA DWI HIDAYATI', '1102130015', 2),
(557, 'MUHAMMAD DARY FAUZAN', '1102130017', 2),
(558, 'SHERLI', '1102130018', 2),
(559, 'MUHAMMAD RIDWAN TRIANTORO', '1102130019', 2),
(560, 'WINTA PINGKAN', '1102130020', 2),
(561, 'NAUFAL RAHMAD NUR', '1102130021', 2),
(562, 'PUTRI INDAH SRIWIJAYANTI', '1102130022', 2),
(563, 'JULIAN RAHMAN', '1102130023', 2),
(564, 'TIKA PURNAMA SARI', '1102130024', 2),
(565, 'REVY DESFRIANSYAH', '1102130025', 2),
(566, 'SYIFAA CHOERUNISA SUSWANTO', '1102130026', 2),
(567, 'FAKHRIZA ZULFIKAR', '1102130027', 2),
(568, 'BIMA PRAYOGI', '1102130028', 2),
(569, 'NI PUTU LINDYA YULI WASTITI', '1102130029', 2),
(570, 'MADE SHANTI SARASHVATI', '1102130030', 2),
(571, 'AKBAR BIMA NUGRAHANTO', '1102130031', 2),
(572, 'WILDAN SYAUQI AKBAR', '1102130032', 2),
(573, 'GINNA FADILLAH AKBAR', '1102130033', 2),
(574, 'TRI IMAM WICAKSONO', '1102130035', 2),
(575, 'MUHAMMAD REZA PERMANA', '1102130037', 2),
(576, 'ALFIAN', '1102130038', 2),
(577, 'ARDI KELANA PUTRA', '1102130040', 2),
(578, 'KRISTIN NATALIA CAROLIN', '1102130041', 2),
(579, 'IKA PRAESITA', '1102130042', 2),
(580, 'TANJUNG NDARU KURNIA SANDI', '1102130043', 2),
(581, 'AINUN ULUM ERISTYANAWATI', '1102130046', 2),
(582, 'RATNA SAFITRI', '1102130047', 2),
(583, 'CUT RIMA ASYIFA', '1102130050', 2),
(584, 'ALMIRA FAWNIA', '1102130052', 2),
(585, 'DONNY VERRYRIANTO S', '1102130053', 2),
(586, 'SEPTI KURNIAWAN', '1102130054', 2),
(587, 'GABRIELLE BENITA SITOMPUL', '1102130055', 2),
(588, 'FACHRUL ROZI', '1102130056', 2),
(589, 'MUHAMMAD MIRSYAH', '1102130057', 2),
(590, 'M HILMY SYAHRUL RAMADHAN', '1102130058', 2),
(591, 'PUSPITA AYU LESTARI', '1102130059', 2),
(592, 'DENA APRIMA DIPUTRA', '1102130060', 2),
(593, 'MUTIA PERMATASARI', '1102130061', 2),
(594, 'NAUFAL MAHMUDI', '1102130062', 2),
(595, 'ABDUL MACHMUD WIBOWO', '1102130063', 2),
(596, 'AYUDIA PRILLIA', '1102130064', 2),
(597, 'MELLISA LASILKVIE SENNIVENA', '1102130065', 2),
(598, 'GIBRAN RAMADHAN', '1102130066', 2),
(599, 'MUHAMMAD BADRIYANSYAH', '1102130068', 2),
(600, 'ALDRID MOCHAMAD', '1102130070', 2),
(601, 'DWITOMO SANDHY PUTRA', '1102130071', 2),
(602, 'GUSTARHIVO MUHAMMED', '1102130072', 2),
(603, 'NADYA ARISKA PUTRI', '1102130073', 2),
(604, 'RATIH HERDIYAH', '1102130074', 2),
(605, 'CLARISA PRESTY PANGERAN', '1102130075', 2),
(606, 'SITA NURLAILLY', '1102130076', 2),
(607, 'MUHAMMAD FAUZAN', '1102130077', 2),
(608, 'MUHAMMAD ADITYA PUTRA', '1102130078', 2),
(609, 'BENEDICTA NERISSA ARVIANA SARASTUTI', '1102130079', 2),
(610, 'AULIA YUZA PUTRA', '1102130080', 2),
(611, 'SYIFA PRATIWI ARIANTI', '1102130081', 2),
(612, 'GHYNA NUR FAJRIANTI', '1102130082', 2),
(613, 'HARIZUL HAROMAEN AHMAD', '1102130083', 2),
(614, 'RAMA FERDIAN SURAKUSUMAH', '1102130084', 2),
(615, 'ANNISA PUSPA SARI', '1102130085', 2),
(616, 'MUHAMMAD BINTANG PALIGIE', '1102130086', 2),
(617, 'ARIF KHAIRUR RIZQIH', '1102130087', 2),
(618, 'TIRA SEFRIANA', '1102130089', 2),
(619, 'DESI NOVIANTI BR SEMBIRING', '1102130091', 2),
(620, 'AHMAD RUSDI ILHAM', '1102130092', 2),
(621, 'GASHA SARWONO PUTRA', '1102130093', 2),
(622, 'EKA RAHMADHANI FITRI', '1102130094', 2),
(623, 'SHAFA CHOIRUNNISA', '1102130095', 2),
(624, 'NURUL AFIFAH', '1102130096', 2),
(625, 'IMAN NURHIDAYAT', '1102130097', 2),
(626, 'MUHAMMAD TAUFAN WIDIARKO', '1102130098', 2),
(627, 'FITRA HANANTO', '1102130099', 2),
(628, 'ANGGUN KERTADELA PUSPITASARI', '1102130101', 2),
(629, 'VILLA MAHLIGAI SUYANA', '1102130102', 2),
(630, 'RONI KOMARUL HAYAT', '1102130103', 2),
(631, 'SATRIA REGI GUNTARA', '1102130104', 2),
(632, 'VITO PRADANA PUJADENTA', '1102130105', 2),
(633, 'REYHAN RHESADEWANA RAHMAD DENI', '1102130106', 2),
(634, 'RIPALDI FAISAL', '1102130107', 2),
(635, 'MUHAMMAD SATRIA BAYU LAKSONO', '1102130108', 2),
(636, 'GHIFARI PARAMA PUTRA', '1102130109', 2),
(637, 'RAFI'' RAIHAN PRIMADI', '1102130110', 2),
(638, 'AZAM FATHURAHMAN', '1102130111', 2),
(639, 'TITI MELINDA', '1102130112', 2),
(640, 'FARIZ NURRAHMAN', '1102130113', 2),
(641, 'BAYU WARDANA PUTRA', '1102130114', 2),
(642, 'RISKA SAFIRA PERMATASARI', '1102130115', 2),
(643, 'KIYENG PAMUNGKAS BONDO SAPOLO', '1102130116', 2),
(644, 'DININGTYAS ANISARAHMA', '1102130117', 2),
(645, 'SAMI AKHMAD FAUZAN', '1102130118', 2),
(646, 'NURFITRIANA SISWI MARTASARI', '1102130119', 2),
(647, 'MUHAMAD RAFIF ARRAHMAN', '1102130120', 2),
(648, 'MOHAMMAD IQBAL WIBISONO', '1102130121', 2),
(649, 'DEVI JULIETTA NAINGGOLAN', '1102130122', 2),
(650, 'ALFISKA REVA SUPENA', '1102130123', 2),
(651, 'RATIH LARASATI', '1102130124', 2),
(652, 'VINIA DELIA', '1102130125', 2),
(653, 'RAIHAN RAZAFUAD', '1102130126', 2),
(654, 'NAUFAL FAHRUDIN', '1102130127', 2),
(655, 'MUHAMAD ERFAN APRIYANTO', '1102130128', 2),
(656, 'ACHMAD RIZALDI UTOMO', '1102130129', 2),
(657, 'ANDHY PRAMADANA PRAWANSA', '1102130130', 2),
(658, 'INDRA RUKMANANDA HENDRAYANA', '1102130131', 2),
(659, 'SARAH NI''MA SHAFIRA', '1102130132', 2),
(660, 'MUHAMMAD SUNIAJI WIBISONO', '1102130133', 2),
(661, 'FACHRI FADLILLAH', '1102130134', 2),
(662, 'BENNY CHRISTIAN HUTABARAT', '1102130135', 2),
(663, 'IDHAM KHALID', '1102130136', 2),
(664, 'HADIYAN FATHUR RAHMAN', '1102130137', 2),
(665, 'M. GHOFAR ARROSID', '1102130138', 2),
(666, 'RAFKI ARDI', '1102130140', 2),
(667, 'MUHAMAD IHSAN FAUZI', '1102130141', 2),
(668, 'ZAHRAN BAGASANDA ALFANZURI', '1102130142', 2),
(669, 'MUHAMMAD ARYUN AZHARI', '1102130143', 2),
(670, 'WILLIAMARSHALL MALTA', '1102130144', 2),
(671, 'ADIEZ MANUALDI ARSONI', '1102130145', 2),
(672, 'MUHAMMAD GARDA SATRIA', '1102130146', 2),
(673, 'FEVIANA BETSI PURBA', '1102130149', 2),
(674, 'MOHAMMAD ERZA SYAHLEVI', '1102130150', 2),
(675, 'IRSALINA MAHARANI', '1102130151', 2),
(676, 'RENDI AKBAR', '1102130152', 2),
(677, 'ANDRE RAMADHAN', '1102130153', 2),
(678, 'RADIFAN AHMAD HASBI', '1102130154', 2),
(679, 'ZULFAN MAHBUBURRAHMAN', '1102130156', 2),
(680, 'RISKA ANGGREANI', '1102130157', 2),
(681, 'RIZQIN ADHA SIREGAR', '1102130160', 2),
(682, 'FIRDA MAWADDAH', '1102130161', 2),
(683, 'MUHAMAD ADHI GUNA DWYANTORO', '1102130162', 2),
(684, 'RIZKY RACHMA DHANTY', '1102130163', 2),
(685, 'GAYU FALAH', '1102130164', 2),
(686, 'IKBAL YUDISTIRA MARSAL', '1102130165', 2),
(687, 'R. FAUZI NOVIANDA', '1102130166', 2),
(688, 'MISBAH MY RAHMAT', '1102130167', 2),
(689, 'FAHMI OKTARIANA', '1102130168', 2),
(690, 'KUNTARI PUSPA SARI', '1102130169', 2),
(691, 'IHSAN MAHDI WIRAGUNANTO', '1102130170', 2),
(692, 'TIA ZAHARI', '1102130171', 2),
(693, 'AMRINA ROSYADA', '1102130173', 2),
(694, 'NISHA ONENG ISTIFANI', '1102130174', 2),
(695, 'DIETA DRIANTAMA JAELANI', '1102130175', 2),
(696, 'FIRZA AHMAD SETIYANSYAH', '1102130176', 2),
(697, 'DICKY ABRIAN SETIYANTO', '1102130177', 2),
(698, 'AIDA MAHDYANA', '1102130178', 2),
(699, 'ALBERTUS THIO KURNIANTO', '1102130179', 2),
(700, 'ANUGRAH NURHAMID', '1102130180', 2),
(701, 'SITI MUTIA NAZILAH', '1102130181', 2),
(702, 'ARRAZZAQ BARDO BATAVIO', '1102130182', 2),
(703, 'FITRIANA RACHMAWATI', '1102130183', 2),
(704, 'YUSRINA NURIDZNI', '1102130184', 2),
(705, 'HARIS MAHFUD', '1102130185', 2),
(706, 'YUDYA AMALIA LADYBA', '1102130186', 2),
(707, 'DENIAR YUDITHAMA', '1102130188', 2),
(708, 'FARIS FATHURAHMAN', '1102130189', 2),
(709, 'MOCHAMMAD FATHI RIDHO', '1102130190', 2),
(710, 'ARINI ULFARAHMAH', '1102130191', 2),
(711, 'PUTU ARIDHARMA PRATAMA', '1102130192', 2),
(712, 'PUTERI MELY PERMATASARI', '1102130193', 2),
(713, 'FADHIL ZULFIKAR', '1102130197', 2),
(714, 'YUDHO BONAR GUNARTO', '1102130198', 2),
(715, 'ILHAM HADYAN', '1102130201', 2),
(716, 'NADIA ULFA', '1102130202', 2),
(717, 'ADI PUTRO', '1102130203', 2),
(718, 'RADEA KARTIKA PUTRI', '1102130204', 2),
(719, 'FITRI ISMIRA PANE', '1102130205', 2),
(720, 'AGNAR MOKHAMMAD', '1102130207', 2),
(721, 'BASTIAN GINORANN', '1102130208', 2),
(722, 'DIPTA RAGA PRATAMA', '1102130209', 2),
(723, 'ANAK AGUNG NGURAH NANDA UTAMA PUTRA', '1102130210', 2),
(724, 'WIRA MAJID PAMBUDI', '1102130211', 2),
(725, 'HENDY KURNIA', '1102130212', 2),
(726, 'ALDHI JULIYATNA', '1102130213', 2),
(727, 'ALI REZA', '1102130214', 2),
(728, 'MOHAMMAD REZA KEMAL FIKRY', '1102130215', 2),
(729, 'ILHAM NUR HAKIM', '1102130216', 2),
(730, 'SALMA FAUZIA', '1102130217', 2),
(731, 'ROBERTA NIDIA RISANDHA PUTRI', '1102130218', 2),
(732, 'VANITA ZAHRA ZAHIRAH', '1102130219', 2),
(733, 'FEDICO RICHARD ELDITYA', '1102130220', 2),
(734, 'ANNISA AZMI', '1102130221', 2),
(735, 'CHAIRUL HAZMI', '1102130222', 2),
(736, 'ALDI FRADIZKA PRATAMA', '1102130223', 2),
(737, 'MUHAMMAD ESHA FAJAR KURNIA', '1102130224', 2),
(738, 'FINA MUTHIA SOHIBAH', '1102130225', 2),
(739, 'ICHSAN AULIA', '1102130226', 2),
(740, 'MUHAMMAD FAUZAN ADIPUTRA', '1102130227', 2),
(741, 'ANGGI YUDANTO', '1102130228', 2),
(742, 'MUHAMMAD IRFAN KUSUMA', '1102130229', 2),
(743, 'ARISTYO MAYONG ARJANGGI', '1102130230', 2),
(744, 'IRFAN WIDYANTO', '1102130231', 2),
(745, 'MUHAMMAD HUSNI TAMRIN', '1102130233', 2),
(746, 'RIZKI WICAKSONO PARASTO', '1102130234', 2),
(747, 'ENDAH DWI FEBRIANY', '1102130235', 2),
(748, 'RAHMAT NUR HUDA', '1102130236', 2),
(749, 'ILHAM MEIRIZA', '1102130237', 2),
(750, 'JHOSLI SIAGIAN', '1102130238', 2),
(751, 'WANDA SUCI UTAMI', '1102130239', 2),
(752, 'AHMAD DWIKO FARISKI', '1102130241', 2),
(753, 'RIFKY FERNANDA', '1102130242', 2),
(754, 'IRHAM FAKHRIY', '1102130243', 2),
(755, 'YAZID', '1102130244', 2),
(756, 'MUHAMMAD RIZQI FAJRI', '1102130245', 2),
(757, 'DEBORA', '1102130246', 2),
(758, 'REGA KUSUMA PUTRA', '1102130247', 2),
(759, 'KHARIN IMANULLAH KHALQIHI', '1102130248', 2),
(760, 'MUHAMMAD ANDAR RAHMAN', '1102130249', 2),
(761, 'RISNA KARIANITA PRATIWI', '1102130251', 2),
(762, 'MAULANA BINTANG SANJAYA', '1102130252', 2),
(763, 'NAUFAL AL HADID', '1102130253', 2),
(764, 'SONNY HARI WIJAYA', '1102130254', 2),
(765, 'FAUZAN HAEQAL ARIFIN', '1102130255', 2),
(766, 'KENZI MARUF IBRAHIM', '1102130256', 2),
(767, 'INDRI ALVI KUSUMADARMA', '1102130257', 2),
(768, 'LUDFENIA RAHMADHINI', '1102130258', 2),
(769, 'M. YAZID DHIYAULHAQ', '1102130259', 2),
(770, 'ANDIKA CRISHNA PRAMOEDYA', '1102131261', 2),
(771, 'RISKY RAHMALIA AISYAH', '1102131262', 2),
(772, 'MUHAMMAD TAUFIQ NURRAHMAN', '1102131263', 2),
(773, 'INA MELIA', '1102131264', 2),
(774, 'FACHRI HUSAINI', '1102131265', 2),
(775, 'MUHAMMAD MIFTAHUL ULUM', '1102131267', 2),
(776, 'JUWITA DARMAYANTI', '1102132034', 2),
(777, 'IREYNA NISSA OCTAVIANY', '1102132048', 2),
(778, 'TRY FITRA SARI', '1102132147', 2),
(779, 'SHIELA AZMY', '1102132158', 2),
(780, 'SALLY YULIA SURYA CHAMDI', '1102132159', 2),
(781, 'RAHMA ULIMANDA YULINASARI', '1102132196', 2),
(782, 'FATWA ANGGAYANA BASANTA', '1102132199', 2),
(783, 'LUQMAN ABDUL HAKIM', '1102134268', 2),
(784, 'MIKAIL MAARIF LUBIS', '1102134269', 2),
(785, 'MOHAMMAD SOFA FIRMANSYAH', '1102134270', 2),
(786, 'AHMAD FAUZAN ABDURRAHMAN', '1102134272', 2),
(787, 'DIVA NACITA PUTRI', '1102134273', 2),
(788, 'RIZKY ALIF PRATAMA', '1102134274', 2),
(789, 'RAHMAH SHABRINA', '1102134276', 2),
(790, 'SYAIF MUHAMI SHIDIQ', '1102134277', 2),
(791, 'INDA PUTRI HENI', '1102134279', 2),
(792, 'YULIAN MUTIARA', '1102134280', 2),
(793, 'RUSLAN MOHAMMAD KAFI', '1102134281', 2),
(794, 'FIKRIANTO WIBOWO', '1102134282', 2),
(795, 'FALDY RAHMAN AVIVI NURJAMAN', '1102134283', 2),
(796, 'ABRAHAM PRAKOSO WICAKSONO', '1102134284', 2),
(797, 'MUHAMMAD AZIZ SALAMUDDIN', '1102134285', 2),
(798, 'OZKI SEPTARIADI', '1102134286', 2),
(799, 'FATHIN FARCYANA SAFITRI', '1102134287', 2),
(800, 'MUHAMMAD FAISHAL FARRAS', '1102134288', 2),
(801, 'LUKAS LAKSAMANA TRINANTO UTOMO', '1102134289', 2),
(802, 'RIFDAH LUTFIYAH', '1102134290', 2),
(803, 'HARRY SETIAWAN PURBA', '1102134291', 2),
(804, 'BACHTIAR ALI MAHADI', '1102134293', 2),
(805, 'PUTRI DWI APRILIA', '1102134294', 2),
(806, 'FADHILA IHSANI', '1102134295', 2),
(807, 'RIZKAN ISKANDAR WIGENA', '1102134296', 2),
(808, 'RAHMA SABRINA LATIFANI', '1102134297', 2),
(809, 'RIZQI CAHYA ARDHIANSYAH', '1102134298', 2),
(810, 'MUHAMMAD TRAVIS JORDAN HARAHAP', '1102134299', 2),
(811, 'WILDAN PRATAMA', '1102134300', 2),
(812, 'SHINTA OKTRIVIANI HIDAYAT', '1102134301', 2),
(813, 'AKBAR PERWIRA WIBOWO', '1102134302', 2),
(814, 'LEONARDO FREDY PUTRA', '1102134303', 2),
(815, 'GILANG FATHIN CEGA', '1102134304', 2),
(816, 'QONITAH ZAHIDAH', '1102134305', 2),
(817, 'MUHAMMAD NAUFAL AMANULLAH', '1102134306', 2),
(818, 'LARASATI MARTANINGTYAS UTAMI', '1102134307', 2),
(819, 'DIRGA AKBAR SUMARDI', '1102134308', 2),
(820, 'SHADIKA', '1102134309', 2),
(821, 'IBNU SYIHAB', '1102134311', 2),
(822, 'TRI AGUNG RAHMAT PUTRA', '1102134312', 2),
(823, 'BAYU SATRIA YUDHA', '1102134313', 2),
(824, 'MUHAMMAD TAUFIK HASIBUAN', '1102134314', 2),
(825, 'TERRIN ELISKA', '1102134315', 2),
(826, 'PUTRIA DHIAKANZA PURWINTO', '1102134316', 2),
(827, 'MUHAMMAD ILHAM MAULANA', '1102134317', 2),
(828, 'RIZKI ANANDA NUR AMALIA', '1102134318', 2),
(829, 'I GUSTI KOMANG GEDE RADITYA PARAMARTA', '1102134319', 2),
(830, 'FEBRIANSYAH ADITYA SAPUTRA', '1102134320', 2),
(831, 'GHEA OKTA AUDINA', '1102134321', 2),
(832, 'DINI AMALIA', '1102134322', 2),
(833, 'SAYYIDINA GANESHA HENINGPUTRI', '1102134323', 2),
(834, 'MUHAMMAD ADITYA ABU BAKAR', '1102134324', 2),
(835, 'SOFI FAUZIAH', '1102134325', 2),
(836, 'AGUNG GHUFRAN PRAMASATYA', '1102134327', 2),
(837, 'HAGIE PRADIVIO', '1102134328', 2),
(838, 'FANNY AFRIANI PUTRI', '1102134329', 2),
(839, 'SYAEFUL MUJAB', '1102134330', 2),
(840, 'WIBOWO SURYO TIYARTO', '1102134331', 2),
(841, 'PRAPANCA HARYO WIJAYA', '1102134332', 2),
(842, 'CAROLYN FATIMAH', '1102134333', 2),
(843, 'MUHAMMAD NUR ZAMZAM', '1102134334', 2),
(844, 'MUHAMMAD BOLKIAH MUTTAQIN', '1102134336', 2),
(845, 'SANCITA UTAMI RUPAKASARI', '1102134337', 2),
(846, 'SINDHANI RAHMALIA SUDONO', '1102134339', 2),
(847, 'NI KADEK CAHYA WAHYUNI', '1102134340', 2),
(848, 'EZZA DJALU PRATAMA', '1102134341', 2),
(849, 'GONDO WIBOWO', '1102134342', 2),
(850, 'KEMALTAZA PUTRA', '1102134343', 2),
(851, 'RIDHWAN FAKHRI ROMADHAN', '1102134344', 2),
(852, 'WIWIT FATIMAH RAHMAWATI', '1102134345', 2),
(853, 'I GEDE MADE RAMA ARSHARINDRA', '1102134346', 2),
(854, 'ANNISA AMALIA ANANDA', '1102134347', 2),
(855, 'BONY SANTIKA', '1102134348', 2),
(856, 'RISAL RAYADI', '1102134349', 2),
(857, 'RIESTI RACHMAH DHANI', '1102134350', 2),
(858, 'CIPTANINGRUM LUTHFI NUR AFUAH', '1102134351', 2),
(859, 'PRISKA YUNITA HESMONO', '1102134352', 2),
(860, 'SITI HANIPAH', '1102134353', 2),
(861, 'ISTIANA HIDAYATUS SOLIKHAH', '1102134354', 2),
(862, 'DHIANA PRATIWI', '1102134355', 2),
(863, 'ZANUAR GALANG BEWANA', '1102134356', 2),
(864, 'MUHAMMAD RISKI', '1102134357', 2),
(865, 'TANTRI FEBIARA PUTRI', '1102134358', 2),
(866, 'MARINI SUSANTY ISA', '1102134359', 2),
(867, 'DIPO JAYA SETIA', '1102134360', 2),
(868, 'RESTI DEVIANA PUTRI', '1102134361', 2),
(869, 'YONI HERIAWAN SINAMBELA', '1102134362', 2),
(870, 'AHMAD FAISAL SATRYANA', '1102134363', 2),
(871, 'FEBIAN HAZMI RICHFAN SYAHRIL', '1102134364', 2),
(872, 'ARGHA SATYA JATMIKA', '1102134365', 2),
(873, 'OCTAVIA RATNA DEWI', '1102134366', 2),
(874, 'DHAIFANSYAH CAESARRAMZY', '1102134367', 2),
(875, 'INTAN PUTRI HARTONO', '1102134370', 2),
(876, 'FISYAIFUL AMIR', '1102134371', 2),
(877, 'ANGGI LESMANA', '1102134372', 2),
(878, 'AFINA HARDYANTI', '1102134373', 2),
(879, 'RIZQUNNISA GIWANTI', '1102134374', 2),
(880, 'ALAN MUHAMMAD RUSDI', '1102134375', 2),
(881, 'MUHAMMAD ICHSAN HERMAWAN', '1102134376', 2),
(882, 'ARSMARINDA ILUJISEMA', '1102134377', 2),
(883, 'GORBY SANDRIA', '1102134378', 2),
(884, 'AYU INDRIANI', '1102134379', 2),
(885, 'PRAMAYTHESSA WIJAYA', '1102134380', 2),
(886, 'MUHAMMAD RIZKY FAUZI', '1102134381', 2),
(887, 'ANGGIE PRAHAS PUTRI', '1102134382', 2),
(888, 'ADITYA RADIFAN', '1102134383', 2),
(889, 'BELLIA CITRA RAHMADHANI', '1102134384', 2),
(890, 'WAHYU SRI HANDAYANI', '1102134386', 2),
(891, 'AMELIA PUSPA RENGGANIS', '1102134387', 2),
(892, 'RADEN FAZRIN NURILHAM PUTRA', '1102134388', 2),
(893, 'HANUN NURTY ARAFAH', '1102134389', 2),
(894, 'ARIEF JUNIARTO PURNAMA', '1102134390', 2),
(895, 'ARTUR DERY KARO-KARO', '1102134391', 2),
(896, 'ANNA ANNIDA NOVIYANTI', '1102134392', 2),
(897, 'PUSPITA MARSYA TAMARA', '1102134393', 2),
(898, 'ANGGUN APRILIA SARI', '1102134394', 2),
(899, 'ARNUR HANIFA', '1102134397', 2),
(900, 'INDRA HARI MUKTI', '1102134398', 2),
(901, 'MUHAMMAD HAIKAL', '1102134399', 2),
(902, 'CHRISTINE MELVA', '1102134400', 2),
(903, 'FARAH INNA ANNISA', '1102134401', 2),
(904, 'I GUSTI AYU CINTYA MAHAYANTI', '1102134402', 2),
(905, 'M. AWANDA YUDHANEGARA', '1102134403', 2),
(906, 'RYAN RAMA HIDAYAT', '1102134404', 2),
(907, 'BELLA PRAVIYANTI', '1102134405', 2),
(908, 'FIRDAUS ARIDHO WIRAWAN', '1102134406', 2),
(909, 'DAIFIL MARDA TISA', '1102134407', 2),
(910, 'RIFA HAYATUNNUFUS', '1102134408', 2),
(911, 'RIZKA ALIFIANI SOENREDI', '1102134409', 2),
(912, 'SEKAR AYU SAVITRI', '1102134410', 2),
(913, 'RIVALDY ANNAS', '1102134412', 2),
(914, 'CUT VADEA AQILA', '1102134413', 2),
(915, 'ONY AZWIDA SARI', '1102134414', 2),
(916, 'MUHAMMAD AS''AD DHIAULHAQ', '1102134415', 2),
(917, 'ROLLY CLAUDIA ROITO SIMANJUNTAK', '1102134416', 2),
(918, 'MIRA EKA ANNISA', '1102134417', 2),
(919, 'RIZAL SOLIHIN', '1102134418', 2),
(920, 'HARDIYANTI ILMI AULIA', '1102134419', 2),
(921, 'NURUL RIZKI PRATIWI', '1102134420', 2),
(922, 'MUHANDIS BAYU ADJIE', '1102134421', 2),
(923, 'NAUFAL ZUHDI', '1102134422', 2),
(924, 'RAEN OKTAVIANI BR.SEMBIRING', '1102134424', 2),
(925, 'GIOVANNI ANDRE BRAHMANTYO', '1102134425', 2),
(926, 'MUHAMMAD ARIF WICAKSONO', '1102134426', 2),
(927, 'ADI TRI JULIANSYAH', '1102134427', 2),
(928, 'MUHAMMAD ARDHAN SATRYA GUNA', '1102134428', 2),
(929, 'REIZVA TRAHAZURA RIDHALLAH', '1102134430', 2),
(930, 'GEDE DIPA BAYU BRATHA', '1102120001', 2),
(931, 'ARDIAN FAUZI TRI PAMUNGKAS', '1102134292', 2),
(932, 'ARDIAN FATKHUR TRI PAMBUDI', '1102134310', 2),
(933, 'M KRESNA ADIGUNA', '1102134278', 2),
(935, 'AGNEFLIANDREW PONGSAPAN', '1102100005', 1),
(936, 'ZOLA PERMATA SARI', '1102100033', 1),
(937, 'CINDY MALINDA USCHA', '1102114285', 2),
(938, 'LULU KURNIA AGUSTIN', '1102120036', 2),
(939, 'QISTHI MAHRAN HARAHAP', '1102120037', 2),
(941, 'ALVIN FIRDAUS PRIBADI', '1102120140', 2),
(943, 'CLARISA PRESTY PANGERAN', '1102130075', 2),
(946, 'CUT VADEA AQILA', '1102134413', 2),
(947, 'NURUL RIZKI PRATIWI', '1102134420', 2),
(948, 'ADINDA FARHANA', '1102140001', 2),
(949, 'FAJRIA AMALA', '1102140002', 2),
(950, 'HARDIYANTO KUSUPRIADI', '1102140005', 2),
(951, 'GEOFANI ANDREYANA BADRUN', '1102140007', 2),
(952, 'REZA PRASETYA UTAMA', '1102140012', 2),
(953, 'MUHAMMAD ARIF IZZUDIN', '1102140013', 2),
(954, 'ILHAM FIRMANSYAH', '1102140015', 2),
(955, 'FARIZAN NUR SHABRINA', '1102140016', 2),
(956, 'MUHAMMAD FARIS SOLIHIN', '1102140017', 2),
(957, 'NOVAN SAPUTRA', '1201140018', 2),
(958, 'FARHAN NAUFAL PRAYOGA', '1102140019', 2),
(959, 'CANDRASAPTA PRA WIJAYA', '1102140020', 2),
(960, 'IKHAN NANDA RAMADHAN', '1102140025', 2),
(961, 'MUHAMAD GALIH RAKA P.', '1102140027', 2),
(962, 'FIDIDIO AGOENG PAMBOEDI', '1102140029', 2),
(963, 'ZUHAIR ALMAN ADAM', '1102140030', 2),
(964, 'DEDEN DARMAWAN SYAHRI', '1102140031', 2),
(965, 'MUHAMMAD FIKRI ZAKKI', '1201140033', 2),
(966, 'ADI RIYANTO', '1102140035', 2),
(967, 'FATIMAH MARWAHUTAMI', '1102140042', 2),
(969, 'MOCHAMMAD GERRY PRAMUNGKAS', '1102140049', 2),
(970, 'ANDRA RIZKITA', '1102140055', 2),
(971, 'MUHAMMAD IRWAN', '1102140057', 2),
(972, 'OLVITA KIRANA SYIFARANI', '1102140058', 2),
(973, 'AGUNG WICAKSONO', '1102140063', 2),
(974, 'BAGJA SATIA RAHARJA', '1102140069', 2),
(975, 'JULIAN HARYO', '1102140070', 2),
(976, 'JUAN ANDREAS PRATAMA', '1102140071', 2),
(977, 'LUQMAN ARREZHA FAIZ', '1102140075', 2),
(978, 'ALDRIZA FARIQ', '1102140077', 2),
(979, 'FAKHRY NUGROHO', '1102140079', 2),
(980, 'LUTHFI RAMADITYA', '1102140081', 2),
(981, 'DWI MEISWARA', '1102140085', 2),
(982, 'WAHYU MARUSAHA', '1102140087', 2),
(983, 'NEBILA OKA ARIANE', '1102140090', 2),
(984, 'KUN RINALDI PRAMANA', '1102140095', 2),
(985, 'INDAH RAHMI PUTRI', '1102140096', 2),
(986, 'AHMAD DHIYA ULHAQ', '1102140099', 2),
(987, 'KHALIF ABDUL AZIZ', '1102140101', 2),
(988, 'RIZKY ALIF OKTAVIANI', '1102140102', 2),
(989, 'GREGORIUS KEVIN ADINUGROHO', '1102140108', 2),
(990, 'KOMANG SWARI PRATIWI', '1102140110', 2),
(991, 'HARIO ARDI N', '1102140113', 2),
(992, 'DHEA NADYA AMALIA', '1102140114', 2),
(993, 'ZHAFRAN EGA', '1102140115', 2),
(994, 'UZAMAH ARROSYID ZAIN', '1102140118', 2),
(995, 'MUHAMMAD IRFAN SYAHPUTRA HADIYAT', '1102140119', 2),
(996, 'RADEN HENRY', '1102140120', 2),
(997, 'IVAN ASHIVA', '1102140121', 2),
(998, 'FRANSISCUS XAVERIUS ADITYA WISNU W', '1102140122', 2),
(999, 'M.ADITYA ILHAMIZAR', '1102140123', 2),
(1000, 'CINTHYA PURY RAMADHANTI', '1102140130', 2),
(1001, 'LATIEF SETIAWAN', '1102140132', 2),
(1002, 'RANDY TRI ANANDA SURBAKTI', '1102140137', 2),
(1003, 'GHANI CASYDI', '1102140144', 2),
(1004, 'AUDIRA ZURAIDA RAHARDJA S', '1102140151', 2),
(1005, 'FERITSA IRIS ZATIVITA', '1102140153', 2),
(1006, 'AMANDA PUTRI K', '1102140157', 2),
(1007, 'REIVAN DIANDRA PUTRA', '1102140159', 2),
(1008, 'FARIH JAMIL RAJABI', '1102140163', 2),
(1009, 'BENEDICTUS PRASETYO', '1102140167', 2),
(1010, 'SINDY SINTHIA DEWI', '1102140168', 2),
(1011, 'RIO CAHYA AGUSTIN', '1102140170', 2),
(1012, 'REZA FAERUS AL FARISI', '1102140171', 2),
(1013, 'ANDRIE ANDIKA', '1102140173', 2),
(1014, 'RAZAQA IRHAM MUHAMMAD', '1102140177', 2),
(1015, 'MUHAMMAD FADIL NOVAR', '1102140179', 2),
(1016, 'INSAN ADIGUNA', '1102140181', 2),
(1017, 'NURUL FITRI', '1102140188', 2),
(1018, 'ARIZKY ARYANTIO', '1102140189', 2),
(1019, 'M. FAHMI AZHAR R.', '1102140193', 2),
(1020, 'ARVINDHA RAMADITYA', '1102140197', 2),
(1021, 'SIMBOLON, AGNES GRACECIA', '1102140198', 2),
(1022, 'YUZA FAUZIA', '1102140200', 2),
(1023, 'AHMAD F. ABDILLAH', '1102140201', 2),
(1024, 'ERIKO MAHTAMTAMA', '1102140203', 2),
(1025, 'FACHRI NUR FAUZI', '1102140206', 2),
(1026, 'FAUZIYYAH', '1102140207', 2),
(1027, 'MUHAMMAD JANUAR RASYID', '1102140211', 2),
(1028, 'SUCI DESTYANDINI', '1102140215', 2),
(1029, 'ACHMAD FANANI ADAM', '1102140219', 2),
(1030, 'GRAHESA ADRI PUTRA', '1102140222', 2),
(1031, 'MUHAMMAD NAUFAL SAYIDIMAN', '1102140226', 2),
(1032, 'TRIGO SEPTIA', '1102140227', 2),
(1033, 'JEREMIA ANDRA YS', '1102140228', 2),
(1034, 'DELVA GESTIO', '1102140229', 2),
(1035, 'AGUNG KURNIAWAN', '1102140231', 2),
(1036, 'BAGAS PRADITYA YUSUF PUTRA', '1102140232', 2),
(1037, 'ELINA NOVINA PUTRI', '1102140242', 2),
(1038, 'QIDAM QOLBY', '1102140245', 2),
(1039, 'ACHMAD FIQRY DWISAPUTRA', '1102140246', 2),
(1040, 'NADIA NURUL AZZMI', '1102140251', 2),
(1041, 'KARTIKA AKBAR PURBANINGSIH', '1102140254', 2),
(1042, 'SOFI HANIFAH HERMAWAN', '1102140259', 2),
(1043, 'WAHID AMINULLAH', '1102140279', 2),
(1044, 'HAVILUDIN', '1102140261', 2),
(1045, 'IBNU JUNARESI FALAH', '1102140262', 2),
(1046, 'WEFI RIDHA MARYAMI', '1102140266', 2),
(1047, 'ANDRE KHARIS SIANIPAR', '1102140267', 2),
(1048, 'ASTRI VIANI', '1102140268', 2),
(1049, 'NURUL FAUZIAH', '1102140272', 2),
(1050, 'PUSPA OKTAVIANI', '1102140275', 2),
(1051, 'MUHAMMAD RIZKI YOFACHRI', '1102140277', 2),
(1052, 'MUHAMMAD YASER AL MUBARAK', '1102140280', 2),
(1053, 'RADITYATAMA ABIYOGA', '1102140283', 2),
(1054, 'ANDRY REZA ANGGARA', '1102140284', 2),
(1055, 'FIKRI ABDULHAKIM', '1102140288', 2),
(1056, 'SEMBADA WITANA', '1102140289', 2),
(1057, 'NADIRA CAHYA UTAMI R', '1102140290', 2),
(1058, 'ARDIAN KUSUMAWARDANA', '1102140294', 2),
(1059, 'M. FADLI AUFLIYUFLIHA', '1102140300', 2),
(1060, 'ACHMAD FATHONI', '1102140303', 2),
(1061, 'GIGA RAHMAT DHUHA', '1102140304', 2),
(1062, 'OKTARIA TYAS PAMBAYUN', '1102140305', 2),
(1063, 'FARRAS AUZAN GIBRAN', '1102140306', 2),
(1064, 'YUSUF MABRUR', '1102140308', 2),
(1065, 'RIHARDO HUTAGALUNG', '1102140312', 2),
(1066, 'SYADZWINA SENDRA SARI', '1102140313', 2),
(1067, 'RYAN NOVIANDI AKBAR', '1102140316', 2),
(1068, 'MUHAMMAD ALMYZAR PRATAMA RUSLI', '1102140318', 2),
(1069, 'ERIF RIFKI REDIANA', '1102140319', 2),
(1070, 'CITRA TRIANA BUDIASTUTI', '1102140320', 2),
(1071, 'TATIARA SANJANI', '1102140328', 2),
(1072, 'MUHAMMAD ARTITO ARIEF', '1102140329', 2),
(1073, 'ASTRI DEWI AGILHANDANI', '1102140331', 2),
(1074, 'AKMA SEPTIA VIADY', '1102140334', 2),
(1075, 'PRETTY PRIMA ROZA', '1102140339', 2),
(1076, 'DONNI ARISUGEWO', '1102140341', 2),
(1077, 'ELSA NOVIANTI', '1102140342', 2),
(1078, 'DIMAS REZA PAMUNGKAS', '1102140345', 2),
(1079, 'FAJRI TRI RAHMADINI ALSYA', '1102140349', 2),
(1080, 'SYAHNAN HUZAIRI', '1102140350', 2),
(1081, 'SITI FATIMAH ZAINATUN NISA', '1102140351', 2),
(1082, 'AKBAR MUFLIH Z', '1102140353', 2),
(1083, 'RIZKI IRWANSYAH', '1102140356', 2),
(1084, 'OLIVIA PERMATA ARIPUTRI', '1102140358', 2),
(1085, 'WIRANDY FAJAR SAPUTRA', '1102140359', 2),
(1086, 'RATU NABILA OCTAVIA PRATAMA', '1102140360', 2),
(1087, 'NATASYA SHAHNAZ NOVADEANTI', '1102140361', 2),
(1088, 'ELDA SHABRINA', '1102140362', 2),
(1089, 'YUNALDI RESTU PUTRA', '1102140364', 2),
(1090, 'AZZAM NADHIFTA AHMADY', '1102140366', 2),
(1091, 'NABILAH MUYASSAR', '1102140367', 2),
(1092, 'DICKY FAISAL DRAMAR', '1102140369', 2),
(1093, 'KRISNABAYU TAN WIDYATAMA', '1102140372', 2),
(1094, 'PRANDIKA PRATANTO', '1102140373', 2),
(1095, 'THALYA TRIANDA NASEVY', '1102140377', 2),
(1096, 'ACHMAD REVA', '1102140378', 2),
(1097, 'RADEN MUHAMMAD GOUMELAR', '1102140379', 2),
(1098, 'LILIANA', '1102140380', 2),
(1099, 'AGUNG FIRMAN YUSRA', '1102140382', 2),
(1100, 'NUR FAUZIAH KARIN', '1102140384', 2),
(1101, 'MUHAMMAD HADYAN I.', '1102140387', 2),
(1102, 'ARYO DAMARRIYANTO', '1102140391', 2),
(1103, 'HAIDI GHIFARY', '1102140393', 2),
(1104, 'KANISSA DHIKATALA', '1102140395', 2),
(1105, 'YOGA WIDAGDA', '1102140428', 2),
(1106, 'NADYA FEBRIKA', '1102140432', 2),
(1107, 'ECO JATMIKO PANGGABEAN', '1102140435', 2),
(1108, 'AZKA SAKINAH R', '1102140441', 2),
(1109, 'SATRIA PRAMATA ADI NUGRAHA', '1102140445', 2),
(1110, 'M FIRHAND ASWAD', '1102140451', 2),
(1111, 'MUHAMMAD SAPTA RENGA ROSYADI', '1102140452', 2),
(1112, 'REZA MUHAMMAD ZEIN', '1102141032', 2),
(1113, 'AGA FERDIANSYAH', '1102141045', 2),
(1114, 'MAYDHINA RAMADHANI', '1102141082', 2),
(1115, 'SANDIA MOHANNISYAH PUTRI', '1102141100', 2),
(1116, 'NATASHA ALUNA FARADIBBA H', '1102141389', 2),
(1117, 'MAXWEL HUTAHAEAN', '1102142050', 2),
(1118, 'DHIAZZAKI', '1102142065', 2),
(1119, 'CATUR FAJRI AUGYHANA', '1102142074', 2),
(1120, 'LUHUR BUDI PRASETYO', '1102142241', 2),
(1121, 'RIZKY KHAIRULLAH', '1102142278', 2),
(1122, 'ERICA GRACE H', '1102142434', 2),
(1123, 'MUHAMMAD REZA BAGJA BARJAMAN', '1102142436', 2),
(1124, 'ANDRE YANA W', '1102142438', 2),
(1125, 'HAMZAH ABDUL BA''ITS', '1102142440', 2);
INSERT INTO `mahasiswa` (`id_mhs`, `mhs_name`, `nim`, `mhs_status`) VALUES
(1126, 'NURUL FITRIANI', '1102142442', 2),
(1127, 'REVINA HARDIYANTI', '1102142443', 2),
(1128, 'AGUNG WIDYAPRAKOSO W', '1102142446', 2),
(1129, 'YAHYA SOMIT M', '1102142448', 2),
(1130, 'RIZKY ADHI PRASETYO', '1102142454', 2),
(1131, 'EVANGELINA FREITAS', '1102143453', 2),
(1132, 'NOVITRI CINTA MARITO HASI', '1102144003', 2),
(1133, 'ELIAN GARIN BOWO K.', '1102144004', 2),
(1134, 'ANISA ENDAH SULISTYOWATI', '1102144006', 2),
(1135, 'RAHMAD PERDANA HARIANJA', '1102144008', 2),
(1136, 'LISTYO JULIANCE N.', '1102144009', 2),
(1137, 'SIVA AULIA', '1102144010', 2),
(1138, 'NIKMAH NOVITASARI', '1102144011', 2),
(1139, 'ADELIA WIDININGRUM', '1102144014', 2),
(1140, 'KHAIRANI DEWI', '1102144021', 2),
(1141, 'METHA NINDYA GRACYANI', '1102144022', 2),
(1142, 'CHRISTY ARDYANTO GULO', '1102144023', 2),
(1143, 'DHEBBY INDAH PERTIWI', '1102144024', 2),
(1145, 'NURUL SHOLIHAH EKOWATI', '1102144028', 2),
(1146, 'MUHAMMAD FAHMI SIREGAR', '1102144034', 2),
(1147, 'M. RIFQI DWI ARISTYA', '1102144036', 2),
(1148, 'FITHRATUR RAHMI', '1102144037', 2),
(1149, 'HIKMAT NUR AZHARI', '1102144038', 2),
(1150, 'LESTARI ATIKA PUTRI', '1102144039', 2),
(1151, 'GHINA FAUZIYYAH NUR AZIZAH', '1102144040', 2),
(1152, 'MUHAMMAD YOGASWARA WIRADITYA', '1102144041', 2),
(1153, 'APRILIA RATNA', '1102144043', 2),
(1154, 'MUSLIM NAUFAL SUGIYANTO', '1102144044', 2),
(1155, 'ALIA ASTI NURLAILI', '1102144046', 2),
(1156, 'ANGGIA GHASANI', '1102144047', 2),
(1157, 'MOHAMMAD BADAR', '1102144051', 2),
(1158, 'MUHAMMAD IKHSAN KURNIAWAN', '1102144053', 2),
(1159, 'DESSY CHAROLINA GINTING', '1102144054', 2),
(1160, 'NARARYO ANANTO WIBOWO', '1102144056', 2),
(1161, 'FIRDA MAULIDA FITRIA', '1102144059', 2),
(1162, 'DIAN KRISTIANA', '1102144060', 2),
(1163, 'LISTIANA LORENZ JATININGTYAS', '1102144061', 2),
(1164, 'MUHAMMAD FURQAN AFERI', '1102144062', 2),
(1165, 'FAKHRUL RAZI FRIMA', '1102144064', 2),
(1166, 'SARAH TASYA FAUZIAH', '1102144066', 2),
(1167, 'KINANTHI SEKAR PRASASTI', '1102144067', 2),
(1168, 'MAGHFIRA RACHMAWATI H.', '1102144068', 2),
(1169, 'RAKA CHANDRA WICAKSONO', '1102144072', 2),
(1170, 'DENZAKKY SUMARDI', '1102144073', 2),
(1171, 'ANDHIKA SAPUTRA', '1102144076', 2),
(1172, 'HASNA MARDIYAH', '1102144083', 2),
(1173, 'ARDITYA NUR WAALY', '1102144084', 2),
(1174, 'LAKSHITA JUWITA MUFTI', '1102144086', 2),
(1175, 'PUTRIFA WIRAHAYU ADI MUSLIMAH', '1102144089', 2),
(1176, 'AMELIA FAHMAWATI SUBIYANTO', '1102144092', 2),
(1177, 'MUCHAMMAD NURUL FUAD', '1102144093', 2),
(1178, 'ULFA FIDDINI', '1102144094', 2),
(1179, 'VENNYA SARI PUJAROSTIKA', '1102144097', 2),
(1180, 'TRIA MUSTIKA RAMADHANI', '1102144098', 2),
(1181, 'AFIFA SUCIHANA ISMADHIA', '1102144103', 2),
(1182, 'I GEDE ARY RADITYA P', '1102144104', 2),
(1183, 'ANGGUN KHARISMA PUTRI', '1102144106', 2),
(1184, 'NUR LATIFAH', '1102144107', 2),
(1185, 'EGIA ULINA MARGARETA', '1102144111', 2),
(1186, 'FEBRIAN EKA PRABOWO', '1102144116', 2),
(1187, 'AYU AMANDA HAPSARI', '1102144117', 2),
(1188, 'AYESHA RAFA DINDA', '1102144124', 2),
(1189, 'ALYA MAULIDA', '1102144126', 2),
(1190, 'FAISAL AKBAR', '1102144128', 2),
(1191, 'REVA TAMA PUTRA', '1102144131', 2),
(1192, 'RIZTAN ANGGITYA SIHOMBING', '1102144134', 2),
(1193, 'YOSSI SAFITRI', '1102144135', 2),
(1194, 'OKI KURNIAWAN SIDIQ', '1102144136', 2),
(1195, 'SALSABILA DIARNIE LARASATI', '1102144138', 2),
(1196, 'FARID WIRA DARMAWAN', '1102144139', 2),
(1197, 'VILLIA AMALA SARI', '1102144140', 2),
(1198, 'KADEK BELLA RUSIANA DEWI', '1102144141', 2),
(1199, 'LARAS SHINTA CAHYA PUTRI', '1102144142', 2),
(1200, 'ANDRI KURNIAWAN', '1102144143', 2),
(1201, 'NISRINA FATHNIN', '1102144145', 2),
(1202, 'NOVIYANTI PERMATA SARI', '1102144146', 2),
(1203, 'SARAH NURLAILA', '1102144147', 2),
(1204, 'DHOFAR SHAFARRIZQULLAH SEPARMAN', '1102144148', 2),
(1205, 'CELINE DEBORA TAMBUNAN', '1102144149', 2),
(1206, 'ELMA ANGGRAINI SETYANINGRUM', '1102144150', 2),
(1207, 'ANDRIAN LISTYO', '1102144154', 2),
(1208, 'RIVAN SURYANA', '1102144155', 2),
(1209, 'M. GIAN HARLAWAN', '1102144156', 2),
(1210, 'BINA WIRATY HASIBUAN', '1102144158', 2),
(1211, 'ARINI NOURMA EVIAN', '1102144161', 2),
(1212, 'ANAK AGUNG CINDY JAYANTARI', '1102144164', 2),
(1213, 'ELFA KURNIA PRATAMA', '1102144165', 2),
(1214, 'VIALLI MALIK IBRAHIM', '1102144166', 2),
(1215, 'MUHAMMAD SIDDIQ', '1102144169', 2),
(1216, 'NIYAMA RACHEL AWANI', '1102144172', 2),
(1217, 'I DEWA GEDE DENY ANDIKA PRAWIRA', '1102144174', 2),
(1218, 'BETA ARYA ASH SHIDIK', '1102144175', 2),
(1219, 'WINDI ROBBIANA PRADANI', '1102144176', 2),
(1220, 'KHOIRUL UMAM W', '1102144180', 2),
(1221, 'NADIA AURORA SORAYA', '1102144182', 2),
(1222, 'ADITYA CANDRADESTA', '1102144183', 2),
(1223, 'REYNALDO YOSEVA PARULIAN SITOMPUL', '1102144185', 2),
(1224, 'ILHAM NUR FAJRIYAN', '1102144186', 2),
(1225, 'AZHAAR FAUZIYAH NURHAYATI', '1102144187', 2),
(1226, 'ADHITIO RAHMAN', '1102144190', 2),
(1227, 'IKHSAN RAHMAWAN', '1102144191', 2),
(1228, 'NADELLA YUSFARANI', '1102144194', 2),
(1229, 'ADYTHIA NICO NUGROHO', '1102144195', 2),
(1230, 'ARDIAN CAHYA UTAMA', '1102144196', 2),
(1231, 'RYAN ALDIANSYAH', '1102144202', 2),
(1232, 'MUHAMMAD IQBAL ARDHANA PUTRA', '1102144204', 2),
(1233, 'AHMAD RIZANI SAPUTRA', '1102144205', 2),
(1234, 'DIANTI EKA PUTRI', '1102144208', 2),
(1235, 'REREN JEANIFER RAMALISYA', '1102144209', 2),
(1236, 'KEMAL FARIZ RAMADHANI', '1102144210', 2),
(1237, 'BAITI JANNAH', '1102144213', 2),
(1238, 'RISTI REZA VIRZINIA AGUSTIN', '1102144214', 2),
(1239, 'ANNISA UFAIRA', '1102144216', 2),
(1240, 'HUTAMI RAKASIWI HIDAYAT', '1102144217', 2),
(1241, 'ENGGAR PUTRI WULANDARI', '1102144218', 2),
(1242, 'M. AUZAN FATHULLOH', '1102144220', 2),
(1243, 'MOCHAMAD REXY NURULSAPUTRA', '1102144221', 2),
(1244, 'RIDHO HANDOKO', '1102144224', 2),
(1245, 'REIGI AHMAD FADILAH', '1102144225', 2),
(1246, 'PUNTO AJI WARDHANA', '1102144233', 2),
(1247, 'PASCAL SHINJI LEOSISWO', '1102144234', 2),
(1248, 'CARISSA SERINA SARASWATI', '1102144235', 2),
(1249, 'SYAHDA BINTARUM', '1102144236', 2),
(1250, 'ADI SURYA', '1102144237', 2),
(1251, 'SYALTOUT RIDLA BESTITA', '1102144238', 2),
(1252, 'MUHAMMAD NUR SHIDDIQ', '1102144243', 2),
(1253, 'DIYAH NUGRAHANING WIDI', '1102144247', 2),
(1254, 'EWINK FAUZI', '1102144248', 2),
(1255, 'HARRY NURMI SUARI', '1102144249', 2),
(1256, 'SHABRINA MUTIARA WINANDA', '1102144250', 2),
(1257, 'MUHAMMAD ARFIDH', '1102144252', 2),
(1258, 'NADIA FAIRUZ HAVI', '1102144253', 2),
(1259, 'PATHIYAH ARDIYANTI', '1102144255', 2),
(1260, 'MIFTAH DWI RACHMA', '1102144256', 2),
(1261, 'NOVIANA', '1102144257', 2),
(1262, 'RANGGA YUDHISTA', '1102144260', 2),
(1263, 'DEWA AYU PUTU INDAH', '1102144263', 2),
(1265, 'RADITIANA NUR ULIMA', '1102144265', 2),
(1266, 'PUTRA ETRIF F.', '1102144269', 2),
(1267, 'PUTRI NOPITASARI', '1102144270', 2),
(1268, 'RIZKI TRIHARYO IBRAHIM', '1102144271', 2),
(1269, 'ILHAM FAKHRULHAQQI', '1102144274', 2),
(1270, 'EVRILIGAR RACHMANTO', '1102144276', 2),
(1271, 'CORRIE SUSANTO', '1102144281', 2),
(1272, 'REYNALDY PRAYOGI', '1102144282', 2),
(1273, 'SHABRINA FAUZANI', '1102144286', 2),
(1274, 'MUHAMMAD ANANG MA''RUF', '1102144291', 2),
(1275, 'PUTTY AISYA', '1102144292', 2),
(1276, 'PERMATA SYAFIRA AULIA', '1102144293', 2),
(1277, 'DIMAS PRABOWO', '1102144296', 2),
(1278, 'NURUL JIHAD FATURRAHMA', '1102144297', 2),
(1279, 'SASKIA DYAH CHOIRIDA', '1102144299', 2),
(1280, 'MOCHAMAD THAARIQ A', '1102144301', 2),
(1281, 'DEAN SESHAR RAHMADINA', '1102144302', 2),
(1282, 'NICO SEPTIAN', '1102144311', 2),
(1283, 'FAHIRA GEARAHMANI', '1102144314', 2),
(1284, 'ADITYA AZIZ DEWANTO', '1102144315', 2),
(1285, 'DWI RAAFIANA ASYIFA', '1102144322', 2),
(1286, 'RYAN EKO PURNOMO', '1102144323', 2),
(1287, 'NAUFAL BARI MUHAMMAD', '1102144324', 2),
(1288, 'RIZKA HASNA DELVIKA', '1102144326', 2),
(1289, 'MUHAMMAD NOOR FAZRI', '1102144327', 2),
(1290, 'NADIAH MUMTAZ DARMAWAN', '1102144330', 2),
(1291, 'NIKKY RIZKY PRADIPTA', '1102144332', 2),
(1292, 'AFDHALUL ILMI YUSUF', '1102144333', 2),
(1293, 'DHAWY FARRAS PUTRA', '1102144335', 2),
(1294, 'RAFIF PRAYOGI', '1102144336', 2),
(1295, 'NAZAHRA RISKY MAGHFIRA', '1102144337', 2),
(1296, 'M. MIFTAH NUR HUDA', '1102144338', 2),
(1297, 'EPI KATHY PRATIWI SIBARANI', '1102144340', 2),
(1298, 'DIN SAMSUDIN HASIBUAN', '1102144344', 2),
(1299, 'MADE GEDE IRWANNANDA P', '1102144346', 2),
(1300, 'MUHAMMAD FAUZAN HAKIM', '1102144347', 2),
(1301, 'YUKO TSUKADA', '1102144348', 2),
(1302, 'KANDIDA KENYA UTAMI', '1102144354', 2),
(1303, 'AIDA FITRIANI', '1102144355', 2),
(1304, 'AM FAUZAN', '1102144357', 2),
(1305, 'RIKO RIZQULLAH PUTRA', '1102144363', 2),
(1306, 'NURUL ISLAM WIJAYA', '1102144365', 2),
(1307, 'RISKA RENATA YASIN', '1102144368', 2),
(1308, 'DWIYA NARINDRA GARINI', '1102144370', 2),
(1309, 'BIMO BAYU AJI', '1102144371', 2),
(1310, 'MUH WAHYU YUSRAN', '1102144374', 2),
(1311, 'MUHAMMAD REZA RIZQULLAH', '1102144376', 2),
(1312, 'LALU GALEH INGGIL FATRISTYA', '1102144381', 2),
(1313, 'METHA PRATIWI', '1102144383', 2),
(1314, 'RISTA REZA VIRZINIA AGUSTIN', '1102144385', 2),
(1315, 'RIZKA MALIA KHULDA', '1102144386', 2),
(1316, 'HUDA PRATAMA NUGROHO', '1102144388', 2),
(1317, 'RATNAWIA', '1102144390', 2),
(1318, 'RIZKY YULIANTARA MUSTOFA', '1102144392', 2),
(1319, 'RADEN M GIFARI PUTRA WIDITAMA S A', '1102144393', 2),
(1320, 'RIANDI ADITIA D', '1102144430', 2),
(1321, 'AYU REGITA CS', '1102144450', 2),
(1322, 'MUHAMMAD BUDI PRASETYO', '1102148127', 2),
(1323, 'DAVIN TONA', '1102144031', 2),
(1324, 'FARABI MUHAMMAD MAHDY', '1201150002', 2),
(1325, 'TASNIM ARIF', '1201150003', 2),
(1327, 'ALDIAN MUHAMMAD', '1201150006', 2),
(1328, 'YEHOSUA ALFREDA RANTESALU', '1201150007', 2),
(1329, 'GEDE PERBAWA SARWADHAMANA', '1201150008', 2),
(1330, 'MUHAMMAD BANGKIT HIDAYANTO', '1201150009', 2),
(1331, 'M RIDHOLLAH OKTAVIRINALDY', '1201150011', 2),
(1332, 'MURAZKY HENGKI RIAJA', '1201150013', 2),
(1333, 'TRISYAN ADMAJA KUNCORO', '1201150014', 2),
(1334, 'IDA BAGUS WASUDEWA', '1201150015', 2),
(1335, 'FIKIH FATUROCHMAN', '1201150016', 2),
(1336, 'MUHAMMAD ILHAM', '1201150017', 2),
(1337, 'GEDE ADNYANA NARARYA', '1201150018', 2),
(1338, 'M. JACKA AULIA', '1201150019', 2),
(1339, 'FAJAR MUHAMMAD', '1201150020', 2),
(1340, 'RIFKI AGUSTA', '1201150022', 2),
(1341, 'MUHAMMAD KADEF', '1201150023', 2),
(1342, 'M. AULIA AKBAR', '1201150024', 2),
(1343, 'DIMAS SETIA ARYOGA', '1201150025', 2),
(1344, 'NAUFAL MUHAMMAD ZAKI', '1201150026', 2),
(1345, 'MAURITZ EDO S', '1201150027', 2),
(1346, 'DHIEMAZ HENDRAWAN', '1201150028', 2),
(1348, 'ALDI BASTIAN', '1201150031', 2),
(1350, 'MUHAMMAD BOBBY P', '1201150035', 2),
(1351, 'FM ANGGRA MANDALA PUTRA', '1201150037', 2),
(1352, 'KEVIN KURNIA AULIA', '1201150038', 2),
(1353, 'RAGA SUKMANA', '1201150039', 2),
(1354, 'GALIH PUTRA I', '1201150040', 2),
(1356, 'RIZQI GHANI FATURRAHMAN', '1201150042', 2),
(1358, 'RIO SISCO', '1201150045', 2),
(1359, 'MOH. FIRMAN ADI BENTITO', '1201150046', 2),
(1360, 'MUHAMMAD RAVI ISMAIL', '1201150047', 2),
(1361, 'FAIZ ARIA A', '1201150048', 2),
(1362, 'MUFLIH H D', '1201150049', 2),
(1363, 'MUHAMAD CANDRA PERMANA', '1201150050', 2),
(1364, 'ABSHAR NAUFAN RASYADAN', '1201150051', 2),
(1365, 'SETO BAGHASKORO', '1201150052', 2),
(1367, 'ANGGA DARMAWAN', '1201150054', 2),
(1368, 'BHAGAS WISNU PERMADI', '1201150056', 2),
(1369, 'DELLA AZKA DWIGIFARI', '1201150291', 2),
(1370, 'DITA PATWI YULINAR', '1201150292', 2),
(1371, 'DEVITA ASTASIA', '1201150293', 2),
(1372, 'CYNTIA', '1201150294', 2),
(1373, 'LIZA NAFIAH MAULIDINA', '1201150295', 2),
(1374, 'SITDA LEYNA MUNTHE', '1201150296', 2),
(1375, 'HANAA ROSYADA W', '1201150297', 2),
(1376, 'INDI ALDINI IRMANSYAH', '1201150298', 2),
(1377, 'NOVITA SARI', '1201150299', 2),
(1378, 'HASNA NURHASANAH', '1201150301', 2),
(1379, 'AYU HAPSARI U', '1201150302', 2),
(1380, 'SHAFIRA NURLITA', '1201150303', 2),
(1381, 'DESI LESTARI', '1201150304', 2),
(1383, 'SARAH AYUTAMI', '1201150306', 2),
(1384, 'AMELIA PUTRI OKTAVIANI', '1201150307', 2),
(1385, 'HURIA NUSANTARA', '1201150308', 2),
(1386, 'MEITA RATNA SARI S', '1201150309', 2),
(1387, 'OVIE ISNANDA IRSA', '1201150310', 2),
(1388, 'MEGA FITRIANA ROSA', '1201150311', 2),
(1389, 'MEDIANTI ARIFIA DEWI I', '1201150312', 2),
(1390, 'SEVHIRA IVANI ASWIR', '1201150313', 2),
(1391, 'DETHA AULIA ALFAZAH', '1201150314', 2),
(1392, 'AYU KARINA', '1201150315', 2),
(1393, 'ISQINA RIZKY FIORENTINA', '1201150316', 2),
(1394, 'DEFFY IFTY NUR', '1201150317', 2),
(1395, 'SASKIA LATIFAH CHOIR', '1201150318', 2),
(1396, 'ANISA PUTRI AMBAR', '1201150319', 2),
(1397, 'SILMI APRILIA ANDARI', '1201150320', 2),
(1398, 'ADITYA AHMAD MAULANAY', '1201150521', 2),
(1399, 'ARANISA MENTARI', '1201150524', 2),
(1400, 'FILDZAH FAJRINA', '1201150532', 2),
(1401, 'NIHAN UFAIRA RIZAGANA', '1201151323', 2),
(1402, 'RANGGA FAUZIAN RAMADHAN', '1201152286', 2),
(1403, 'IRDAN ARJULIAN', '1201152287', 2),
(1404, 'AZYLIA PUTRI DENIA', '1201152490', 2),
(1405, 'AYU VITA RASTITI', '1201152491', 2),
(1406, 'ALFIOLA JULIA ANTOH', '1201152527', 2),
(1407, 'RAHMA FAUZIYAH', '1201152534', 2),
(1408, 'MUHAMMAD RAFIF EDWAR', '1201153493', 2),
(1409, 'YANSYA ALDEZAN GUSMAN', '1201153494', 2),
(1410, 'ABRAHAM SIMANJUNTAK', '1201153495', 2),
(1411, 'MUHAMAD FADILLAH', '1201153496', 2),
(1412, 'MUHAMMAD DHIYAURRAHMAN', '1201153497', 2),
(1413, 'ILHAM RAFDI K', '1201153498', 2),
(1414, 'ALIFAN NURFATWA', '1201153499', 2),
(1415, 'GRADYTIO RAHMADI HARTADJI', '1201153500', 2),
(1416, 'MOCHAMAD RIZKY FAUZY', '1201153502', 2),
(1417, 'ANGGA NUGRAHA', '1201153503', 2),
(1418, 'AZMI MAHDI', '1201153504', 2),
(1419, 'ALIF AKBAR', '1201153505', 2),
(1420, 'MAULIDAN KHOIR', '1201153507', 2),
(1421, 'MUHAMMAD REZA AQRAM', '1201153509', 2),
(1422, 'MUHAMMAD FIKRI', '1201153510', 2),
(1423, 'MUHAMMAH YUSUF AMIR', '1201153511', 2),
(1424, 'INRI SUMITRA DEWI', '1201153514', 2),
(1425, 'GHINA RAFIDAH', '1201153515', 2),
(1426, 'DWITA NURHALIZA KHARISMA', '1201153517', 2),
(1427, 'SYIFA NUR HASYYATI', '1201153518', 2),
(1428, 'ANNISA AULIA SAMBAS', '1201153519', 2),
(1429, 'JAUHARAH HASNA DZAKIYYAH ADANI', '1201153520', 2),
(1430, 'BRAMASTHA ALDIA', '1201153528', 2),
(1431, 'GNIEGMILANG ADIABENTANG', '1201153529', 2),
(1432, 'RIZAL WARDHANI', '1201153537', 2),
(1433, 'WIKA SEKAR SANGGARWATI', '1201153539', 2),
(1434, 'FANJAR ARIF WIJAKSONO', '1201153541', 2),
(1435, 'JESICA APRILIANI', '1201153542', 2),
(1436, 'MOHAMAD ARAFAT', '1201153544', 2),
(1437, 'GARDA PATRIA', '1201154059', 2),
(1438, 'CHREISNA PRATAMA PUTRA', '1201154060', 2),
(1439, 'CANDRIKA DHIASTRA AMIR B', '1201154064', 2),
(1441, 'ACHMAD ABIMANYU', '1201154066', 2),
(1442, 'INDRA PRASETYONO', '1201154067', 2),
(1443, 'FAUZI ILHAM', '1201154069', 2),
(1444, 'ARYODIMAS SYIFA PUTRANDY', '1201154070', 2),
(1445, 'M RIFQI WIBISONO', '1201154071', 2),
(1446, 'RIZKY MUHAMMAD', '1201154072', 2),
(1447, 'HILMAN ARDIAN EKANANDA', '1201154073', 2),
(1448, 'RIZKY ADHI W', '1201154074', 2),
(1449, 'SYUHADA MULIA RAHMANSYAH', '1201154076', 2),
(1451, 'LUTHFI FADILLAH SANI', '1201154078', 2),
(1452, 'TEDY TAUFIK HIDAYAT', '1201154079', 2),
(1453, 'MOHAMAD AZMI MUSYAFFI', '1201154080', 2),
(1454, 'AZMI ALIM', '1201154081', 2),
(1455, 'JANU PRASETYO', '1201154083', 2),
(1456, 'MUHAMMAD IQBAL HIDAYAT', '1201154084', 2),
(1457, 'DWIKI IQBAL MAULANA', '1201154085', 2),
(1458, 'ARYANANDA ASTUNGKORO', '1201154086', 2),
(1459, 'SALMAN AKBAR KUSUMA', '1201154087', 2),
(1460, 'NINO SETYO UTOMO', '1201154088', 2),
(1461, 'M.RAYHAN ISLAMY', '1201154090', 2),
(1462, 'M. FADHIL AKMAL RAMADHAN', '1201154091', 2),
(1463, 'ALVIN TRI NOVIANDRI', '1201154092', 2),
(1464, 'ARIF FAISAL RAMDANI', '1201154094', 2),
(1465, 'RIDHO GIBRAN I M', '1201154095', 2),
(1466, 'MUHAMMAD RAIHAN RAHMADAYANSYA', '1201154096', 2),
(1467, 'FAHMY HABIB H', '1201154097', 2),
(1468, 'KEVIN YUAN PUTRA DINATA', '1201154098', 2),
(1469, 'SALMAN SHADIQURRACHMAN', '1201154099', 2),
(1470, 'ADITYA DIMAS RAMADHAN', '1201154100', 2),
(1472, 'NITOGEGAS AGAN PRATOMO', '1201154102', 2),
(1473, 'FAIZ AZHARIE', '1201154103', 2),
(1474, 'RICKY RAMADHAN TANJUNG', '1201154104', 2),
(1475, 'RAYHAN MUHAMMAD', '1201154105', 2),
(1476, 'THOMMY HANIF SETIAWAN', '1201154106', 2),
(1477, 'M HAFIDZ LUTHFI', '1201154107', 2),
(1478, 'FAJAR ASYIRAQ TILLAMMURA', '1201154108', 2),
(1479, 'MOCHAMAD AZHAR HIDAYAT', '1201154109', 2),
(1480, 'FARIZ HARDIANSYAH PUTERA', '1201154110', 2),
(1481, 'MUHAMMAD RIZKY P', '1201154111', 2),
(1483, 'BILLY WIDJAYA', '1201154114', 2),
(1484, 'TRADIGA NUR AZIZ', '1201154115', 2),
(1485, 'IDA BAGUS YOGA SAMKHYAITA', '1201154117', 2),
(1486, 'GILANG ILHAM PRADANA', '1201154119', 2),
(1487, 'MUHAMMAD RAKATAMA FARHAN', '1201154120', 2),
(1488, 'KAUTSAL RIZAL', '1201154121', 2),
(1489, 'MUHAMMAD IMRON', '1201154122', 2),
(1490, 'WIRANTO ACHMED', '1201154123', 2),
(1491, 'ILHAM HANIF', '1201154124', 2),
(1492, 'BIMO SETYO HUTOMO', '1201154126', 2),
(1493, 'RADEN MAS ADITYA RANGGA', '1201154128', 2),
(1494, 'DIMAS FATHURRAHMAN', '1201154129', 2),
(1495, 'DHIALDI WIBI RADITYA', '1201154130', 2),
(1496, 'ADHY INDRA PERMANA', '1201154131', 2),
(1497, 'MOHAMMAD TAJUDIN', '1201154132', 2),
(1498, 'FRANS ARIANTONO SILALAHI', '1201154133', 2),
(1499, 'FIKRI VINO', '1201154134', 2),
(1500, 'RIZKI SURYO WIBOWO', '1201154135', 2),
(1501, 'HASYIM MUSLICH SETIAWAN', '1201154136', 2),
(1502, 'ARIEF KALAM NUGROHO', '1201154139', 2),
(1503, 'CAPRILIO BRIANDHITO', '1201154140', 2),
(1504, 'REFA MEIRANO ALDILLA', '1201154142', 2),
(1505, 'AUFA RINALDO', '1201154143', 2),
(1506, 'MUHAMMAD FARIS IZZUDDIN', '1201154144', 2),
(1507, 'DICKY RAMA SUKSMANANDA', '1201154145', 2),
(1508, 'ABDURRAHMAN PRABASWARA SIDI', '1201154148', 2),
(1510, 'REZA ROLIO FAHNI', '1201154150', 2),
(1511, 'RAIHAN MUHAMMAD FAIZAL', '1201154151', 2),
(1512, 'RIZKY FAJAR ADITYA', '1201154152', 2),
(1513, 'ACHMAD SYARIF BACHRIANSYAH ZAINI', '1201154154', 2),
(1514, 'FIRZA BILAL AULIA', '1201154155', 2),
(1515, 'ZULKIFLI MOCHAMMAD NAUFAL', '1201154156', 2),
(1516, 'ELDESKA FADHIL HAMDI', '1201154157', 2),
(1517, 'ARDITO DARMAWAN', '1201154159', 2),
(1518, 'ELVAN KADAHRULSALAM', '1201154162', 2),
(1519, 'SANDY KHADAFI', '1201154163', 2),
(1520, 'MAULANA ALIF ANUGRAH', '1201154164', 2),
(1521, 'ANDRI ALWAN D', '1201154165', 2),
(1522, 'AHMAD MAKHDUM BADAWI', '1201154166', 2),
(1523, 'FAUZAN RAHMATULLAH', '1201154168', 2),
(1524, 'NOVRI NUR RIZKI', '1201154169', 2),
(1525, 'MOHAMMAD ALFIAN ADHI SAPUTRO', '1201154170', 2),
(1526, 'M. RAYES', '1201154171', 2),
(1527, 'MUHAMMAD FADHIL HABIBIE', '1201154172', 2),
(1528, 'MUHAMMAD RIZKY HASYA', '1201154173', 2),
(1529, 'AFIF IRFANSYAH', '1201154174', 2),
(1530, 'MUHAMAD ALVIN MULYONO', '1201154175', 2),
(1531, 'TAMADO EFRAIM', '1201154177', 2),
(1532, 'MUHAMAD REYNALDI', '1201154178', 2),
(1533, 'FEBRI HARLEN', '1201154179', 2),
(1534, 'ARBIE SUNDOYO', '1201154180', 2),
(1535, 'HUSEIN BIMANTORO', '1201154182', 2),
(1536, 'FAUZI NURRAHMAN', '1201154183', 2),
(1537, 'ARIF INDRA SATRIA', '1201154184', 2),
(1538, 'NAUFAL FAUZAN', '1201154185', 2),
(1539, 'KEVIN DWI SYAHPUTRA', '1201154186', 2),
(1540, 'ACHMAD NUR FAUZI', '1201154187', 2),
(1541, 'ALWY FADLY', '1201154188', 2),
(1542, 'YONATAN ONNY PRANATA', '1201154189', 2),
(1543, 'DELLA PRASETYA ISWARA', '1201154190', 2),
(1544, 'ANDI SETYO ARDANA', '1201154191', 2),
(1545, 'MUHAMMAD RIZKI ALFARIZI', '1201154192', 2),
(1546, 'MUHAMMAD ILHAM MAULANA', '1201154193', 2),
(1547, 'MUHAMMAD HIDAYAT', '1201154194', 2),
(1548, 'ARWANDA BUDIONO', '1201154195', 2),
(1549, 'MUHAMAD HAKIM A.S', '1201154196', 2),
(1551, 'REINALDI DWI BASKORO', '1201154198', 2),
(1552, 'FAUZAN NOVENDRA PUTRA YASYA', '1201154199', 2),
(1553, 'NOVALDI DWIPUTRA', '1201154200', 2),
(1554, 'PANJI AGDA', '1201154201', 2),
(1555, 'ALJOEVETO MUHARAM PUTRA', '1201154202', 2),
(1556, 'AUFA SATRIA', '1201154203', 2),
(1557, 'HASNIL SYAM', '1201154204', 2),
(1558, 'DWI DAFA DOIFULLAH', '1201154205', 2),
(1559, 'RAY FATHKA AKIKO', '1201154206', 2),
(1560, 'ELVAN PRATAMA', '1201154207', 2),
(1561, 'MOCHAMAD RIEPSA FADILLA', '1201154208', 2),
(1563, 'HAIKAL MUNAWAR FIKRI', '1201154210', 2),
(1564, 'KARTIKO ARYA YUDISTIRA', '1201154211', 2),
(1565, 'DIMAS CAHYA ANUGRAH', '1201154212', 2),
(1566, 'MUHAMAD ALI YUSUF', '1201154214', 2),
(1567, 'GERHARD IMANUEL S.', '1201154216', 2),
(1568, 'GILANG MANGESTIKA', '1201154217', 2),
(1569, 'AKHMAL MUAMMAR DWIKI RAFSANJANI', '1201154218', 2),
(1570, 'RIDHO ABDILLAH PERMANA', '1201154219', 2),
(1571, 'LINTONG TARNAMA LUMBANTORUAN', '1201154220', 2),
(1573, 'ELDWIN ILHAM MURPRATOMO', '1201154222', 2),
(1574, 'RIO ZULIAN MAULANA', '1201154223', 2),
(1575, 'BIMA AGUNG LAKSANA', '1201154224', 2),
(1576, 'KAMAL IHSAN ALI SYUHADA', '1201154226', 2),
(1577, 'ILHAM RAMLI', '1201154227', 2),
(1578, 'MUHAMMAD RIFKY KANTAPRAWIRA', '1201154228', 2),
(1579, 'I GUSTI NGURAH BAGUS ARYA DANANJAYA', '1201154229', 2),
(1580, 'ARNOL HENDRA MANYU', '1201154230', 2),
(1581, 'RANGGA HP', '1201154231', 2),
(1582, 'HARI SETIAWAN', '1201154232', 2),
(1583, 'KETMANTO', '1201154235', 2),
(1584, 'BAGOES MUCHAMMAD FAIZAL', '1201154237', 2),
(1585, 'MUHAMAD AMRULLAH FAQIH', '1201154238', 2),
(1586, 'IRSYAD BASKARA', '1201154240', 2),
(1587, 'RAKA DIRGANTARA', '1201154241', 2),
(1588, 'FACHRI RAZIQ EL AHMADY', '1201154242', 2),
(1589, 'CHIRSTIAN DHIMAS', '1201154243', 2),
(1590, 'MUHAMMAD IMAM RA''IS', '1201154244', 2),
(1591, 'MAKKI FATHURRAHMAN', '1201154245', 2),
(1592, 'ILHAM ALGEFARI', '1201154247', 2),
(1593, 'WYDZKA TASHA AULIA AKBAR', '1201154248', 2),
(1594, 'FARID ARDIKA DASUM', '1201154251', 2),
(1595, 'FAWWAZ EL GIFARI', '1201154252', 2),
(1596, 'MUHAMMAD RIZKI APRILIANSYAH', '1201154253', 2),
(1597, 'ANDRIAN BIMA', '1201154255', 2),
(1599, 'ROZI ABRORI FATHURROCHIM', '1201154258', 2),
(1600, 'ADITYA RIZKI FAUZI', '1201154259', 2),
(1601, 'MUHAMMAD AKHBAR FIKRIANSYAH', '1201154260', 2),
(1602, 'AULIA SOANGKUPON SIREGAR', '1201154261', 2),
(1603, 'MOHAMMAD YASIN', '1201154263', 2),
(1604, 'HILMI LUTFI', '1201154264', 2),
(1605, 'FAJAR', '1201154265', 2),
(1606, 'ERIK RAKHA RIZQULLAH', '1201154266', 2),
(1607, 'I NENGAH WIDIANA PUTRA', '1201154267', 2),
(1608, 'MUHAMMAD ZAKI AZHAR', '1201154268', 2),
(1610, 'MUHAMMAD TETUKO BUDI LAKSONO', '1201154270', 2),
(1611, 'BAGAS ARDHI PRATAMA', '1201154271', 2),
(1612, 'CAKRA RANA WIJAYA', '1201154274', 2),
(1613, 'ADITYA DHANIYANTO', '1201154275', 2),
(1614, 'RAVIZQI ADITYA', '1201154277', 2),
(1615, 'FAZA FIRDAUS NURSULA', '1201154279', 2),
(1616, 'DAVY RHESA PUTRA PRATAMA', '1201154280', 2),
(1618, 'RADEN FARHAN ASHADIAR', '1201154282', 2),
(1619, 'HILMAN ABI RAFDI', '1201154283', 2),
(1620, 'PRAYOGA SUMADI', '1201154285', 2),
(1621, 'DENTA ELVIANDA RIZKI R.', '1201154290', 2),
(1622, 'DEWI INTAN SARI', '1201154324', 2),
(1623, 'SISKA FEBRIYANTI', '1201154325', 2),
(1624, 'RAISA NURFADILA', '1201154326', 2),
(1625, 'SAORI DWISASKIA S', '1201154327', 2),
(1626, 'DEWI SHINTA M', '1201154328', 2),
(1628, 'AULIA DIAH FITRIANINGTYAS', '1201154330', 2),
(1629, 'ADINDA RAHMI HUMAIRA', '1201154331', 2),
(1630, 'PATRICIA AMELIA', '1201154332', 2),
(1631, 'RIZKI SYOFIA QOLBIAH', '1201154333', 2),
(1632, 'INTAN PERMATASARI', '1201154334', 2),
(1633, 'PUTRI FATIMAH', '1201154335', 2),
(1634, 'DIANA ARVIANA LESTARI', '1201154336', 2),
(1635, 'RENATA GANISWARA', '1201154338', 2),
(1636, 'FAUZIYYAH EKA S.', '1201154339', 2),
(1637, 'SHAFIRA AMANDA UMAR', '1201154340', 2),
(1638, 'MEGA DWICAHYA', '1201154342', 2),
(1639, 'SITI ALMIRA MU''MINAH', '1201154343', 2),
(1640, 'MIRANTI', '1201154344', 2),
(1641, 'NURUL FARHANA', '1201154345', 2),
(1642, 'UTAMI WULANDARI', '1201154347', 2),
(1643, 'SONIA RAMADONA', '1201154348', 2),
(1644, 'RIANI SRIKANDI', '1201154349', 2),
(1645, 'CHAULA TRIZA PUTRI', '1201154350', 2),
(1646, 'INDIRA SAVITRI', '1201154351', 2),
(1647, 'KENANDA ARDHENARISWARI S', '1201154352', 2),
(1649, 'TRI WAHYU SETYAWATI', '1201154354', 2),
(1650, 'TULUSIANI WIDJANARKO', '1201154355', 2),
(1651, 'PUTRI MEIRA NABILA', '1201154356', 2),
(1652, 'TRIANA SURYANI', '1201154357', 2),
(1653, 'NISSA YUNITA P', '1201154358', 2),
(1654, 'FITRA AKBAROKAH', '1201154359', 2),
(1655, 'INTAN NOVHELA', '1201154360', 2),
(1657, 'PUTU AYU ANGGRASARI WIRAWARDANI', '1201154362', 2),
(1658, 'AJENG KIRANA', '1201154363', 2),
(1659, 'ANDWI WULANSARI', '1201154364', 2),
(1660, 'SAFINAH RIZKIYANI', '1201154365', 2),
(1661, 'SALMA NURRAFIANTI', '1201154366', 2),
(1662, 'KHAIRATUN NISA', '1201154367', 2),
(1663, 'RACHMATUL BAETY', '1201154368', 2),
(1664, 'ANDREA DEWI LINGGANI', '1201154369', 2),
(1666, 'NINDIRA RIZKITA', '1201154371', 2),
(1667, 'CENDANA WIDYANINGTYAS PERMATARASARI', '1201154372', 2),
(1668, 'NADIA UTARI', '1201154373', 2),
(1669, 'HASNAWATI PIETYA SOLEHAH', '1201154374', 2),
(1670, 'MASFUFAH MOTIK LARASATI', '1201154375', 2),
(1671, 'NENCY YULIANA PUTRI', '1201154376', 2),
(1672, 'FARAH AFIFAH', '1201154377', 2),
(1673, 'RISYA RAHMASARI KOSASIH', '1201154378', 2),
(1674, 'DIAN RAHMANIA', '1201154379', 2),
(1675, 'INDAH AYU MELANINHGSIH', '1201154380', 2),
(1676, 'YUMNA SABILA', '1201154381', 2),
(1677, 'WIDIA ZULHAFIZAH', '1201154382', 2),
(1678, 'DURROTUS SAADATI', '1201154383', 2),
(1679, 'FAHIRA ALYAYUSI L', '1201154384', 2),
(1680, 'NOVIA MIFTAQUL JANNAH', '1201154385', 2),
(1681, 'HELGA OLIVIA NAULI', '1201154386', 2),
(1682, 'ZAHROH OLIVIANY FT', '1201154387', 2),
(1683, 'TIARA EMING YUDHASTRI', '1201154388', 2),
(1686, 'WIBIA WIDOWATI', '1201154392', 2),
(1687, 'NANDA MARHANDHIKA PUTRI', '1201154393', 2),
(1688, 'MIA MAULIDAH AWALIYAH', '1201154394', 2),
(1689, 'AMALIA PRATIWI', '1201154395', 2),
(1690, 'CYNTHIA FRESKY ANGELINA', '1201154396', 2),
(1691, 'MIFTHAHUL FATHIA', '1201154397', 2),
(1692, 'RATIH FEBIYANTI', '1201154398', 2),
(1693, 'NI PUTU TIARA SANTI', '1201154400', 2),
(1695, 'FAADHILAH ALWI', '1201154402', 2),
(1696, 'AQIILAH KHOIRIYYAH HUSNA', '1201154403', 2),
(1697, 'ANISA NURFADILAH', '1201154404', 2),
(1698, 'MIA RIZQI MAULIDA', '1201154405', 2),
(1699, 'SANTY AGRASARI', '1201154406', 2),
(1700, 'INDI ERDINIATY', '1201154407', 2),
(1701, 'DINDA AYU NURINDAHSARI', '1201154408', 2),
(1702, 'AZHARINE ANANDA', '1201154410', 2),
(1703, 'RESKA AYU SULISTYANINGSIH', '1201154411', 2),
(1704, 'EVA RAHMAWATI', '1201154412', 2),
(1705, 'TIARA AYU LESTARI', '1201154413', 2),
(1706, 'YANUARI RANI S', '1201154414', 2),
(1707, 'TANIA SILVANI', '1201154415', 2),
(1708, 'BUNG AYUNING SYARIFAH', '1201154416', 2),
(1709, 'OKKY SAFIRA', '1201154417', 2),
(1710, 'WIRDA HAMRO AFIVA', '1201154418', 2),
(1711, 'LINDA AYUMNA P', '1201154419', 2),
(1712, 'SEVY SAFIRA HANDINI', '1201154420', 2),
(1713, 'SALWA NABILA IZZA SALSABILA', '1201154422', 2),
(1714, 'AISYA KHAIRUNISA', '1201154423', 2),
(1715, 'YUNITA PUTRI GITA', '1201154424', 2),
(1716, 'FIRJATULLAH NASTARI', '1201154425', 2),
(1717, 'RISKA AYU HANIFAH', '1201154426', 2),
(1718, 'ARDIAH WAHYU CAHYANI', '1201154427', 2),
(1719, 'MEUTHIA MURFI', '1201154428', 2),
(1720, 'ASHSYFA GUSTINA', '1201154429', 2),
(1721, 'PUTRI RAHMA MULIAWATI', '1201154430', 2),
(1722, 'GHINA ZHAFIRAH', '1201154431', 2),
(1723, 'DWI SELA TRESNASARI', '1201154432', 2),
(1724, 'NANCY PUTRI RAMADHANI', '1201154433', 2),
(1725, 'FIYANIKA AMALIA P', '1201154434', 2),
(1726, 'ROMY SEFTIVANI A.', '1201154435', 2),
(1727, 'HASNA FITRI N', '1201154436', 2),
(1728, 'AULIA INDANA ZULFA', '1201154437', 2),
(1729, 'YONA RIZKITA CINDO', '1201154438', 2),
(1730, 'LUTFITA ASTIFANI RUNDANA', '1201154439', 2),
(1731, 'SARAH WAHYUNI', '1201154440', 2),
(1732, 'PUTRI MAULANI FAUZI', '1201154441', 2),
(1734, 'ADITIA SETIA WARDHANI', '1201154443', 2),
(1735, 'NUR FALAH SOFIATUL JANNAH', '1201154445', 2),
(1736, 'PRAMESTI INTAN MEUTHIA', '1201154446', 2),
(1737, 'RISTY MAYANG SARI', '1201154447', 2),
(1739, 'AYU MUFIDA AULIA', '1201154450', 2),
(1740, 'ANINDITHA DJUARSA', '1201154451', 2),
(1741, 'PUTRI RATNASARI', '1201154453', 2),
(1742, 'PEBRINA DONNA IZZAQI', '1201154454', 2),
(1743, 'AYU ARISTA LAMATO', '1201154455', 2),
(1744, 'MENTARI LARASATI', '1201154456', 2),
(1745, 'MUTHI MAITSA ZULFATRI', '1201154457', 2),
(1746, 'GHINA TIYASTI HUTAMI', '1201154458', 2),
(1747, 'WIDIA RETNOAYU', '1201154459', 2),
(1748, 'HANA NABILAH', '1201154460', 2),
(1749, 'PUTRI AYU WULANDARI', '1201154462', 2),
(1750, 'NAJAH', '1201154463', 2),
(1751, 'ANJANI MAULAYA', '1201154464', 2),
(1752, 'IRVANIDA SYAZWANIYYA MAUDYA IHSANI', '1201154465', 2),
(1753, 'EVITA RENGGANIS', '1201154466', 2),
(1754, 'LAILATUL FITRI', '1201154467', 2),
(1755, 'DINA LAILI SAFITRI', '1201154468', 2),
(1756, 'NABILA VIDYA ARIANI', '1201154470', 2),
(1757, 'DIAH AYU LAKSITA', '1201154471', 2),
(1758, 'RIZKY ADELIA', '1201154472', 2),
(1760, 'ZHARALIN SURYAPUTRI', '1201154474', 2),
(1761, 'ULUL AZMI', '1201154475', 2),
(1762, 'FRISKA SOLOGIA', '1201154477', 2),
(1763, 'HANDINI OCTAFIA', '1201154479', 2),
(1764, 'LINDSAY BEANNING', '1201154480', 2),
(1765, 'FITALOKA DIAH A', '1201154481', 2),
(1766, 'FENITA NABILAH', '1201154482', 2),
(1767, 'SHELLA PUTRI YOULANDASARI', '1201154483', 2),
(1768, 'NOVITA PERMATA SARI', '1201154484', 2),
(1770, 'ARNIS ARISMA PUTRI', '1201154486', 2),
(1772, 'BAIQ RISMA SULISTIANA', '1201154488', 2),
(1773, 'ANDINI PRATIWI', '1201154489', 2),
(1774, 'GABRIELLA MARGARETH HUTASOIT', '1201154492', 2),
(1775, 'RIFADLI DOKTAWIRANDA AGUSDIN', '1201154522', 2),
(1776, 'MUHAMMAD FADLY', '1201154523', 2),
(1777, 'INTAN ADZANI YUNUS', '1201154525', 2),
(1778, 'MUHAMMAD GALIH NISKALA. K', '1201154530', 2),
(1779, 'AGUNG GEDE DWISUYOGA', '1201154531', 2),
(1780, 'MUHAMMAD ICHSAN NURLIYAN', '1201154535', 2),
(1781, 'OLIVIA CAHYANINGDHIA S.P.', '1201154538', 2),
(1782, 'DZULHIA ARDIATY', '1201154540', 2),
(1783, 'NUR AINI AJENG JULIAWATI', '1201154543', 2),
(1784, 'RAVI ALVIANTO', '1201154160', 2),
(1785, 'JOHANES HARYO S', '1201150004', 2),
(1786, 'M. EDWIN FAUZI', '1201144248', 2),
(1787, 'FADHILAH', '1201140343', 2),
(1788, 'SHAFIRA TASYANI NASUTION', '1201144223', 2),
(1789, 'CITRA SEPTI BRILLIANE', '1201140091', 2),
(1790, 'MUHAMMAD HANIF RAMADHAN', '1201144162', 2),
(1791, 'DEWA GEDE PANDU PRASTHA', '1102104222', 2),
(1792, 'RUDYTA LUCYANA ROSIDI', '1201144431', 2),
(1793, 'MUTIA PUSPITA OKTAVIANA', '1201140433', 2),
(1794, 'FARHAN FATUR RAHMAN', '1201150043', 2),
(1795, 'FATIA MULYAHATI YUNUS', '1201154391', 2),
(1796, 'ELSA WAHYU HARLIANA', '1201154487', 2),
(1797, 'M. STIVANDRY W', '1201150034', 2),
(1798, 'ALISYA PRAMESTI', '1201154370', 2),
(1799, 'ANNISA PRIAS MAYSARAH', '1201154442', 2),
(1800, 'MUHAMMAD ALIF SEPTA FADHILA PUTRA', '1102144026', 2),
(1801, 'ZALFA HUSNUL AFIFAH', '1102140048', 2),
(1803, 'DOLY ARGA', '1102120022', 2),
(1804, 'PRAYOGI HARDIYANTO', '1102110044', 2),
(1805, 'RANDY PRATAMA', '1102110192', 2),
(1806, 'JEREMY CHRISTOPHER', '1201153506', 2),
(1807, 'WILLY RICHIE EFFENDI', '1201153512', 2),
(1808, 'RAUL ADITAMA DEVAR', '1201153508', 2),
(1809, 'RIZKY RIZALDY PRIATNA', '1102144264', 2),
(1810, 'GILANG PRADANA', '1201150005', 2),
(1811, 'NUGITA ARLENDATAMA', '1201154361', 2),
(1812, 'RARA NIKEN RAMADHANY', '1201154401', 2),
(1814, 'MUHAMMAD IQBAL PRANATIO', '1201150053', 2),
(1815, 'MAULANA ADI SAKSONO', '1201154197', 2),
(1816, 'AMELIA PUTRI ANISA', '1201154389', 2),
(1817, 'LATIP SUTIYANA', '1201154101', 2),
(1818, 'RIZKI EKA RIDANI', '1201154209', 2),
(1819, 'FIDELA HARDIYANTI NARISWARI', '1201154353', 2),
(1820, 'BAGUS MURDIYANTORO', '1201150029', 2),
(1821, 'ESA PURNAMA', '1201154065', 2),
(1822, 'IHFAN FAJAR SATRIA', '1201154281', 2),
(1823, 'FAHREZA FADHIL HAKEKI', '1201150041', 2),
(1824, 'AYU SASKIA PRISCILLA HARRIS', '1201150305', 2),
(1825, 'WILLIARDY ADHUM PRATAMA', '1201154257', 2),
(1826, 'PRIMA HUTAMA', '1201154269', 2),
(1827, 'AUDREY RAHMANTI UNADI', '1201154473', 2),
(1828, 'DINDA NURLISA RIANTY', '1201154485', 2),
(1829, 'MUHAMMAD FARHAN FATHURRAHMAN', '1201154077', 2),
(1830, 'FAUZAN GHIFARI PRAKOSO', '1201154221', 2),
(1831, 'SETYORINI AYU YULI HARDIANTI', '1201154449', 2),
(1832, 'IVAN GANIKA BIYANTORO', '1201154113', 2),
(1833, 'MUHAMMAD HUMAM HAEKAL', '1201154149', 2),
(1834, 'KEYNA RATU NEFIRA', '1201154329', 2),
(1835, 'AIDHIL PRATHAMA', '1102100082', 2),
(1836, 'muhammad rhizky irwienanda', '1102120091', 2),
(1837, 'HARIADI TRIJATI NUGROHO', '1201154075', 2);

-- --------------------------------------------------------

--
-- Struktur dari tabel `oprec`
--

CREATE TABLE IF NOT EXISTS `oprec` (
  `id_oprec` int(11) NOT NULL AUTO_INCREMENT,
  `id_lab` int(11) NOT NULL,
  `start_date` date NOT NULL,
  `end_date` date NOT NULL,
  `description` varchar(500) NOT NULL,
  PRIMARY KEY (`id_oprec`),
  KEY `id_lab` (`id_lab`)
) ENGINE=InnoDB  DEFAULT CHARSET=latin1 AUTO_INCREMENT=2 ;

--
-- Dumping data untuk tabel `oprec`
--

INSERT INTO `oprec` (`id_oprec`, `id_lab`, `start_date`, `end_date`, `description`) VALUES
(1, 10, '2017-11-02', '2017-11-30', 'rekrutmen asisten untuk praktikum alpro');

-- --------------------------------------------------------

--
-- Struktur dari tabel `oprec_achievement`
--

CREATE TABLE IF NOT EXISTS `oprec_achievement` (
  `id_oprec_achievement` int(11) NOT NULL AUTO_INCREMENT,
  `id_oprec_gen` varchar(8) NOT NULL,
  `achievement_type` int(11) NOT NULL,
  `achievement_name` varchar(300) NOT NULL,
  `year` int(4) NOT NULL,
  PRIMARY KEY (`id_oprec_achievement`),
  KEY `id_orpec_gen` (`id_oprec_gen`,`achievement_type`)
) ENGINE=InnoDB  DEFAULT CHARSET=latin1 AUTO_INCREMENT=2 ;

--
-- Dumping data untuk tabel `oprec_achievement`
--

INSERT INTO `oprec_achievement` (`id_oprec_achievement`, `id_oprec_gen`, `achievement_type`, `achievement_name`, `year`) VALUES
(1, 'R0110000', 1, 'Laravel', 2017);

-- --------------------------------------------------------

--
-- Struktur dari tabel `oprec_education`
--

CREATE TABLE IF NOT EXISTS `oprec_education` (
  `id_oprec_edu` int(11) NOT NULL AUTO_INCREMENT,
  `id_oprec_gen` varchar(8) NOT NULL,
  `year` int(4) NOT NULL,
  `education` varchar(300) NOT NULL,
  PRIMARY KEY (`id_oprec_edu`),
  KEY `id_oprec_general` (`id_oprec_gen`)
) ENGINE=InnoDB  DEFAULT CHARSET=latin1 AUTO_INCREMENT=4 ;

--
-- Dumping data untuk tabel `oprec_education`
--

INSERT INTO `oprec_education` (`id_oprec_edu`, `id_oprec_gen`, `year`, `education`) VALUES
(2, 'R0110000', 2012, 'SMA 5'),
(3, 'R0110000', 2015, 'TelU');

-- --------------------------------------------------------

--
-- Struktur dari tabel `oprec_general`
--

CREATE TABLE IF NOT EXISTS `oprec_general` (
  `id_oprec_gen` varchar(8) NOT NULL,
  `id_oprec` int(11) NOT NULL,
  `id_lab` int(11) NOT NULL,
  `nim` int(10) NOT NULL,
  `motto` varchar(300) NOT NULL,
  `gpa` float NOT NULL,
  `motivation` varchar(500) NOT NULL,
  `oprec_status` int(11) NOT NULL,
  PRIMARY KEY (`id_oprec_gen`),
  KEY `id_oprec` (`id_oprec`,`id_lab`,`nim`)
) ENGINE=InnoDB DEFAULT CHARSET=latin1;

--
-- Dumping data untuk tabel `oprec_general`
--

INSERT INTO `oprec_general` (`id_oprec_gen`, `id_oprec`, `id_lab`, `nim`, `motto`, `gpa`, `motivation`, `oprec_status`) VALUES
('R0110000', 1, 10, 1201140033, 'adasd', 2.58, 'adadadada', 2);

-- --------------------------------------------------------

--
-- Struktur dari tabel `oprec_organization`
--

CREATE TABLE IF NOT EXISTS `oprec_organization` (
  `id_oprec_org` int(11) NOT NULL AUTO_INCREMENT,
  `id_oprec_gen` varchar(8) NOT NULL,
  `year` int(4) NOT NULL,
  `org_name` varchar(150) NOT NULL,
  `position` varchar(150) NOT NULL,
  PRIMARY KEY (`id_oprec_org`),
  KEY `id_oprec_general` (`id_oprec_gen`)
) ENGINE=InnoDB  DEFAULT CHARSET=latin1 AUTO_INCREMENT=2 ;

--
-- Dumping data untuk tabel `oprec_organization`
--

INSERT INTO `oprec_organization` (`id_oprec_org`, `id_oprec_gen`, `year`, `org_name`, `position`) VALUES
(1, 'R0110000', 2010, 'Walhi', 'Ketua Cabang');

-- --------------------------------------------------------

--
-- Struktur dari tabel `oprec_skills`
--

CREATE TABLE IF NOT EXISTS `oprec_skills` (
  `id_oprec_skills` int(11) NOT NULL AUTO_INCREMENT,
  `id_oprec_gen` varchar(8) NOT NULL,
  `software_name` varchar(200) NOT NULL,
  `software_lvl` int(11) NOT NULL,
  PRIMARY KEY (`id_oprec_skills`),
  KEY `id_oprec_gen` (`id_oprec_gen`)
) ENGINE=InnoDB  DEFAULT CHARSET=latin1 AUTO_INCREMENT=3 ;

--
-- Dumping data untuk tabel `oprec_skills`
--

INSERT INTO `oprec_skills` (`id_oprec_skills`, `id_oprec_gen`, `software_name`, `software_lvl`) VALUES
(2, 'R0110000', 'Microsoft Office', 1);

-- --------------------------------------------------------

--
-- Struktur dari tabel `oprec_status`
--

CREATE TABLE IF NOT EXISTS `oprec_status` (
  `id_os` int(11) NOT NULL AUTO_INCREMENT,
  `status_name` varchar(100) NOT NULL,
  PRIMARY KEY (`id_os`)
) ENGINE=InnoDB  DEFAULT CHARSET=latin1 AUTO_INCREMENT=7 ;

--
-- Dumping data untuk tabel `oprec_status`
--

INSERT INTO `oprec_status` (`id_os`, `status_name`) VALUES
(1, 'Applying'),
(2, 'Registration Finish'),
(3, 'Administrative Checking'),
(4, 'On Going'),
(5, 'Success'),
(6, 'Failed');

-- --------------------------------------------------------

--
-- Struktur dari tabel `software_lvl`
--

CREATE TABLE IF NOT EXISTS `software_lvl` (
  `id_sl` int(11) NOT NULL AUTO_INCREMENT,
  `lvl_name` varchar(100) NOT NULL,
  PRIMARY KEY (`id_sl`)
) ENGINE=InnoDB  DEFAULT CHARSET=latin1 AUTO_INCREMENT=4 ;

--
-- Dumping data untuk tabel `software_lvl`
--

INSERT INTO `software_lvl` (`id_sl`, `lvl_name`) VALUES
(1, 'Beginner'),
(2, 'Intermediate'),
(3, 'Advance');

-- --------------------------------------------------------

--
-- Struktur dari tabel `system_menu`
--

CREATE TABLE IF NOT EXISTS `system_menu` (
  `id` tinyint(3) unsigned NOT NULL AUTO_INCREMENT,
  `parent_id` tinyint(3) unsigned NOT NULL DEFAULT '0',
  `id_pm` int(11) NOT NULL,
  `menu_name` varchar(100) COLLATE latin1_general_ci NOT NULL,
  `url` varchar(100) COLLATE latin1_general_ci NOT NULL DEFAULT '',
  `menu_order` tinyint(3) unsigned NOT NULL DEFAULT '0',
  PRIMARY KEY (`id`)
) ENGINE=MyISAM  DEFAULT CHARSET=latin1 COLLATE=latin1_general_ci AUTO_INCREMENT=30 ;

--
-- Dumping data untuk tabel `system_menu`
--

INSERT INTO `system_menu` (`id`, `parent_id`, `id_pm`, `menu_name`, `url`, `menu_order`) VALUES
(4, 0, 2, 'Cpanel', '', 4),
(6, 4, 2, 'Akun', 'cpanel/account', 3),
(11, 4, 2, 'Hak Akses', 'cpanel/access', 0),
(8, 4, 2, 'Menu', 'cpanel/menu', 4),
(26, 0, 5, 'Administration', '', 3),
(22, 21, 1, 'Student', 'database/student', 0),
(20, 0, 3, 'Recruitment', '', 2),
(21, 0, 1, 'Database', '', 1),
(25, 20, 3, 'Enroll', 'recruitment/enroll', 0),
(28, 26, 5, 'Open Recruitment', 'admin/oprec', 0),
(29, 0, 4, 'Dashboard', 'main/dashboard', 0);

-- --------------------------------------------------------

--
-- Struktur dari tabel `system_module`
--

CREATE TABLE IF NOT EXISTS `system_module` (
  `id_pm` int(11) NOT NULL AUTO_INCREMENT,
  `module_name` varchar(255) NOT NULL,
  PRIMARY KEY (`id_pm`)
) ENGINE=InnoDB  DEFAULT CHARSET=latin1 AUTO_INCREMENT=6 ;

--
-- Dumping data untuk tabel `system_module`
--

INSERT INTO `system_module` (`id_pm`, `module_name`) VALUES
(1, 'Database'),
(2, 'Cpanel'),
(3, 'Recruitment'),
(4, 'Dashboard'),
(5, 'Administration');

-- --------------------------------------------------------

--
-- Struktur dari tabel `system_user`
--

CREATE TABLE IF NOT EXISTS `system_user` (
  `id_user` int(11) NOT NULL AUTO_INCREMENT,
  `username` varchar(255) NOT NULL,
  `password` varchar(255) NOT NULL,
  `display_name` varchar(255) NOT NULL,
  `display_path` varchar(255) NOT NULL,
  `level` int(2) NOT NULL,
  PRIMARY KEY (`id_user`)
) ENGINE=InnoDB  DEFAULT CHARSET=latin1 AUTO_INCREMENT=101 ;

--
-- Dumping data untuk tabel `system_user`
--

INSERT INTO `system_user` (`id_user`, `username`, `password`, `display_name`, `display_path`, `level`) VALUES
(1, 'admin', '21232f297a57a5a743894a0e4a801fc3', 'Admin Seminar-Go', '', 2),
(99, 'raysoesanto', '938b4263f09b8b1dae8f027d06681ec9', 'Ray Soesanto', '', 1),
(100, '1201140033', 'e10adc3949ba59abbe56e057f20f883e', 'MUHAMMAD FIKRI ZAKKI', '', 3);

-- --------------------------------------------------------

--
-- Struktur dari tabel `system_user_level`
--

CREATE TABLE IF NOT EXISTS `system_user_level` (
  `id_level` int(11) NOT NULL AUTO_INCREMENT,
  `level_name` varchar(255) NOT NULL,
  PRIMARY KEY (`id_level`)
) ENGINE=InnoDB  DEFAULT CHARSET=latin1 AUTO_INCREMENT=4 ;

--
-- Dumping data untuk tabel `system_user_level`
--

INSERT INTO `system_user_level` (`id_level`, `level_name`) VALUES
(1, 'Super Admin'),
(2, 'Admin ISIEM'),
(3, 'Kandidat Asisten');

-- --------------------------------------------------------

--
-- Struktur dari tabel `system_user_privileges`
--

CREATE TABLE IF NOT EXISTS `system_user_privileges` (
  `id_up` int(11) NOT NULL AUTO_INCREMENT,
  `id_level` int(11) NOT NULL,
  `id_pm` int(11) NOT NULL,
  PRIMARY KEY (`id_up`)
) ENGINE=InnoDB  DEFAULT CHARSET=latin1 AUTO_INCREMENT=16 ;

--
-- Dumping data untuk tabel `system_user_privileges`
--

INSERT INTO `system_user_privileges` (`id_up`, `id_level`, `id_pm`) VALUES
(1, 1, 1),
(2, 1, 2),
(3, 2, 1),
(10, 4, 1),
(11, 1, 3),
(12, 1, 4),
(13, 1, 5),
(14, 3, 3),
(15, 3, 4);

/*!40101 SET CHARACTER_SET_CLIENT=@OLD_CHARACTER_SET_CLIENT */;
/*!40101 SET CHARACTER_SET_RESULTS=@OLD_CHARACTER_SET_RESULTS */;
/*!40101 SET COLLATION_CONNECTION=@OLD_COLLATION_CONNECTION */;
