-- phpMyAdmin SQL Dump
-- version 4.8.3
-- https://www.phpmyadmin.net/
--
-- Host: 127.0.0.1
-- Generation Time: Apr 05, 2019 at 06:13 AM
-- Server version: 10.1.35-MariaDB
-- PHP Version: 7.1.21

SET SQL_MODE = "NO_AUTO_VALUE_ON_ZERO";
SET AUTOCOMMIT = 0;
START TRANSACTION;
SET time_zone = "+00:00";


/*!40101 SET @OLD_CHARACTER_SET_CLIENT=@@CHARACTER_SET_CLIENT */;
/*!40101 SET @OLD_CHARACTER_SET_RESULTS=@@CHARACTER_SET_RESULTS */;
/*!40101 SET @OLD_COLLATION_CONNECTION=@@COLLATION_CONNECTION */;
/*!40101 SET NAMES utf8mb4 */;

--
-- Database: `intgr_iris`
--

-- --------------------------------------------------------

--
-- Table structure for table `academic_year`
--

CREATE TABLE `academic_year` (
  `id_ay` int(11) NOT NULL,
  `semester` varchar(50) NOT NULL,
  `run_year` varchar(9) NOT NULL
) ENGINE=MyISAM DEFAULT CHARSET=latin1;

--
-- Dumping data for table `academic_year`
--

INSERT INTO `academic_year` (`id_ay`, `semester`, `run_year`) VALUES
(1, 'Ganjil', '2018/2019'),
(2, 'Genap', '2018/2019');

-- --------------------------------------------------------

--
-- Table structure for table `achievement_type`
--

CREATE TABLE `achievement_type` (
  `id_at` int(11) NOT NULL,
  `achievement_type_name` varchar(150) NOT NULL
) ENGINE=InnoDB DEFAULT CHARSET=latin1;

--
-- Dumping data for table `achievement_type`
--

INSERT INTO `achievement_type` (`id_at`, `achievement_type_name`) VALUES
(1, 'Training'),
(2, 'Certification'),
(3, 'Seminar'),
(4, 'Conference'),
(5, 'Others');

-- --------------------------------------------------------

--
-- Table structure for table `assessment`
--

CREATE TABLE `assessment` (
  `id_as` int(11) NOT NULL,
  `id_oprec` int(11) NOT NULL,
  `id_lab` int(11) NOT NULL,
  `as_date` date NOT NULL,
  `as_name` varchar(100) NOT NULL,
  `as_weight` int(11) NOT NULL,
  `pass_score` int(3) NOT NULL,
  `as_desc` varchar(200) NOT NULL,
  `as_order` int(3) NOT NULL
) ENGINE=MyISAM DEFAULT CHARSET=latin1;

--
-- Dumping data for table `assessment`
--

INSERT INTO `assessment` (`id_as`, `id_oprec`, `id_lab`, `as_date`, `as_name`, `as_weight`, `pass_score`, `as_desc`, `as_order`) VALUES
(8, 6, 10, '2019-04-09', 'Micro Teaching', 30, 70, 'tes mengajar untuk asisten', 2),
(4, 6, 10, '2019-04-22', 'Tes kemampuan dasar lab', 40, 70, 'tes kemampuan dasar algoritma dan sap', 3),
(5, 6, 10, '2019-04-16', 'Tes software', 20, 70, 'tes kemampuan software eclipse', 4),
(6, 6, 10, '2019-04-24', 'lab test', 10, 80, 'tes kemampuan untuk divisi ons dan pnt', 5),
(7, 6, 10, '2019-04-08', 'Tes MBTI', 0, 0, 'tes MBTI', 1);

-- --------------------------------------------------------

--
-- Table structure for table `assessment_result`
--

CREATE TABLE `assessment_result` (
  `id_ar` int(11) NOT NULL,
  `id_as` int(11) NOT NULL,
  `nim` int(10) NOT NULL,
  `score` int(3) NOT NULL
) ENGINE=MyISAM DEFAULT CHARSET=latin1;

--
-- Dumping data for table `assessment_result`
--

INSERT INTO `assessment_result` (`id_ar`, `id_as`, `nim`, `score`) VALUES
(1, 8, 1201154229, 80),
(5, 8, 1102120093, 85);

-- --------------------------------------------------------

--
-- Table structure for table `candidate`
--

CREATE TABLE `candidate` (
  `nim` int(10) NOT NULL,
  `alamat` varchar(150) NOT NULL,
  `t_lahir` varchar(100) NOT NULL,
  `tgl_lahir` date NOT NULL,
  `email` varchar(50) NOT NULL,
  `tlp` varchar(12) NOT NULL
) ENGINE=InnoDB DEFAULT CHARSET=latin1;

--
-- Dumping data for table `candidate`
--

INSERT INTO `candidate` (`nim`, `alamat`, `t_lahir`, `tgl_lahir`, `email`, `tlp`) VALUES
(1102120007, 'Jl. Maleer Indah II no. 20', 'West Java', '2019-04-01', 'irfandarmawan@telkomuniversity.ac.id', '082218909229'),
(1201140033, 'Bojongsoang', 'Bandung', '0000-00-00', 'fik@ensyselab.com', '0815454455'),
(1201150043, 'Jl. Letjend Sarbini no.87', 'Sumedang', '2019-05-14', 'farhanfatur99@gmail.com', '081295223784'),
(1201154229, 'kjkjk', 'Bali', '1993-05-18', 'arya@gmail.com', '0821177750'),
(1201160109, 'komplek taman cibaduyut indah blok K no 33 Bandung', 'Bandung', '1998-06-27', 'tiaraanandah@gmail.com', '082216642284'),
(1201160144, 'Komplek permata buah batu blok C nomor 55, Bandung', 'Bandung', '1997-11-04', 'citra@tirtakalimaya.com', '082116612366'),
(1201160396, 'Jl. Yos Sudarso 1C, Kota Mojokerto', 'Mojokerto', '1999-03-07', 'feilianasuryadharma@gmail.com', '082216642535'),
(1201161135, 'Jl. Sukabirus No.A1a', 'Balikpapan', '1998-01-06', 'febryan354@gmail.com', '+62812239443'),
(1201162071, 'Sukabirus', 'Majalengka', '1999-10-04', 'Pancake.dani@gmail.com ', '082119891918'),
(1201162112, 'Jln. Umayah 2 Sukabirus Kosan KAV50', 'Lubuklinggau', '1998-01-05', 'msycahaya5@gmail.com', '082216642589'),
(1201164013, 'jln ciganitri no 30 de green vilage', 'palembang', '1998-04-23', 'aldirahmawan23@gmail.com', '089660668566'),
(1201164018, 'Jl Terusan Batununggal No. 3A', 'Duri, Pekanbaru, Riau', '1997-09-08', 'ikhbalef97@gmail.com', '081223522641'),
(1201164037, 'Griya Mahasiswa, Jalan Sukabirus No. A1a', 'Depok', '0000-00-00', 'nadyasaniyya13@gmail.com', '+62822166451'),
(1201164040, 'Jalan Wirasari 4 No 34 RT 04/ RW 04, Tuparev, Cirebon', 'Cirebon', '1998-08-12', 'sunghanus@gmail.com', '083823504477'),
(1201164064, 'bandung', 'denpasar', '1998-04-01', 'rsujudi@gmail.com', '081321331321'),
(1201164074, 'Jalan sukabirus umayah 2', 'Tanjung enim', '0000-00-00', 'Dinadwinovella10@gmail.com', '081351534097'),
(1201164081, 'Jalan sukabirus gang gotong royong 91A bojongsoang Bandung', 'Bogor', '0000-00-00', 'asysyifaramadhan98@gmail.com', '082117263627'),
(1201164101, 'Kos kirana, jl.h.umar', 'Bekasi', '0000-00-00', 'Rizka.cahya.407@gmail.com', '082216644698'),
(1201164166, 'Adhyaksa iv no 8', 'Samarinda', '1998-07-13', 'mrizkyadithya@gmail.com', '081952564324'),
(1201164172, 'Komplek Pemda 2 Blok i No.72 Cimahi', 'Bandung', '0000-00-00', 'dwiratnaamalia@gmail.com', '081214143894'),
(1201164184, 'Jalan Sutera Kirana V No.116,Alam Sutera Tangerang Selatan', 'Surabaya', '1998-06-18', 'firdahdipi86@gmail.com', '085945641821'),
(1201164197, 'Jl. Permata Buah Batu blok A21', 'Bandung', '1997-07-04', 'wijayahervin@gmail.com', '082216533615'),
(1201164205, 'Studio kost, umayah 1. ', 'Jakarta', '1998-05-25', 'reiriayurisyani@gmail.com', '081317171947'),
(1201164209, 'Perumahan Kiara sari sari, jalan kiarassari Permai III NO 10', 'Jakarta', '1998-03-24', 'ullxkhnns@gmail.com', '082113992104'),
(1201164236, 'Jalan Adyaksa 1 No 18 ', 'Tabanan', '1998-06-20', 'wiraranata@gmail.com', '??+62 823 62'),
(1201164255, 'jl.Girimekar Permai blok C no. 32 RT 04 RW20 Kabupaten Bandung', 'Bandung', '1998-07-30', 'irfanrachmawan98@gmail.com', '082215103992'),
(1201164269, 'Jl.rorotan IX perum:mutiara rorortan rt17/07 No.80 kel.rorotan kec.cillincing jakarta utara', 'Boyolali', '1998-12-23', 'desyam98@gmail.com', '082126750138'),
(1201164297, 'jl umayah 1 kosan puri indah 1 kamar 303, Bojongsoang', 'Lahat', '1998-09-23', 'rchsev@gmail.com', '082216642224'),
(1201164315, 'jl umayah 1 kosan puri indah 1 kamar 303, Bojongsoang', 'jawa barat', '1998-09-23', '1201164315', '082216642224'),
(1201164325, 'Jl. Sukabir Gang. Akil 1 Kost PMM', 'Bandung', '1998-03-23', 'yogifachlivan23@gmail.com', '08239250731'),
(1201164330, 'Permata Regensi Blok A6 No.7 RT.01 RW.15 Wanasari Cibitung', 'Jakarta', '1998-10-14', 'hanif.ilman442@gmail.com', '081284718169'),
(1201164365, 'Jl. Leuwi anyar 5 No. D-15 Bandung', 'Bandung', '1998-09-21', 'sophiayasmineap@gmail.com', '087733260126'),
(1201164371, 'Gg. PGA, Wisma Kartika 4, Lengkong, Bojongsoang, Kab. Bandung', 'Cilacap', '1999-01-02', 'kurniawanrr@gmail.com', '081329049689'),
(1201164390, 'jalan telekomunikasi kos fernando ,(depan bunderan telkom university)', 'SUKOHARJO', '1998-01-24', 'shafiranurlitasari@gmail.com', '085923289810'),
(1201164431, 'jl.cipaku indah 2 komplek setiabudhi terrace no a 14 b, bandung 40151', 'bandung', '1998-03-28', 'evelyndevianoer@gmail.com', '082126365876'),
(1201164487, 'Jln. H.Umayyah 1 Kosan Pondok Annisa ', 'Aceh ', '1998-12-01', 'maulizardesrosa75@gmail.com', '082370463657'),
(1201170025, 'Komplek Taman Agung Blok H No 16, Pemalang, Jawa Tengah', 'Gianyar', '1999-05-22', 'melaniaamandaas@gmail.com', '081228502234'),
(1201170204, 'Jl. Ciganitri No.24 Perumahan Ganitri Residence, Cipagalo, Kab Bandung', 'Bandung', '2000-01-02', 'mrifai814@gmail.com', '081220908295'),
(1201170237, 'Sukabirus, Jl. Umayah 2', 'Garut', '0000-00-00', 'hasyasabila61pc@gmail.com', '081324228299'),
(1201170314, 'Jalan Sukabirus RT 2/RW VIII Blok B no 38 Gang Slamet II Desa Citeureup, Kecamatan Dayeuhkolot, Bandung 40257', 'Manado', '1998-07-27', 'alyssays27@gmail.com', '085785164838'),
(1201170315, 'Jl. Umayah 1 no.18', 'Jakarta', '1999-08-04', 'prsqhnf@gmail.com', '081315029244'),
(1201170362, 'Jl. Puri Ayu Pratama IV no. 7', 'Balikpapan', '1999-07-18', 'iqbaltawtaw@gmail.com', '085603116091'),
(1201170394, 'Jl Wahyu III No 12A', 'Jakarta', '1999-11-11', 'taniaayusukma@gmail.com', '081314770999'),
(1201170415, 'Jl. Raya Bojongsoang, Komp. Griya Bandung Asri 1 Blok D 306', 'Kupang', '1998-07-09', 'lenteraano@gmail.com', '08116078995'),
(1201170424, 'Jln. H. Umar no.12', 'Jakarta', '2000-03-11', 'rizky.ibnu.2000@gmail.com', '089631738195'),
(1201173043, 'Gatak, Kujon Ceper Klaten, Jawa Tengah', 'Klaten, Jawa Tengah', '1999-01-10', 'puputnc87@gmail.com', '085713211063'),
(1201173058, 'jln. adhiyaksa barat no 9 rt 04 rw 05 desa sukapura kecamatan dayeuh kolout kabupaten bandung kode pos 40267 kos bougenville', 'bekasi', '1999-03-06', 'agiyoga1234@gmail.com', '081284835566'),
(1201173365, 'Jl. Umayah 2', 'Jakarta', '0000-00-00', 'fauziaanindya123@gmail.com', '081310162171'),
(1201174011, 'Jalan Umayah 1 Kav 15', 'Pati', '1999-02-03', 'dyahputri@gmail.com', '085777477921'),
(1201174071, 'Jln. Nusa Indah XI blok J.9 no.5 BBS 2 Cilegon-Banten', 'Serang', '1999-02-04', 'nauramaisazahra42@gmail.com', '087784471224'),
(1201174086, 'Jalan Ukir Raya No. 90 RT 008, RW 013, Cengkareng Timur, Cengkareng, Jakarta Barat', 'DKI Jakarta', '0000-00-00', 'alanramadhan2@gmail.com', '082282228237'),
(1201174123, 'Jalan Lurah Sudarto, Wonosobo, Jawa Tengah', 'Palembang', '1999-09-01', 'nrezqih@gmail.com', '085225205089'),
(1201174137, 'sukabirus', 'kota bandung', '1999-07-16', 'oetariwiandany99@gmail.com', '+62878853889'),
(1201174143, 'Jl. Babakan Ciamis No. 60B, Sukapura', 'Jakarta', '1999-11-23', 'salsabilahputrisuharto@gmail.com', '081389214848'),
(1201174167, 'jl sukarno hatta 49 B Ponorogo Jawa Timur', 'Ponorogo', '1998-05-15', 'anisshaa15@gmail.com', '081313067855'),
(1201174185, 'jln. sukabirus lrg. Pga kosan bu Ajeng ', 'Baturaja', '1999-04-02', 'hafizaaprilia10@gmail.com', '089580321490'),
(1201174200, 'Wonokambang 01/02, Tirtomulyo, Plantungan, Kendal', 'Kendal', '1999-02-09', 'Arifiantoajiputro@gmail.com', '082215254771'),
(1201174230, 'Jl. Haji Umar, Citeureup, Dayeuhkolot, Bandung', 'Cianjur', '1999-04-04', 'hilmyabdullah55@gmail.com', '085759888421'),
(1201174255, 'Jl. Sekartaman 45a', 'Ponorogo', '1998-07-13', 'sandyargya123@gmail.com', '081231672240'),
(1201174288, 'komp grand kopo b-2', 'Bandung', '1999-10-24', 'fadelfadil21@gmail.com', '081313067210'),
(1201174313, 'Jungke RT 01 RW 01, Karanganyar, Surakarta', 'Karanganyar', '1999-05-04', 'likahsaputri@gmail.com', '081226152402'),
(1201174337, 'Jalan Ciganitri Nomor 24 Ganitri Residence Nomor 3', 'Jombang', '1999-02-07', 'farizhafiz107@gmail.com', '082234487000'),
(1201174338, 'Jalan Rawa Buntu Selatan Blok E2/11 sektor 1.1 BSD, Tangerang Selatan', 'Jakarta', '1999-10-29', 'argadiipta@gmail.com', '083812576782'),
(1201174370, 'gang pga', 'pangkalpinang', '1999-07-01', 'liaylna16@gmail.com', '085273556211'),
(1201174379, 'Jl. Hj. Umayah 2 Kav. 52 Sukabirus-Bandung 40257', 'Balikpapan', '2000-01-28', 'kevin.aufarrizky@gmail.com', '08115493129'),
(1201180003, 'RT 1 RW 2 DUSUN JATIGREGES DESA JATIGREGES KECAMATAN PACE NGANJUK JAWA TIMUR', 'KAB. NGANJUK', '1999-09-23', 'septydarmantya@gmail.com', '081336373009'),
(1201180008, 'grand wisata cluster festive garden AG 3/12 bekasi tambun selatan', 'bekasi', '0000-00-00', 'sulthanarft3@gmail.com', '081295999303'),
(1201180068, 'bojongsoang', 'Bandung', '2010-08-30', 'ada@gmail.com', '081233456782'),
(1201180176, 'Jalan Telekomunikasi no. 1 Terusan Buah Batu - Dayeuhkolot, Asrama Putra Telkom University Gedung 6 (Liran), Dayeuhkolot, Kabupaten Bandung, Jawa Bara', 'Yogyakarta', '1999-09-28', 'alfiandh@gmail.com', '082243565688'),
(1201180210, 'Jl.Telekomunikasi no.1', 'Malang', '2000-02-04', 'radityaevan04@gmail.com', '08113230034'),
(1201180281, 'Pesona Bali Residence', 'Bandung', '2000-06-28', 'anisya.chacha@gmail.com', '081385248828'),
(1201182458, 'Jalan Aster 1 Komplek GBA 2 Blok N4/3A Ciganitri', 'Jakarta', '2000-05-16', 'izidan85@gmail.com', '082112523411'),
(1201183382, 'Pesona Bali Residence Blok A5 no. 12', 'Jakarta', '1999-10-15', 'adeahmadfaisalade@yahoo.co.id', '082219726933'),
(1201184109, 'asrama telkom gedung 1 kamar 323', 'probolinggo, Jawa timur ', '2000-08-22', 'alfatih3p@gmail.com', '08970244860'),
(1201184138, 'PUSPA RAYA BLOK DK/42 KEL.BOJONGBAR KEC.BOJONGGEDE ', 'SUNGAI LIAT, BANGKA', '2019-06-01', 'woroayu03@gmail.com', '082219726637'),
(1201184145, 'Asrama putri gd c', 'Jombang', '1999-06-20', 'dianksmd8@gmail.com', '082219726713'),
(1201184173, 'KOMPLEK GRIYA BANDUNG ASRI 1 BLOK K-29 KECAMATAN BOJONGSOANG KABUPATEN BANDUNG KABUPATEN BANDUNG JAWA BARAT', 'Purwokerto', '2000-05-28', 'Prakosoprima5@gmail.com', '082117490090'),
(1201184214, 'perumahan griya bandung asri 1 block d no 158', 'tasikmalaya', '2000-06-27', 'kresnaputra98@gmail.com', '082295694620'),
(1201184312, 'Sidanegara Indah Blok 1 No. 46', 'Cilacap', '2000-02-24', 'dzakialfan@gmail.com', '087719703210'),
(1201184447, 'Jl karasak utara 3/6', 'Jakarta', '2000-06-24', 'alriqrahmansyahferi@gmail', '081312782309'),
(1202154132, 'Griya Bukit Mas Blok D10', 'Cirebon', '1997-04-28', 'praadhgevlaks@gmail.com', '+62899860678'),
(1202160045, 'Cherry Field Cluster Cistena No. C6, Jl. Desa Lengkong -  Bojongsoang', 'Kota Bekasi - Pondok Gede', '1998-08-27', 'airinxoyirin@gmail.com', '081905541027'),
(1202160048, 'Kos Pondok Permata Sukabirus Bandung', 'Kediri', '1998-01-08', 'kendryayu98@gmail.com', '081216377296'),
(1202160061, 'Jl Sukabirus RT 01 RW 13, Pondok Arjuna 2', 'Praya, Lombok', '1998-01-13', 'nuneelga13@gmail.com', '087859131007'),
(1202160105, 'jl. Raya Banjaran-Pangalengan no. 392B', 'Indonesia', '1997-01-19', 'dnyusufr@gmail.com', '+62812957275'),
(1202160107, 'Jl. Bougenville 6 No.13 Gempol Sari Indah', 'Bandung', '1997-12-30', 'hafidzrizky07@gmail.com', '082218589373'),
(1202160132, 'Jl. Telekomunikasi GG PGA No. 45 Bandung', 'Magetan', '1998-06-18', 'jelitaputrid@gmail.com', '082216649968'),
(1202160205, 'Perumahan Cherry Field, Cluster Crystalina, No 18/B, Jalan Ciganitri, Buah Batu', 'Jakarta', '1998-02-10', 'adidharmatoru@gmail.com', '+62859383698'),
(1202160215, 'Jl. Umayah no.20 Sukabirus', 'Padang Panjang', '1998-04-12', 'fadhilahdianutami12@gmail.com', '083180151859'),
(1202160251, 'Jl. Telekomunikasi No.1 Gang PGA Kos Pondok Arfa', 'Jember', '1999-02-26', 'iqbalghauzhi@gmail.com', '082216650760'),
(1202160288, 'Bandung', 'Kudus', '1998-10-15', 'alifshofa.danutirta@gmail.com', '081222323712'),
(1202160382, 'Sukabirus A no. 56', 'Tangerang', '1998-05-08', 'rizkyp8mei@gmail.com', '085864759137'),
(1202162175, 'Pokdok Barokah Jalan PGA RT.002 RW.004', 'Tangerang', '1998-07-07', 'ferryansa.id@gmail.com', '081294950077'),
(1202163259, 'Labuan, Kab.Pandeglang, Prov.Banten', 'Pandeglang', '1998-09-29', 'fazrykhairi29@gmail.com', '087771888668'),
(1202164007, 'Jl. Sukabirus gg. PGA', 'Muara Teweh', '1998-12-29', 'RaihanahIsmahr@gmail.com', '088218573383'),
(1202164029, 'Babakan Sari Rt 04 Rw 09 no 213 kelurahan padasuka cimahi tengah', 'Bandung', '1997-12-14', 'fathanali29@gmail.com', '081214213855'),
(1202164031, 'Jalan Bojongsoang, Gang PGA', 'Doloksanggul', '1998-07-07', 'poltakandreasmarbun123@gmail.com', '085262847484'),
(1202164039, 'Jl. Adhyaksa 1 No. 6 Sukapura, Bandung', 'Lumajang', '1998-05-18', 'melyanta.annisa@gmail.com', '082116653405'),
(1202164087, 'Jln PGA', 'Sidoarjo', '1996-11-27', 'atho.novian@gmail.com', '087752750489'),
(1202164092, 'Jalan Sukabirus No.A12 Rt.01 Rw.08 Desa Citeureup Kecamatan Dayeuh Kolot Kabupaten Bandung', 'Bukittinggi', '1998-04-19', 'auliafakhri19@gmail.com', '082284942698'),
(1202164121, 'Jl. H. Umayah 2 Sukabirus', 'Jakarta', '1998-07-05', 'annisadwiayu@gmail.com', '081311039817'),
(1202164146, 'jl. Cikoneng Bojong Soang', 'Lebak', '1998-07-21', 'rizkyrhakiki21@gmail.com', '082216650210'),
(1202164194, 'Pesona Bali Residence Blok E8 no 2', 'Jember', '1997-08-08', 'dewanggaputra0808@gmail.com', '082216649805'),
(1202164204, 'Jl Emong No 6 Bandung', 'Bandung', '1998-12-10', 'Azkajulda@gmail.com', '081320341332'),
(1202164213, 'Jalan Suka Asih nomor 21-22', 'Bandung', '1998-04-17', 'fikrimiftahm@gmail.com', '082214124671'),
(1202164225, 'Perum. Taman Gading FF.12, Kel. Tegal Besar, Kec.Kaliwates, Jember', 'Jember', '1998-03-05', 'submitboxinas@gmail.com', '082216650701'),
(1202164284, 'Kost Mega Priangga, Jl. Sukabirus No.11 A', 'Tangerang', '1998-08-29', 'abdulazies55@gmail.com', '082213124191'),
(1202164314, 'Jalan Sukabirus No 65, Kos Pondok Permata.', 'Jakarta', '1997-09-10', 'amelfqhyh@gmail.com', '08112344001'),
(1202164323, 'Jl.PGA , No.72', 'Bandung', '0000-00-00', 'febriansyahnst@gmail.com', '082217232322'),
(1202164390, 'House of Yohana, Gang PGA no 17', 'Batam', '0000-00-00', 'sylvia.fengg@gmail.com', '082216650885'),
(1202170023, 'Jl. Sukabirus Gg. Slamet 3 No. 12e', 'Jakarta', '1999-03-29', 'srbalqis@gmail.com', '081313079757'),
(1202170050, 'Jalan Sukabirus Gg Selamet VI,Pondok Anugrah', 'Kabupaten Karimun', '2000-02-06', 'ghaziaga@gmail.como', '082389200466'),
(1202170063, 'Jl Haji Umar kos kirana2 , Sukabirus ', 'Sukoharjo', '0000-00-00', 'tikastriani17@gmail.com', '081357445060'),
(1202170162, 'Jl. Atmawigena no 76 Citeureup, Dayeuhkolot, Bandung', 'Jakarta', '2017-09-29', 'jochikacandradewi@gmail.com', '081221550141'),
(1202170166, 'Kos Abu, Jalan Sukabirus No. 55A, Rt. 5, Rw. 15, Dayeuhkolot, Kab. Bandung, Jawa Barat', 'Sragen', '1999-04-10', 'sabilachanifah10@gmail.com', '082225084421'),
(1202170168, 'Kp waas RT05/01 kecamatan pameungpeuk kabupaten bandung', 'Bandung', '1999-11-20', 'budipradana82@gmail.com', '082216137518'),
(1202170190, 'Jl.  Landak Baru Lr.  9B No. 10C', 'Ujung Pandang', '0000-00-00', 'muhammadyusuftantu@gmail.com', '082320118992'),
(1202170229, 'Pondok Teladan, Sukabirus', 'Jambi', '1999-02-16', 'valenstave16@gmail.com', '085298833199'),
(1202170250, 'JL. Sukabirus No. F32 desa citereup', 'Jakarta', '1999-12-08', 'rahadianaldi@gmail.com', '081313177679'),
(1202170280, 'Gunung Batu', 'Pangkalpinang', '1999-04-15', 'ditaprillia1504@gmail.com', '081278742034'),
(1202170323, 'BANDUNG,  JAWA BARAT', 'BANDUNG', '1999-10-20', 'josearmandoprtma52@gmail.com', '085776243190'),
(1202170365, 'Jl. Umayyah II Kav.40, Sukabirus', 'D. I. Yogyakarta', '1999-03-27', 'auranafa273@gmail.com', '082130510307'),
(1202171049, 'Jln sukabirus no 110 wisma embun pagi', 'Banyuwangi', '1999-06-04', 'thoni.shohibus@gmail.com', '087835572967'),
(1202172009, 'Jalan indah no.134-k jagakarsa jakarta selatan', 'Bekasi', '1999-11-25', 'Mfauzan56@gmail.com', '081298663931'),
(1202172014, 'Gang slamet 2 jl sukabirus', 'Bekasi', '1999-03-23', 'Vinadwianap@gmail.com', '083808143623'),
(1202172024, 'Jl.umayah 2', 'Jakarta', '2000-02-08', 'praise.setiawan@gmail.com', '081211547197'),
(1202172064, 'Puri sriwedsari Blok O no. 9 Cibubur Depok', 'Mataram', '1999-06-28', 'kusumahsamakoi@gmail.com', '081281800928'),
(1202172230, 'Kost White House, Jalan Sukabirus', 'Banjarmasin', '1999-07-27', 'rifkirusandi1999@gmail.com', '081350072761'),
(1202172373, 'Sukabirus', 'Ngawi', '1999-06-29', 'irmalistiaalfiani@gmail.com', '085232108631'),
(1202173304, 'Sukabirus, bojongsoang, Bandung.', 'Pariaman', '1999-10-11', 'mhdfadwa@gmail.com', '081270804772'),
(1202174004, 'Bandung', 'Tasikmalaya', '1999-09-21', 'astutiw693@gmail.com', '082316039303'),
(1202174020, 'Jl. Mangga dua no 9 RT 02 RW 01 Sukapura bandung', 'Bandung', '1999-01-05', 'fadhilaqirani@gmail.com', '081288019241'),
(1202174037, 'Jl. Mangga Dua Gang Suju RT 6 RW 2 No 37, Desa Sukapura, Kec Dayeuhkolot, Bandung Kode Pos: 40267', 'Lumajang', '1999-11-19', 'iyakiwan19@gmail.com', '082244073551'),
(1202174068, 'perumahan Arcamanik', 'Jakarta', '1999-09-07', 'alwanalyafi7@gmail.com', '081320929594'),
(1202174071, 'Jln.Sukabirus Kos Pondok Agung No.A54', 'Makassar', '1999-05-24', 'syafirahfira24@gmail.com', '089580086145'),
(1202174082, 'Bandung', 'Tangerang', '1999-03-29', 'umizahroh29@gmail.com', '081313074330'),
(1202174084, 'Kost Kirana 2, Jl. H. Umar Sukabirus', 'Palembang', '1999-09-28', 'zahirahlidanta@gmail.com', '081273701999'),
(1202174085, 'Sukabirus Bandung', 'Medan', '2019-05-02', 'yosephinetarigan138@gmail.com', '082276350304'),
(1202174089, 'bandung, kab.bandung', 'palembang', '1999-04-09', 'khadijahhalimah@gmail.com', '089533468437'),
(1202174096, 'Kost kirana belakang lapangan tenis', 'Sorong', '1999-09-06', 'faidatulhikmah69@gmail.com', '082338343435'),
(1202174104, 'Perumahan Permata Buah Batu Blok C57', 'Jakarta', '1999-12-31', 'Mabiyyumunif@gmail.com', '087786654377'),
(1202174114, 'Pondok Agung, jl. Sukabirus  No. A 54 RT 01 RW 13 Bandung', 'Bandung (Kabupaten)', '1999-07-25', 'kiranadhiatama25@gmail.com', '081287624940'),
(1202174122, 'Jalan ciganitri, gardenia resident , bojongsoang, bandung', 'Denpasar', '2000-03-31', 'junior.ancruk@gmail.com', '089681034626'),
(1202174137, 'Jalan Hj. Umayah 2 Sukabirus', 'Gianyar', '2000-02-20', 'adhityakusumadinatha@gmail.com', '081313072054'),
(1202174153, 'Pesona bali residence blok A1 no 13', 'Malang', '1999-03-23', 'tukeyajik23@gmail.com', '082132613417'),
(1202174157, 'Perum. Griya Bandung Asri blok F 7 ', 'Bekasi', '1999-09-01', 'devitaawulandari@gmail.com', '081285940491'),
(1202174183, 'Babakan 06/02, Kalimanah, Purbalingga', 'Purbalingga', '1999-08-10', 'fahrizalhd@gmail.com', '08975808515'),
(1202174201, 'Jl. Baturaden III Ciwastra', 'Ujungpandang', '2019-04-03', 'yatna.subagja@gmail.com', '087737878780'),
(1202174241, 'BSA 1 blok B10 Cikoneng, Bandung', 'Magetan', '1999-03-30', 'singgihkrisma99@gmail.com', '085235677058'),
(1202174246, 'Jln. Sukabirus No. 15', 'Bandung', '1999-04-12', 'mzikri450@gmail.com', '082288323109'),
(1202174259, 'jl. sukabirus gang gotongroyong vilaa dewi', 'Kendari', '1999-11-19', 'shitawidya1911@gmail.com', '087884899106'),
(1202174269, 'Desa lengkong RT 03 RW 02 Gang PGA rumah no 79(Kos Ibu Wiwin), kec.bojongsoang, kab.Bandung, Jawa Barat 40287', 'Tampahan', '1999-08-18', 'riulitasimanjuntakgrace18@gmail.com', '082273525572'),
(1202174281, 'Komplek BSA 1 Blok b10, cikoneng, bojongsoang', 'Yogyakarta', '1998-09-13', 'ghozaliandri@gmail.com', '081932977732'),
(1202174313, 'SILAMOSIK I, KECAMATAN PORSEA, KABUPATEN TOBA SAMOSIR, SUMATERA UTARA', 'MEDAN', '2000-06-06', 'sriintannainggolan@gmail.com', '082276859987'),
(1202174326, 'Adhyaksa Raya Kost Violet', 'Jakarta', '1998-12-10', 'ilhamnyto@gmail.com', '085775100098'),
(1202174351, 'Jl. mangga dua sukapura', 'Padang', '1999-02-15', 'refzakurniawan0@gmail.com', '082392279953'),
(1202174354, 'Jl.Haji Umayah No 18, Sukabirus ', 'Gianyar, Bali', '1999-05-03', 'priyankasoniad99@gmail.com', '081238973658'),
(1202174355, 'Jl. Telekomunikasi Terusan Buah Batu,  Bandung', 'Bandung', '1999-09-21', 'tanianielsany2199@gmail.com', '082267669507'),
(1202180287, 'Jalan jaguar , Ciganitri blok F no.25', 'Jakarta', '0000-00-00', 'Evanreswara@gmail.com', '081284258918'),
(1202183388, 'Telkom university, jl. telekominikasi, buah batu, Bandung', 'Bansang, The Gambia', '1991-09-27', 'ayubajobarteh51@gmail.com', '087881866758'),
(1202184159, 'Jl. Telekomunikasi No. 01 Kawasan Asrama Putri Gd. F Bandung', 'Blitar', '2000-05-07', 'nurhidaylma@gmail.com', '085604437356'),
(1202184347, 'Asrama Putra, Gedung 10, Telkom University, Bandung Dayeuhkolot, Kab. Bandung, 40257', 'Manado', '2019-02-19', 'danielpolii19@gmail.com', '082219739161');

-- --------------------------------------------------------

--
-- Table structure for table `laboratory`
--

CREATE TABLE `laboratory` (
  `id_lab` int(11) NOT NULL,
  `laboratory_name` varchar(255) NOT NULL,
  `short_name` varchar(10) NOT NULL,
  `icon` varchar(50) NOT NULL,
  `pembina` varchar(150) NOT NULL
) ENGINE=InnoDB DEFAULT CHARSET=latin1;

--
-- Dumping data for table `laboratory`
--

INSERT INTO `laboratory` (`id_lab`, `laboratory_name`, `short_name`, `icon`, `pembina`) VALUES
(1, 'Facilities Planning Laboratory', 'PFT', 'iconsi-pft', 'Ika Arum Puspita, S.T., M.T.'),
(2, 'Techno Economy Laboratory', 'TEKMI', 'iconsi-tekmi', 'Maria Della Rosawati, S.T., MBA'),
(3, 'Technical Drawing Laboratory', 'GTX', 'iconsi-gartek', 'Ayudita, S.T., M.Sc.'),
(4, 'Industrial Statistic & Operational Research Laboratory', 'SIPO', 'iconsi-sipo', 'Hilman Dwi Anggana., S.Si., M.Sc.'),
(5, 'Production System & Automation Laboratory', 'SISPROMASI', 'iconsi-sispromasi', 'Ir. Widia Juliani., M.T.'),
(6, 'Manufacturing Process Laboratory', 'PROSMAN', 'iconsi-prosman', 'Rino Andias Anugraha, S.T., M.M.'),
(7, 'Business Simulation Laboratory', 'SIMBI', 'iconsi-simbi', 'Dr. Femi Yulianti'),
(8, 'Work Design & Analysis Laboratory', 'APK&E', 'iconsi-apk', 'Mira Rahayu, S.T, M.T'),
(9, 'Product Development Laboratory', 'P-DEV', '', 'Muhammad Iqbal, S.T, M.M.'),
(10, 'Enterprise System Engineering', 'ENSYS', '', 'Rayinda Pramuditya Soesanto, ST., MT'),
(11, 'Dasar Pemrograman', 'DASPRO', '', 'Rachmadita Andreswari, S.Kom., M.Kom.'),
(12, 'Sistem Operasi dan Jaringan', 'SISJAR', '', 'Adityas Widjajarto, S.T., M.T.'),
(13, 'Enterprise Application Development', 'EAD', '', 'Rahmat Fauzi, S.T., M.T.'),
(14, 'Business Process Analysis and Design', 'BPAD', '', 'Asti Amalia Nur Fajrillah, B.MM., M.Sc.'),
(15, 'Enterprise Resource Planning', 'ERP', '', 'Warih Puspitasari, S.Psi., M.Psi.'),
(16, 'Information Technology Governance, Risk, and Compliance Management', 'ITGRC', '', 'Anik Hanifatul Azizah, S.Kom., M.IM.');

-- --------------------------------------------------------

--
-- Table structure for table `labwork`
--

CREATE TABLE `labwork` (
  `id_labwork` int(11) NOT NULL,
  `labwork_name` varchar(100) NOT NULL
) ENGINE=MyISAM DEFAULT CHARSET=latin1;

--
-- Dumping data for table `labwork`
--

INSERT INTO `labwork` (`id_labwork`, `labwork_name`) VALUES
(19, 'Keamanan Sistem Informasi'),
(18, 'Object Oriented Programming'),
(17, 'Struktur Data dan Algoritma'),
(15, 'SAP AC 010'),
(16, 'Algoritma Pemrograman'),
(13, 'SAP SCM 100'),
(14, 'SAP SCM 300'),
(12, 'SAP Fundamental'),
(11, 'Praktikum Algoritma Pemrograman'),
(10, 'Praktikum Analisis Perancangan Sistem Informasi'),
(9, 'Praktikum Pengembangan Produk dan Simulasi Industri'),
(8, 'Praktikum Proses Produksi dan Perancangan Sistem Kerja'),
(7, 'Praktikum Pengembangan Produk dan Simulasi Industri'),
(6, 'Praktikum Proses Produksi dan Perancangan Sistem Kerja'),
(5, 'Praktikum Perancangan Sistem Produksi dan Optimasi Industri'),
(4, 'Praktikum Perancangan Sistem Produksi dan Optimasi Industri'),
(3, 'Praktikum Menggambar Teknik'),
(1, 'Praktikum Perancangan Bisnis dan Fasilitas Industri'),
(2, 'Praktikum Perancangan Bisnis dan Fasilitas Industri'),
(20, 'Desain Jaringan Komputer dan Komunikasi Data'),
(21, 'Manajemen Jaringan Komputer'),
(22, 'Dasar Sistem Operasi'),
(23, 'Basis Data'),
(24, 'Web App'),
(25, 'Mobile App'),
(26, 'Enterprise Architecture'),
(27, 'Analisis Perancangan Sistem Informasi'),
(28, 'Rekayasa Proses Bisnis'),
(29, 'Sistem Enterprise'),
(30, 'ERP: SCM 100'),
(31, 'ERP: Human Resource'),
(32, 'ERP: Akuntansi'),
(33, 'ERP: Produksi 500'),
(34, 'Manajemen Layanan'),
(35, 'Basis Data');

-- --------------------------------------------------------

--
-- Table structure for table `lab_labwork`
--

CREATE TABLE `lab_labwork` (
  `id_ll` int(11) NOT NULL,
  `id_lab` int(11) NOT NULL,
  `id_labwork` int(11) NOT NULL
) ENGINE=MyISAM DEFAULT CHARSET=latin1;

--
-- Dumping data for table `lab_labwork`
--

INSERT INTO `lab_labwork` (`id_ll`, `id_lab`, `id_labwork`) VALUES
(34, 16, 34),
(33, 15, 33),
(32, 15, 32),
(31, 15, 31),
(30, 15, 30),
(29, 15, 29),
(28, 14, 28),
(27, 14, 27),
(26, 14, 26),
(25, 13, 25),
(24, 13, 24),
(23, 13, 23),
(22, 12, 22),
(21, 12, 21),
(20, 12, 20),
(19, 12, 19),
(18, 11, 18),
(17, 11, 17),
(16, 11, 16),
(15, 10, 15),
(14, 10, 14),
(13, 10, 13),
(12, 10, 12),
(11, 10, 11),
(10, 10, 10),
(9, 9, 9),
(8, 8, 8),
(7, 7, 7),
(6, 6, 6),
(5, 5, 5),
(4, 4, 4),
(1, 1, 1),
(2, 2, 2),
(3, 3, 3),
(35, 10, 35);

-- --------------------------------------------------------

--
-- Table structure for table `major`
--

CREATE TABLE `major` (
  `id_major` int(11) NOT NULL,
  `major_name` varchar(100) NOT NULL
) ENGINE=MyISAM DEFAULT CHARSET=latin1;

--
-- Dumping data for table `major`
--

INSERT INTO `major` (`id_major`, `major_name`) VALUES
(1, 'Industrial Engineering'),
(2, 'Information System'),
(3, 'Logistic Engineering');

-- --------------------------------------------------------

--
-- Table structure for table `news`
--

CREATE TABLE `news` (
  `id_news` int(11) NOT NULL,
  `news_title` varchar(50) NOT NULL,
  `news_content` varchar(1000) NOT NULL,
  `date` timestamp NOT NULL DEFAULT CURRENT_TIMESTAMP ON UPDATE CURRENT_TIMESTAMP
) ENGINE=MyISAM DEFAULT CHARSET=latin1;

-- --------------------------------------------------------

--
-- Table structure for table `oprec`
--

CREATE TABLE `oprec` (
  `id_oprec` int(11) NOT NULL,
  `id_ay` int(11) NOT NULL,
  `id_labwork` int(11) NOT NULL,
  `start_date` date NOT NULL,
  `end_date` date NOT NULL,
  `description` varchar(500) NOT NULL
) ENGINE=InnoDB DEFAULT CHARSET=latin1;

--
-- Dumping data for table `oprec`
--

INSERT INTO `oprec` (`id_oprec`, `id_ay`, `id_labwork`, `start_date`, `end_date`, `description`) VALUES
(2, 2, 2, '2019-04-01', '2019-04-06', 'Rekruitasi Lab TEKMI untuk asisten Praktikum Perancangan Bisnis dan Fasilitas Industri'),
(3, 2, 1, '2019-04-01', '2019-04-06', 'Rekruitasi Lab PFT untuk asisten Praktikum Perancangan Bisnis dan Fasilitas Industri'),
(4, 2, 4, '2019-04-01', '2019-04-06', 'Rekruitasi Lab SIPO untuk asisten Praktikum Praktikum Perancangan Sistem Produksi dan Optimasi Industri'),
(5, 2, 5, '2019-04-01', '2019-04-06', 'Rekruitasi Lab SISPROMASI untuk asisten Praktikum Praktikum Perancangan Sistem Produksi dan Optimasi Industri'),
(6, 2, 11, '2019-04-01', '2019-04-06', 'Rekruitasi Lab ENSYSe untuk asisten Praktikum Praktikum Algoritma Pemrograman'),
(7, 2, 35, '2019-04-01', '2019-04-06', 'Rekruitasi Lab ENSYSe untuk asisten Praktikum Praktikum Basis Data'),
(8, 2, 20, '2019-04-01', '2019-04-06', 'Rekruitasi Lab SISJAR untuk asisten praktikum Desain Jaringan Komputer dan Komunikasi Data'),
(9, 2, 22, '2019-04-01', '2019-04-06', 'Rekruitasi Lab SISJAR untuk asisten Praktikum Dasar Sistem Operasi'),
(10, 2, 17, '2019-05-01', '2019-04-06', 'Rekruitasi Lab DASPRO untuk asisten Praktikum Struktur Data dan Algoritma'),
(11, 2, 24, '2019-01-01', '2019-04-06', 'Rekruitasi Lab EAD untuk asisten Praktikum OOP dan Pemrograman Web'),
(14, 2, 31, '2019-04-01', '2019-04-06', 'Rekruitasi Lab ERP untuk asisten Praktikum HR'),
(16, 2, 29, '2019-04-01', '2019-04-06', 'Rekruitasi Lab ERP untuk asisten Praktikum SE (SAP 01)'),
(17, 2, 26, '2019-06-01', '2019-04-06', 'Rekruitasi Lab BPAD untuk asisten Praktikum EA'),
(18, 2, 17, '2019-04-01', '2019-04-06', 'Rekruitasi Lab DASPRO untuk asisten Praktikum Struktur Data dan Algoritma'),
(19, 2, 18, '2019-04-01', '2019-04-06', 'Rekruitasi Lab DASPRO untuk asisten Praktikum OOP');

-- --------------------------------------------------------

--
-- Table structure for table `oprec_achievement`
--

CREATE TABLE `oprec_achievement` (
  `id_oprec_achievement` int(11) NOT NULL,
  `id_oprec_gen` varchar(8) NOT NULL,
  `achievement_type` int(11) NOT NULL,
  `achievement_name` varchar(300) NOT NULL,
  `year` int(4) NOT NULL
) ENGINE=InnoDB DEFAULT CHARSET=latin1;

--
-- Dumping data for table `oprec_achievement`
--

INSERT INTO `oprec_achievement` (`id_oprec_achievement`, `id_oprec_gen`, `achievement_type`, `achievement_name`, `year`) VALUES
(2, 'R0602000', 2, 'aaaaa', 1234),
(5, 'R0302000', 2, 'SAP SCM100', 2018),
(6, 'R0302000', 2, 'SAP SCM300', 2018),
(7, 'R0302000', 2, 'SAP01 FUNDAMENTAL', 2018),
(8, 'R0502000', 2, 'SAP SCM 100', 2019),
(9, 'R0502000', 2, 'Koordinator Divisi', 2018),
(10, 'R0502000', 3, 'OJK Goes To Campus', 2017),
(11, 'R0502000', 2, 'Peserta PKKMB', 2017),
(12, 'R0502000', 2, 'Ketua Mudik Roadshow', 2019),
(13, 'R0602002', 3, 'Participant of 6th Project Management Challenge (PMC) ', 2018),
(14, 'R0302002', 1, 'SAP100 ', 2018),
(15, 'R0302002', 1, 'SCM100', 2018),
(16, 'R1202000', 5, 'STAFF OF THE MONTH (UKM IKRAR)', 2018),
(17, 'R1202000', 3, 'Seminar Keilmuan Pameran Karya & Workshop \"Peluang Bisnis diera digital\"', 2017),
(18, 'R1202000', 5, 'Sertifikat Panitia Healty in Holicts Beauty Class KPM Tel-U', 2018),
(19, 'R1302000', 5, 'STAFF OF THE MONTH (UKM IKRAR)', 2018),
(20, 'R1302000', 3, 'Seminar Keilmuan Pameran Karya & Workshop \"Peluang Bisnis diera Digital\"', 2017),
(21, 'R1302000', 5, 'Healty in Holistic Beauty Class KPM Tel-U', 2018),
(22, 'R1302000', 5, 'Sertifikat Mudik Roadshow IKRAR 2018', 2018),
(23, 'R1302000', 5, 'Sertifikat Mudik Roadshow 2019', 2019),
(25, 'R0302000', 1, 'Software R', 2018),
(26, 'R0102003', 1, 'Vignette ', 2019),
(27, 'R1402000', 4, 'Singapore International Model United Nations', 2015),
(28, 'R1402000', 5, '1st Student Achievement Competition at District Level for South Pesisir District West Sumatera ', 2015),
(29, 'R1402000', 5, 'Best Graduant at SMK Negeri 1 Painan Batch 2016 ', 2016),
(30, 'R1402000', 5, '3rd Innovative Technology Competition Android Apps Development Informatics Festival 2018 at Padjadjaran University ', 2018),
(31, 'R1402000', 5, '3rd Winner MonsoonSIM ERP Simulation Competition SIFEST 2018 at Budi Luhur University ', 2018),
(32, 'R1402000', 2, 'Vocational Competence Certificate of Computer and Network Engineering ', 2016),
(33, 'R1402000', 2, 'SAP01 Fundamental Certification', 2016),
(34, 'R1402000', 2, 'Microsoft Virtual Academy : Windows Server Administration Fundamental', 2017),
(35, 'R1402000', 2, 'Microsoft Virtual Academy : SQL Database Fundamental', 2017),
(36, 'R1402000', 2, 'SAP SCM100 : Business Process in Planning Certification', 2018),
(37, 'R1402000', 2, 'SAP SCM300 : Production Overview Certification', 2018),
(38, 'R1402000', 2, 'HR050 : Business Process in Human Capital Management Certification', 2018),
(39, 'R1402000', 2, 'SAP SCM500 : Processes in Procurement Certification', 2019),
(40, 'R0602003', 2, 'CISCO CCNA', 2017),
(41, 'R0602003', 2, 'TOEIC', 2017),
(42, 'R0602003', 2, 'TOEFL', 2018),
(43, 'R0702000', 5, 'Runner Up of Padjajaran Islamic Economic Summit (PIES) Competition', 2018),
(44, 'R0702000', 5, 'Finalist Industrial Design Seminar and Competition (INDISCO)', 2018),
(45, 'R0702000', 3, 'Industrial Design Seminar and Competition (INDISCO)', 2018),
(46, 'R0702000', 1, 'VBA Macro Training by SIPO Laboratory', 2019),
(47, 'R0602004', 2, 'Nihon No Matsuri Cardfight Vanguard Tournament', 2019),
(48, 'R0602005', 3, 'Sekolah Pasar Modal', 2018),
(49, 'R0602006', 1, 'BPPTIK (Balai Pelatihan dan Pengembangan Teknologi Informasi dan Komunikasi)', 2017),
(50, 'R0602006', 2, 'CISCO: CCNA', 2017),
(51, 'R0402002', 1, 'BAT (Basic Automation Training)', 2018),
(52, 'R0402002', 1, 'VBA MACRO ', 2019),
(53, 'R0402002', 1, 'GIS', 2018),
(54, 'R0102004', 2, 'VIGNETTE 6.0', 2018),
(56, 'R0102004', 2, 'Islamic Motivation and Leadership Al-Fath (ISLAH)', 2018),
(57, 'R0102004', 2, 'Pengenalan Kehidupan Kampus Mahasiswa Baru (PKKMB)', 2018),
(58, 'R0102004', 2, 'OSIS SMAN 97 Jakarta', 2018),
(59, 'R0602007', 2, 'SAP SCM100 Certification', 2019),
(60, 'R0602007', 3, 'IEEE FUTURE INSIGHT', 2017),
(61, 'R0602007', 3, 'IEEE Distinguished Lecturer Program', 2018),
(62, 'R0502002', 1, 'ArcGis from PFT LAB.', 2019),
(63, 'R0302004', 1, 'GIS Event and Training', 2018),
(64, 'R0302004', 5, 'INCREASE 2019', 2019),
(65, 'R0302004', 2, 'SAP SCM100', 2018),
(66, 'R0302004', 2, 'SAP SCM300', 2018),
(67, 'R0302004', 2, 'SAP01 FUNDAMENTAL', 2018),
(68, 'R0502003', 1, 'Basic Production System Training', 2018),
(71, 'R0502003', 3, 'Leveraging Technology for Future Industry', 2017),
(72, 'R0902002', 1, 'Pemateri Pelatihan GNS3', 2018),
(73, 'R0902000', 1, 'Pelatihan MANJARKOM 2018', 2018),
(74, 'R0702002', 5, 'Wirausaha Muda Mandiri ', 2018),
(75, 'R0902004', 1, 'Pelatihan Desain Jaringan Komputer dan Komunikasi Data', 2017),
(76, 'R0902004', 1, 'Pelatihan Manajemen Jaringan Komputer', 2018),
(79, 'R0902003', 5, 'Finalis Hology UB 2018', 2018),
(81, 'R0902004', 2, 'SAP SCM 100', 2018),
(83, 'R0902004', 2, 'SAP SCM 300', 2018),
(84, 'R0902004', 2, 'SAP 01 FUNDAMENTAL', 2017),
(85, 'R0902004', 1, 'SAP HR 050', 2018),
(86, 'R0902004', 3, 'Seminar Nasional Cyber Terorisme - Korban dan Bagaimana Mereka Melakukannya', 2017),
(87, 'R0902004', 5, ' International Student Exchange Program-Joint Courses Universitas Telkom dan Universiti of Malaya', 2017),
(88, 'R0902004', 5, 'Juara II Subnetting SISJAR CONFIG THE NETWORK', 2018),
(89, 'R0802000', 5, 'International Languange And Cultural Festival', 2017),
(91, 'R0902000', 5, 'JUARA 3 ALCEASE WEIGHTED MAX REPS ', 2018),
(92, 'R0902000', 5, 'JUARA 2 ALCEASE WEIGTED MAX REPS ', 2019),
(95, 'R0902007', 1, 'Pelatihan Dasar Jaringan', 2017),
(96, 'R0602008', 1, 'GIS Application Training', 2019),
(97, 'R0802004', 2, 'Pelatihan MANJARKOM 2018', 2018),
(98, 'R0802004', 5, 'JUARA 3 ALCEASE WEIGTED MAX REPS ', 2018),
(99, 'R0802004', 5, 'JUARA 2 ALCEASE WEIGTED MAX REPS ', 2019),
(100, 'R0802003', 5, 'KONTINGEN ON MIPA LLDIKTI WILAYAH 4', 2019),
(102, 'R0802003', 5, 'LOMBA MENULIS PUISI  ANTIKORUPSI', 2018),
(103, 'R0802003', 5, 'LOMBA MENULIS CERITA PENDEK ANTIKORUPSI ', 2018),
(104, 'R0802003', 1, 'INDONESIA MARKETING ASSOCIATION ', 2018),
(105, 'R0802003', 5, 'OLIMPIADE NASIONAL ON MIPA TELKOM UNIVERSITY', 2019),
(106, 'R0802003', 1, 'PUBLIC SPEAKING FOR CONFIDENT', 2019),
(107, 'R0802003', 4, 'CONFERENCE DIGITAL INNOVATION FESTIVAL ', 2018),
(108, 'R0902006', 1, 'Indonesia Android Kejar', 2018),
(110, 'R0902006', 1, 'Kubernetes - Cloud Study Jam 2019, GDG Bandung', 2019),
(112, 'R0902008', 1, 'Pelatihan Manajemen Jaringan Komputer', 2018),
(113, 'R0902006', 2, 'TOEFL (Score 486)', 2016),
(116, 'R0902006', 2, 'SAP Fundamental', 2016),
(119, 'R0902008', 2, 'ESAP Telkom Unviversity', 2016),
(122, 'R0502003', 1, 'Solidworks', 2018),
(124, 'R0902008', 3, 'Sosialisasi 4 Pilar Kebangsaan', 2017),
(125, 'R0902008', 1, 'PKKMB', 2016),
(126, 'R0902008', 3, 'Seminar Sumpah Pemuda', 2016),
(128, 'R0902006', 2, 'SAP Fundamental', 2016),
(129, 'R0902006', 2, 'SAP SCM 100', 2018),
(130, 'R0902006', 2, 'SAP SCM 300', 2018),
(132, 'R0902006', 1, 'DIKLATSAR KOPMA UNITEL', 2018),
(134, 'R0902006', 2, 'SAP HR', 2018),
(138, 'R0502002', 5, 'Finalis AICEE APPS IDEA', 2018),
(140, 'R0502002', 5, 'Finalis INSATION 2019', 2019),
(141, 'R0502002', 5, 'FINALIS INSATION 2018', 2018),
(142, 'R0902008', 5, 'DIARIST UKM Aksara Jurnalistik', 2017),
(143, 'R0502002', 2, 'SAP FUNDAMENTAL', 2017),
(144, 'R0902008', 3, 'Against AIDS', 2016),
(145, 'R0902008', 5, 'Roadshow Telkom University', 2017),
(146, 'R0502002', 5, 'FINALIS JA TITAN COMPETITION BY SEARCH', 2018),
(147, 'R0902008', 5, 'Roadshow Telkom University', 2018),
(148, 'R0902008', 3, 'Roadshow \"Menuju Hari Hutan Indonesia\"', 2017),
(149, 'R0902008', 1, 'Pelatihan Desain Jaringan dan Komunikasi Data', 2017),
(150, 'R0902008', 3, 'Telkom Startup Day', 2016),
(151, 'R0902010', 2, 'SAP01 Fundamental', 2016),
(152, 'R0902010', 2, 'SAP SCM300', 2018),
(153, 'R0902010', 2, 'SAP HR050', 2018),
(155, 'R0902010', 1, 'Pelatihan Desain Jaringan dan Komunikasi Data', 2017),
(156, 'R0902010', 1, 'Pelatihan Manajemen Jaringan Komputer', 2018),
(157, 'R0902008', 1, 'Pelatihan Selamat Pagi CNC', 2016),
(163, 'R0802006', 1, 'Desain Jaringan Komputer dan Komunikasi Data', 2018),
(164, 'R0802006', 5, 'Juara 2 Hackathon Pintar 1.0 Banyuwangi', 2019),
(165, 'R0802006', 5, 'Finalist Apps Ideation Bank Permata', 2018),
(166, 'R0902011', 1, 'PKKMB', 2016),
(167, 'R0902011', 1, 'Pelatihan Selamat Pagi CNC', 2016),
(168, 'R0902011', 2, 'ESAP Telkom University', 2016),
(169, 'R0902011', 3, 'Seminar Sumpah Pemuda', 2016),
(170, 'R0902011', 3, 'Seminar Against AIDS', 2016),
(171, 'R0902011', 3, 'Telkom Startup Day', 2016),
(172, 'R0902011', 1, 'Pelatihan Desain Jaringan dan Komunikasi Data', 2017),
(173, 'R0902011', 3, 'Sosialisasi 4 Pilar Kebangsaan', 2017),
(174, 'R0902011', 3, 'Roadshow \"Menuju Hari Hutan Indonesia\"', 2017),
(175, 'R0902011', 5, 'DIARIST UKM Aksara Jurnalistik', 2017),
(176, 'R0902011', 5, 'Roadshow Telkom University', 2017),
(177, 'R0902011', 1, 'Pelatihan Manajemen Jaringan Komputer', 2018),
(178, 'R0902011', 5, 'Roadshow Telkom University', 2018),
(179, 'R0802008', 3, 'KAMMI- The seminar islamic', 2017),
(180, 'R0802008', 3, 'KAMMI- Sekolah Pemimpin', 2017),
(181, 'R0802007', 2, 'Diponegoro Business Case Competition', 2018),
(182, 'R0802007', 1, 'Pelatihan Jaringan Dasar dengan Cisco Packet Tracer dan GNS3', 2018),
(183, 'R0102007', 1, 'Vignette (Visual Design Research and Competition Team)', 2019),
(184, 'R0802007', 1, 'Training about leadership and organization', 2018),
(185, 'R0802009', 2, 'Diponegoro Business Case Competition', 2018),
(186, 'R0802010', 1, 'PKM Fakultas Rekayasa Industri', 2018),
(187, 'R0802010', 2, 'Tes pra olimpiade sains nasional bidang astronomi', 2016),
(188, 'R0802010', 2, 'PKKMB', 2017),
(189, 'R0802010', 2, 'SAP', 2017),
(190, 'R0802009', 2, 'Open Mind IEEE Student Branch Telkom University', 2017),
(191, 'R0802009', 1, 'Pelatihan Jaringan Dasar dengan Cisco Packet Tracer dan GNS3', 2018),
(194, 'R0902009', 2, 'Sertifikat Kompetensi TKJ', 2016),
(196, 'R0902009', 5, 'Peserta Unity', 2019),
(197, 'R0902009', 2, 'Seminar Miktorik', 2015),
(199, 'R0902014', 2, 'Sertifikat Kompetensi TKJ', 2015),
(200, 'R0902014', 3, 'Seminar Miktorik', 2015),
(201, 'R0902014', 4, 'Peserta Unity', 2019),
(202, 'R0902013', 2, 'Partisipasi Sebagai Pengajar', 2017),
(203, 'R0902013', 2, 'Partisipasi Sebagai Pengajar', 2018),
(204, 'R0902013', 3, 'Attending Addictive Against AIDS National Seminar ', 2016),
(206, 'R0802005', 2, 'SAP Fundamental', 2019),
(211, 'R0802011', 2, 'SAP Fundamental', 2019),
(213, 'R0802011', 1, 'Public Speaking', 2018),
(214, 'R0902015', 1, 'DIKLATSAR KOPMA UNITEL', 2018),
(215, 'R0902015', 2, 'SAP FUNDAMENTAL', 2016),
(216, 'R0902015', 1, 'PELATIHAN MANJARKOM 2018', 2018),
(217, 'R0802013', 1, 'Public Speaking', 2018),
(218, 'R0802013', 2, 'SAP Fundamental', 2019),
(219, 'R0802013', 2, 'Public Speaking', 2018),
(220, 'R0802013', 2, 'Odoo (SAP open source)', 2017),
(221, 'R0302006', 2, 'LKTI SMA Tingkat Nasional UNDIP', 2015),
(222, 'R0302006', 2, 'FINALIS LOGIN (Lomba Geospasial Inovatif Nasional) UGM 2015', 2015),
(223, 'R0302006', 2, 'IHSJW (Inter High School Journalistic Workshop)', 2015),
(224, 'R0302007', 5, 'CHEVRON INTERNATIONAL REACH SCHOLARSHIP', 2016),
(225, 'R0302007', 3, 'ELEVATION', 2016),
(226, 'R0302007', 2, 'SAP01 FUNDAMENTAL', 2018),
(227, 'R0302007', 2, 'SCM100', 2018),
(228, 'R0302007', 2, 'SCM100', 2018),
(229, 'R0802014', 2, 'SAP 01 Fundamental', 2017),
(230, 'R0802015', 2, 'Sertifikat Praktek Kerja Industri', 2017),
(231, 'R0802015', 2, 'sertifikat kompetensi', 2017),
(232, 'R0602009', 2, 'CCNP Routing Cisco', 2016),
(233, 'R0902016', 2, 'Certified International Business Intelligence Associate ', 2018),
(234, 'R0902016', 5, 'Oral Presentation', 2018),
(235, 'R0902016', 4, 'The World Indonesianiest Forum ', 2018),
(236, 'R0902016', 1, 'International Youth Leadership Camp', 2018),
(237, 'R0902016', 5, 'Role of Youth and Students in Nation Building', 2017),
(238, 'R0902016', 4, 'Islamic Youth Education ', 2017),
(239, 'R0902012', 5, 'Finalist of UI/UX Competition AICEE PERMATA BANK', 2018),
(240, 'R0902016', 2, 'Cisco Networking Academy', 2016),
(241, 'R0902016', 2, 'IT Essentials: Pc Hardware & Software', 2013),
(242, 'R0902016', 2, 'Microsoft Office suite (ICT)', 2010),
(243, 'R0802016', 1, 'INDONESIA MARKETING ASSOCIATION ', 2018),
(244, 'R0802016', 3, 'DIGITAL TEKNOLOGI INNOVATION', 2018),
(245, 'R0802016', 5, 'OLIMPIADE NASIONAL ON MIPA TELKOM UNIVERSITY', 2019),
(246, 'R0802016', 5, 'KONTINGEN ON MIPA LLDIKTI WILAYAH 4', 2019),
(247, 'R0802016', 5, 'LOMBA MENULIS PUISI  ANTIKORUPSI', 2018),
(248, 'R0802016', 5, 'LOMBA MENULIS CERITA PENDEK ANTIKORUPSI ', 2018),
(250, 'R0802005', 1, 'Design sprint', 2018),
(251, 'R0802005', 2, 'Anggota B KSR PMI ', 2018),
(252, 'R0802005', 1, 'Basic Hecting ', 2019),
(253, 'R0802018', 3, 'againts aids', 2017),
(254, 'R0802018', 5, 'PRAMUKA', 2016),
(255, 'R0802019', 2, 'SAP Fundamental', 2018),
(256, 'R0802019', 1, 'Table Manner and Public Speaking Workshop', 2018),
(257, 'R0802019', 5, 'INSATION', 2019),
(259, 'R0702003', 5, '1st Place Photography Competition at Gelora Nusantara 2017', 2017),
(260, 'R0702003', 5, 'Best Group of Business Plan Competition at Gelora Nusantara 2017', 2017),
(261, 'R0702003', 5, 'Finalist of Gelora Nusantara Business Plan Competition 2017', 2017),
(262, 'R0702003', 5, 'Gold Medal at Festival Paduan Suaran ITB XXV 2017', 2017),
(263, 'R0702003', 5, 'Gold Medal at Penabur International Choir Festival [Gospel Category] 2017', 2017),
(264, 'R0702003', 5, 'Gold Medal at Penabur International Choir Festival [Mixed Youth Category] 2017', 2017),
(265, 'R0702003', 2, 'SAP 01 Fundamental', 2018),
(266, 'R0702003', 4, 'Publication of Kelas Pintar Anti Kecurangan Journal at CITISEE 2017, Purwokerto', 2017),
(267, 'R0702003', 4, 'Speaker at CITISEE 2017 Conference ', 2017),
(268, 'R0702003', 2, 'SCG Career Camp 2019', 2019),
(269, 'R0702003', 1, 'Arduino Training ', 2016),
(270, 'R0702003', 3, 'Tech in Asia Jakarta 2016', 2016),
(271, 'R0702003', 1, 'Web Scrapping using BeautifulSoup 4 in PT Mitra Digital Komersindo', 2018),
(272, 'R0402004', 5, '15th ranks in The Nationals Scrabble Competition', 2018),
(273, 'R1402002', 2, 'SAP01 Fundamental', 2017),
(274, 'R1402002', 2, 'SCM100 Business Processes in Planning ', 2018),
(275, 'R1402002', 2, 'SCM300 Production Overview', 2018),
(276, 'R1402002', 2, 'HR050 Business Processes in Human Capital Management', 2018),
(277, 'R1402002', 2, 'SCM500 Processes in Procurement', 2019),
(278, 'R1402002', 1, 'UTRAIN SAP Training for Padang State University ', 2018),
(279, 'R1402003', 2, 'SAP01 Fundamental ', 2016),
(280, 'R1402003', 2, 'HR050', 2017),
(281, 'R1402003', 2, 'SCM100', 2018),
(282, 'R1402003', 2, 'SCM300', 2018),
(283, 'R1402003', 2, 'AC010', 2018),
(284, 'R1402003', 2, 'SCM500', 2019),
(285, 'R1402003', 5, '3rd of MonsoonSIM ERP Competition', 2018),
(287, 'R0702005', 1, 'SCM 100', 2017),
(288, 'R0702005', 1, 'SCM 300', 2017),
(289, 'R0702004', 1, 'Training GIS ( Geographic Information System )', 2019),
(290, 'R0702004', 5, 'Best Innovation \" Alat Bantu Ajar \" Exhibition 2018', 2018);

-- --------------------------------------------------------

--
-- Table structure for table `oprec_detail`
--

CREATE TABLE `oprec_detail` (
  `id_od` int(11) NOT NULL,
  `id_oprec` int(11) NOT NULL,
  `id_lab` int(11) NOT NULL
) ENGINE=InnoDB DEFAULT CHARSET=latin1;

--
-- Dumping data for table `oprec_detail`
--

INSERT INTO `oprec_detail` (`id_od`, `id_oprec`, `id_lab`) VALUES
(1, 1, 3),
(2, 2, 2),
(3, 3, 1),
(4, 4, 4),
(5, 5, 5),
(6, 6, 10),
(7, 7, 10),
(8, 8, 12),
(9, 9, 12),
(10, 10, 11),
(11, 11, 13),
(12, 12, 14),
(13, 13, 14),
(14, 14, 15),
(15, 15, 15),
(16, 16, 15),
(17, 17, 14),
(18, 18, 11),
(19, 19, 11);

-- --------------------------------------------------------

--
-- Table structure for table `oprec_education`
--

CREATE TABLE `oprec_education` (
  `id_oprec_edu` int(11) NOT NULL,
  `id_oprec_gen` varchar(8) NOT NULL,
  `year` int(4) NOT NULL,
  `education` varchar(300) NOT NULL
) ENGINE=InnoDB DEFAULT CHARSET=latin1;

--
-- Dumping data for table `oprec_education`
--

INSERT INTO `oprec_education` (`id_oprec_edu`, `id_oprec_gen`, `year`, `education`) VALUES
(2, 'R0602000', 1980, 'sd'),
(3, 'R0602000', 1987, 'smp'),
(4, 'R0602000', 1990, 'sma'),
(5, 'R0402000', 2017, 'SMA PGII 1, Bandung'),
(6, 'R0402000', 2014, 'SMP Muhammadiyah 8, Bandung'),
(7, 'R0402000', 2011, 'SD Salman Al-Farisi, Bandung'),
(15, 'R0202000', 2010, 'SDN GUNUNG 01 JAKARTA'),
(16, 'R0202000', 2013, 'SMPN 19 JAKARTA'),
(17, 'R0202000', 2016, 'SMAN 74 JAKARTA '),
(18, 'R0502000', 2017, 'SMAN 1 Cianjur'),
(19, 'R0502000', 2014, 'SMPN 2 Cianjur'),
(20, 'R0502000', 2011, 'SDN IBU DEWI 6 Cianjur'),
(23, 'R0602002', 2011, 'SDN 22, Palu'),
(24, 'R0602002', 2014, 'SMP 2, Pemalang'),
(25, 'R0602002', 2017, 'SMA Semesta, Semarang'),
(26, 'R0302002', 2010, 'SD Negeri 07 Gumay Talang'),
(27, 'R0302002', 2013, 'SMP Negeri 1 Lahat'),
(29, 'R0302002', 2015, 'SMA Plus Negeri 17 Palembang'),
(30, 'R1202000', 2017, 'SMA NEGERI 4 Karimun'),
(31, 'R1202000', 2014, 'SMP NEGERI 2 TEBING KARIMUN'),
(32, 'R1202000', 2011, 'SDS 005 CAHAYA MERAL'),
(33, 'R1302000', 2011, 'SDS 005 CAHAYA MERAL'),
(34, 'R1302000', 2014, 'SMP NEGERI 2 TEBING KARIMUN'),
(35, 'R1302000', 2017, 'SMA NEGERI 4 KARIMUN'),
(38, 'R0102002', 2018, 'SMA CITRA NUSA'),
(39, 'R0102002', 2016, 'SMP N 3 CIBINONG'),
(40, 'R0102002', 2014, 'SDN BAMBU KUNING'),
(41, 'R0102003', 2018, 'SMA Negeri 1 Tabanan'),
(42, 'R0102003', 2015, 'SMPIT AL-BANNA Denpasar'),
(43, 'R0102003', 2012, 'MI AL AMIN Tabanan'),
(46, 'R0302000', 2016, 'SMA KORPRI, Bekasi'),
(47, 'R0302000', 2013, 'SMPN 3 Bekasi, Bekasi'),
(48, 'R0302000', 2010, 'SDN Bekasi Jaya 1, Bekasi'),
(50, 'R0102005', 2018, 'SMAN 2 JOMBANG'),
(51, 'R0102005', 2015, 'SMPN 2 JOMBANG'),
(52, 'R0102005', 2012, 'SDN KEPANJEN 2 JOMBANG'),
(53, 'R0102005', 2006, 'TK PERTIWI 2'),
(54, 'R1402000', 2013, 'SMP Negeri 2 Silaut'),
(55, 'R1402000', 2016, 'SMK Negeri 1 Painan'),
(56, 'R1402000', 2020, 'Telkom University'),
(58, 'R0102006', 2012, 'SD Islam Raudhah, Tangerang Selatan'),
(59, 'R0102006', 2015, 'SMP Islam Insan Rabbany, Tangerang Selatan'),
(60, 'R0102006', 2018, 'SMAN 2 Kota Tangerang Selatan'),
(61, 'R0602003', 2005, 'TK Aisyiyah Bustanul Athfal Karanganyar'),
(62, 'R0602003', 2012, 'SD Negeri 01 Jungke'),
(63, 'R0602003', 2014, 'SMP Negeri 02 Karanganyar'),
(64, 'R0602003', 2017, 'SMK Telkom Purwokerto'),
(68, 'R0702000', 2010, 'SD Nasional KPS'),
(69, 'R0702000', 2013, 'SMP Nasional KPS'),
(70, 'R0702000', 2016, 'SMA Negeri 1 Balikpapan'),
(74, 'R0602004', 2017, 'SMAN 2 Balikpapan'),
(75, 'R0602005', 2017, 'SMK Telkom Malang'),
(76, 'R0602005', 2014, 'SMP Terpadu Ponorogo'),
(77, 'R0602005', 2011, 'SD Muhammadiyah 1 Ponorogo'),
(78, 'R0602006', 2017, 'SMK Telkom Jakarta'),
(79, 'R0602006', 2014, 'SMPN 248 SSN Jakarta'),
(80, 'R0602006', 2011, 'SDN Cengkareng Timur 14 '),
(82, 'R0402002', 2004, 'Tk Aisyah 1 Baturaja'),
(84, 'R0402002', 2011, 'Sd N 02 Baturaja'),
(85, 'R0402002', 2014, 'Smp N 01 Baturaja'),
(86, 'R0402002', 2017, 'Sma N 01 Baturaja'),
(87, 'R0102004', 2012, 'SDN Cipedak 05 Pagi'),
(88, 'R0102004', 2015, 'SMPN 85 Jakarta'),
(89, 'R0102004', 2018, 'SMAN 97 Jakarta'),
(94, 'R0602007', 2011, 'SD N 1 Tirtomulyo'),
(95, 'R0602007', 2014, 'SMP N 1 Plantungan'),
(96, 'R0602007', 2017, 'SMA N 1 Sukorejo'),
(102, 'R0502002', 2012, 'SD Negeri Jombatan 4'),
(103, 'R0502002', 2014, 'SMP Negeri 1 Jombang'),
(104, 'R0502002', 2017, 'SMA Negeri 2 Jombang'),
(105, 'R0302004', 2016, 'SMAN 1 Sooko, Kab. Mojokerto'),
(106, 'R0302004', 2014, 'SMPN 1 Kota Mojokerto'),
(107, 'R0302004', 2011, 'SD Taruna Nusa Harapan Kota Mojokerto'),
(108, 'R0502003', 2011, 'SD PIUS Wonosobo'),
(109, 'R0502003', 2015, 'SMPN 1 Wonosobo'),
(110, 'R0502003', 2017, 'SMAN 1 Wonosobo'),
(111, 'R0902000', 2016, 'SMA NEGERI 5 CIMAHI'),
(112, 'R0902000', 2013, 'SMP NEGERI 3 CIMAHI'),
(113, 'R0902000', 2010, 'SD PLUS NURUL AULIA CIMAHI'),
(114, 'R0902002', 2015, 'SMKN 3 Buduran Sidoarjo'),
(115, 'R0902003', 2016, 'SMA N 4 Pematang Siantar'),
(116, 'R0902003', 2013, 'SMP Santa Lusia Doloksanggul'),
(117, 'R0902003', 2010, 'SD Santa Maria Doloksanggul'),
(118, 'R0902003', 2004, 'TK Santa Lusia Doloksanggul'),
(119, 'R0602008', 2011, 'SDN Mekarsari 1, Garut'),
(120, 'R0602008', 2014, 'SMPN 2 Garut'),
(121, 'R0902004', 2010, 'SD N SEMPUSARI 1, JEMBER'),
(122, 'R0602008', 2017, 'SMAN 1 Garut'),
(123, 'R0902004', 2013, 'SMP N 1 JEMBER'),
(124, 'R0902004', 2016, 'SMA N 2 JEMBER'),
(125, 'R0702002', 2016, 'SMA LABSCHOOL, BANDUNG'),
(136, 'R0902005', 2016, 'SMA Negeri 6 Surabaya'),
(137, 'R0902005', 2013, 'SMP Negeri 26 Surabaya'),
(138, 'R0802002', 2017, 'SMA 2 BPI BANDUNG'),
(139, 'R0302005', 2010, 'SDN BANJARSARI BANDUNG'),
(140, 'R0302005', 2013, 'SMPN 1 BANDUNG'),
(141, 'R0302005', 2016, 'SMA TARUNA BAKTI BANDUNG'),
(142, 'R0802002', 2014, 'SMPN 1 BANJARAN'),
(143, 'R0802002', 2011, 'SDN WAAS 02'),
(154, 'R0802003', 2017, 'SMAN 18 JAKARTA'),
(155, 'R0802003', 2014, 'SMP BARUNAWATI 2'),
(156, 'R0802003', 2011, 'SDN 23/X TANJUNG JABUNG TIMUR'),
(158, 'R0902007', 2016, 'SMAN 1 JEMBER'),
(159, 'R0802004', 2016, 'SMA NEGERI 5 CIMAHI'),
(160, 'R0902005', 2010, 'SD Negeri Manukan Kulon Surabaya'),
(161, 'R0802004', 2013, 'SMP NEGERI 3 CIMAHI'),
(162, 'R0802004', 2010, 'SD PLUS NURUL AULIA CIMAHI'),
(167, 'R0902008', 2004, 'TK Usaha Tama'),
(168, 'R0902008', 2010, 'SDN Kepolorejo 1 Magetan'),
(169, 'R0902008', 2013, 'SMPN 1 Magetan'),
(170, 'R0902008', 2016, 'SMAN 2 Magetan'),
(180, 'R0902006', 2016, 'SMAN 2 Jember'),
(200, 'R0902009', 2016, 'TELKOM UNIVERSITY'),
(201, 'R0902009', 2002, 'TK/RA PURWANIDA MUARA TEWEH'),
(203, 'R0902009', 2004, 'SDN 1 PANARUNG PALANGKARAYA'),
(204, 'R0902009', 2010, 'SMPN 1 PALANGKARAYA'),
(205, 'R0902009', 2013, 'SMK TELKOM SANDHY PUTRA BANJARBARU'),
(206, 'R0902010', 2010, 'SD Islam Lazuardi GIS'),
(207, 'R0902010', 2013, 'SMPN 226 Jakarta'),
(208, 'R0902010', 2016, 'SMAN 70 Jakarta'),
(209, 'R0802006', 2017, 'SMK TELKOM MAKASSAR'),
(210, 'R0802007', 2017, 'SMA N 8 Bogor'),
(211, 'R0902011', 2010, 'SDN 1 Kepolorejo'),
(212, 'R0902011', 2013, 'SMPN 1 MAGETAN'),
(213, 'R0902011', 2016, 'SMPN 2 MAGETAN'),
(214, 'R0102007', 2012, 'SDN KRANGGAN'),
(215, 'R0102007', 2015, 'SMPN 1 GALUR'),
(216, 'R0802008', 2014, 'SMA ADABIAH PADANG'),
(217, 'R0102007', 2018, 'SMAN 1 JETIS'),
(219, 'R0802010', 2005, 'TK TUNAS MAKARTI'),
(220, 'R0802010', 2011, 'SD N 10 MANDONGA'),
(221, 'R0802010', 2014, 'SMP N 04 KENDARI'),
(222, 'R0802010', 2017, 'SMA N 04 KENDARI'),
(223, 'R0602009', 2017, 'SMK Telkom Jakarta'),
(224, 'R0602009', 2014, 'SMPN 1 Tangerang Selatan'),
(225, 'R0602009', 2011, 'SDN Rawa Buntu 3'),
(226, 'R0902013', 2010, 'SD Muhammadiyah 2 Sidoarjo'),
(227, 'R0902013', 2013, 'SMAN 5 Sidoarjo'),
(228, 'R0902013', 2016, 'SMAN 1 Gedangan'),
(229, 'R0902014', 2016, 'TELKOM UNIVERSITY'),
(230, 'R0902014', 2004, 'SDN 1 PANARUNG PALANGKARAYA'),
(231, 'R0902014', 2010, 'SMPN 1 PALANGKARAYA'),
(232, 'R0902014', 2013, 'SMK TELKOM SANDHY PUTRA BANJARBARU'),
(236, 'R0802011', 2011, 'SDN 176368 GURGUR'),
(237, 'R0802011', 2014, 'SMP N 1 TAMPAHAN'),
(238, 'R0802011', 2017, 'SMA N 1 BALIGE'),
(239, 'R0802012', 2017, 'SMAN 2 Ngawi'),
(240, 'R0802000', 2003, 'TK Asisi'),
(241, 'R0802000', 2005, 'SDS San Francesco'),
(243, 'R0802000', 2011, 'SMPS Budhi Dharma'),
(244, 'R0802000', 2014, 'SMAN 15 Medan'),
(245, 'R0802000', 2017, 'Universitas Telkom Bandung'),
(246, 'R0302006', 2016, 'SMA IT MUTIARA '),
(247, 'R0902015', 2016, 'SMAN 67 - JAKARTA TIMUR'),
(248, 'R0902015', 2010, 'SD ANGKASA IX'),
(249, 'R0902015', 2013, 'SMPN 81 - JAKARTA TIMUR'),
(250, 'R0802013', 2011, 'SDN 176368 GURGUR'),
(253, 'R0802013', 2014, 'SMP N 1 TAMPAHAN'),
(254, 'R0802013', 2017, 'SMA N 1 BALIGE'),
(256, 'R0302007', 2013, 'SMPS Cendana Mandau, Riau'),
(257, 'R0302007', 2016, 'SMAS Cendana Mandau, Riau'),
(262, 'R0802014', 2017, 'SMA 6 Kota Jambi'),
(263, 'R0802014', 2014, 'SMP 18 Kota Jambi'),
(264, 'R0802014', 2011, 'SD 177/IV Kota Jambi'),
(265, 'R0802015', 2017, 'SMK TELKOM MAKASSAR JURUSAN TEKNIK KOMPUTER JARINGAN'),
(266, 'R0902012', 2010, 'SDIT AL MUSLIM, Bekasi'),
(267, 'R0902012', 2013, 'SMP IT ALBINAA Islamic Boarding School, Bekasi'),
(268, 'R0902012', 2016, 'SMA IT ALBINAA Islamic Boarding School, Bekasi'),
(269, 'R0902016', 2009, 'Senior Secondary School'),
(270, 'R0902016', 2016, 'Cisco Network Academy '),
(271, 'R0802005', 2011, 'SD Semut-semut'),
(272, 'R0802005', 2014, 'SMPIT Darul abidin'),
(273, 'R0802005', 2017, 'MAN 13 Jakarta'),
(274, 'R0802005', 2005, 'TK Semut-semut'),
(275, 'R0802016', 2005, 'SD N 173648 SILAMOSIK'),
(276, 'R0802016', 2011, 'SMP N 1 PORSEA'),
(277, 'R0802016', 2014, 'SMA N 2 SOPOSURUNG BALIGE'),
(278, 'R0802017', 2017, 'SMA N 1 Talamau'),
(280, 'R0802018', 2005, 'SDN KAYURINGIN JAYA XXIII BEKASI'),
(281, 'R0802018', 2011, 'SMPN 14 BEKASI'),
(282, 'R0802018', 2014, 'SMA MARTIA BHAKTI '),
(283, 'R0802018', 2017, 'TELKOM UNIVERSITY'),
(284, 'R0902017', 2010, 'SD Negeri Kaliabang Tengah 2 Kota Bekasi'),
(285, 'R0902017', 2013, 'SMP Negeri 19 Kota Bekasi'),
(286, 'R0902017', 2016, 'SMA Negeri 10 Kota Bekasi'),
(287, 'R0802009', 2011, 'SD N JENGGRIK 1'),
(288, 'R0802007', 2011, 'SDN Cibuluh 1 Bogor'),
(289, 'R0802007', 2014, 'SMPN 8 Bogor'),
(290, 'R0802009', 2014, 'SMP N 2 KEDAWUNG'),
(291, 'R0802009', 2017, 'MA N 1 SRAGEN'),
(292, 'R0802019', 2017, 'SMA Negeri 6 Palembang'),
(293, 'R0802019', 2011, 'SD Negeri 17 Betung'),
(294, 'R0802019', 2014, 'SMP LTI IGM Palembang'),
(297, 'R0702003', 2016, 'SMA Kristen 1 Penabur Cirebon'),
(298, 'R0702003', 2013, 'SMP Kristen 1 Penabur Cirebon'),
(299, 'R0702003', 2010, 'SD Putra Nirmala, Cirebon'),
(301, 'R0402004', 2011, 'SDIT Fajar Hidayah, Bogor'),
(302, 'R0402004', 2014, 'SMP Labschool Cibubur, Bekasi'),
(303, 'R0402004', 2017, 'SMA Labschool Cibubur, Bekasi'),
(304, 'R0502004', 2017, 'SMA N 1 Klaten'),
(305, 'R0302003', 2010, 'SDN JAKA SETIA III'),
(306, 'R0302003', 2013, 'SMP NEGERI 12 BEKASI'),
(307, 'R0302003', 2016, 'SMA NEGERI 17 BEKASI'),
(309, 'R1402002', 2013, 'SMPN 1 Praya'),
(310, 'R1402002', 2016, 'SMAN 1 Praya'),
(311, 'R1402002', 2010, 'SDN 2 Gerunung'),
(312, 'R1402002', 2020, 'Telkom University'),
(315, 'R0802020', 2014, 'SMP NEGERI 213 JAKARTA'),
(316, 'R0802020', 2017, 'SMA NEGERI 12 JAKARTA'),
(318, 'R1402003', 2016, 'SMAN 1 Batam'),
(319, 'R1402003', 2013, 'SMP Advent Batam'),
(320, 'R1402000', 2010, 'SD Negeri 01 Lubuk Pinang'),
(321, 'R0302008', 2016, 'SMAN 1 Kasokandel '),
(322, 'R0302008', 2006, 'CISG - cambridge international school for girls '),
(323, 'R0502005', 2009, 'SDN 11 Manado'),
(324, 'R0502005', 2012, 'SMPN 1 MANADO'),
(325, 'R0502005', 2015, 'SMAN 4 YOGYAKARTA'),
(328, 'R0702004', 2010, 'SDN SETIAMANAH MANDIRI 1, CIMAHI'),
(329, 'R0702004', 2016, 'SMA NEGERI 2, CIMAHI'),
(330, 'R0702004', 2013, 'SMP NEGERI 3, CIMAHI'),
(331, 'R0702005', 2016, 'SMAN 23 Bandung'),
(332, 'R0702005', 2010, 'SDN 18 Belinyu'),
(333, 'R0702005', 2013, 'SMPN 3 Belinyu');

-- --------------------------------------------------------

--
-- Table structure for table `oprec_file`
--

CREATE TABLE `oprec_file` (
  `id_of` int(11) NOT NULL,
  `id_oprec_gen` varchar(8) NOT NULL,
  `khs_url` varchar(100) NOT NULL,
  `photo_url` varchar(100) NOT NULL
) ENGINE=MyISAM DEFAULT CHARSET=latin1;

--
-- Dumping data for table `oprec_file`
--

INSERT INTO `oprec_file` (`id_of`, `id_oprec_gen`, `khs_url`, `photo_url`) VALUES
(8, 'R0602006', 'uploads/R0602006.rar', 'uploads/R0602006.JPG'),
(2, 'R0502000', 'uploads/R0502000.rar', 'uploads/R0502000.jpg'),
(3, 'R0602002', 'uploads/R0602002.rar', 'uploads/R0602002.jpg'),
(4, 'R0302002', 'uploads/R03020022.rar', 'uploads/R03020023.jpeg'),
(5, 'R0102002', 'uploads/R01020023.rar', 'uploads/R01020022.rar'),
(6, 'R0302003', 'uploads/R0302003.rar', 'uploads/R0302003.jpg'),
(7, 'R0602003', 'uploads/R0602003.rar', 'uploads/R0602003.jpg'),
(9, 'R0402002', 'uploads/R04020021.rar', 'uploads/R04020021.jpg'),
(10, 'R0602007', 'uploads/R0602007.rar', 'uploads/R0602007.jpg'),
(11, 'R0302004', 'uploads/R0302004.rar', 'uploads/R03020041.jpg'),
(12, 'R0502003', 'uploads/R05020033.rar', 'uploads/R05020033.jpg'),
(13, 'R0902002', 'uploads/R09020021.zip', 'uploads/R09020021.jpg'),
(14, 'R0902004', 'uploads/R0902004.rar', 'uploads/R0902004.jpg'),
(15, 'R0902000', 'uploads/R0902000.zip', 'uploads/R0902000.jpg'),
(16, 'R0802002', 'uploads/R08020021.rar', 'uploads/R08020021.png'),
(17, 'R0802000', 'uploads/R0802000.zip', 'uploads/R0802000.jpg'),
(18, 'R0902003', 'uploads/R0902003.rar', 'uploads/R0902003.jpg'),
(19, 'R0802003', 'uploads/R0802003.rar', 'uploads/R0802003.jpeg'),
(20, 'R0802004', 'uploads/R0802004.zip', 'uploads/R0802004.jpg'),
(21, 'R0902007', 'uploads/R0902007.rar', 'uploads/R0902007.jpg'),
(22, 'R0902008', 'uploads/R09020081.rar', 'uploads/R09020081.jpg'),
(23, 'R0902009', 'uploads/R0902009.zip', 'uploads/R09020094.jpg'),
(50, 'R0802020', 'uploads/R0802020.zip', 'uploads/R0802020.jpg'),
(24, 'R0902011', 'uploads/R0902011.rar', 'uploads/R0902011.jpg'),
(25, 'R0802005', 'uploads/R08020052.rar', 'uploads/R08020055.jpg'),
(26, 'R0802006', 'uploads/R080200610.zip', 'uploads/R080200610.png'),
(27, 'R0702002', 'uploads/R0702002.rar', 'uploads/R0702002.jpg'),
(28, 'R0602004', 'uploads/R0602004.rar', 'uploads/R0602004.jpg'),
(29, 'R0802007', 'uploads/R0802007.zip', 'uploads/R0802007.jpg'),
(30, 'R0802010', 'uploads/R08020101.rar', 'uploads/R0802010.JPG'),
(31, 'R0102003', 'uploads/R0102003.rar', 'uploads/R0102003.jpg'),
(32, 'R0902010', 'uploads/R09020102.rar', 'uploads/R09020102.jpg'),
(33, 'R0102007', 'uploads/R0102007.rar', 'uploads/R0102007.jpg'),
(34, 'R0802009', 'uploads/R0802009.zip', 'uploads/R0802009.jpg'),
(35, 'R0302000', 'uploads/R0302000.rar', 'uploads/R03020001.jpg'),
(36, 'R0802011', 'uploads/R08020111.rar', 'uploads/R08020119.jpg'),
(37, 'R0902013', 'uploads/R0902013.zip', 'uploads/R0902013.jpg'),
(38, 'R0802012', 'uploads/R08020121.rar', 'uploads/R08020121.jpg'),
(39, 'R0902015', 'uploads/R0902015.zip', 'uploads/R0902015.jpg'),
(40, 'R0802013', 'uploads/R0802013.rar', 'uploads/R0802013.jpg'),
(41, 'R0802014', 'uploads/R0802014.rar', 'uploads/R0802014.jpg'),
(42, 'R0302006', 'uploads/R0302006.rar', 'uploads/R0302006.jpg'),
(43, 'R0902016', 'uploads/R0902016.rar', 'uploads/R0902016.jpg'),
(44, 'R0902012', 'uploads/R09020121.rar', 'uploads/R09020121.jpg'),
(45, 'R0802016', 'uploads/R0802016.rar', 'uploads/R0802016.jpg'),
(46, 'R0802018', 'uploads/R0802018.rar', 'uploads/R08020184.jpg'),
(47, 'R0902017', 'uploads/R0902017.zip', 'uploads/R0902017.JPG'),
(48, 'R0802019', 'uploads/R0802019.rar', 'uploads/R0802019.jpg'),
(49, 'R0702003', 'uploads/R0702003.rar', 'uploads/R0702003.JPG'),
(51, 'R1402000', 'uploads/R1402000.rar', 'uploads/R14020001.jpg');

-- --------------------------------------------------------

--
-- Table structure for table `oprec_general`
--

CREATE TABLE `oprec_general` (
  `id_oprec_gen` varchar(8) NOT NULL,
  `id_oprec` int(11) NOT NULL,
  `id_major` int(11) NOT NULL,
  `id_lab` int(11) NOT NULL,
  `nim` int(10) NOT NULL,
  `motto` varchar(300) NOT NULL,
  `gpa` float NOT NULL,
  `motivation` varchar(500) NOT NULL,
  `oprec_status` int(11) NOT NULL
) ENGINE=InnoDB DEFAULT CHARSET=latin1;

--
-- Dumping data for table `oprec_general`
--

INSERT INTO `oprec_general` (`id_oprec_gen`, `id_oprec`, `id_major`, `id_lab`, `nim`, `motto`, `gpa`, `motivation`, `oprec_status`) VALUES
('R0102002', 1, 1, 3, 1201184138, 'fall seven times, stand up eight', 3.55, 'i want upgrade my self', 2),
('R0102003', 1, 1, 3, 1201184109, 'Do not give up before giving a result', 2.8, 'to improve my skill and learn to cooperate with other', 2),
('R0102004', 1, 1, 3, 1201182458, 'Life is a question, Islam is the answer', 3.73, 'Want to advance in Technical Drawing, and help the practitioner in following the lab.', 0),
('R0102005', 1, 1, 3, 1201184145, 'Registration is the beginning of success', 3, 'I want to be able to benefit others', 0),
('R0102006', 1, 1, 3, 1201180281, 'To be of good quality, you have to excuse yourself from the presence of shallow and callow minded individuals.', 3.33, 'I\'ve been in a Research Group of Vignette supervised by GTX Laboratory. There, I\'ve learnt a lot from them and got inspirations too as well. By then, I learnt about pressure and balancing my college life and the life outside college. They helped me progress and develop. I\'m also eager to learn, not only academically, but more in a wide-range of knowledge. These are why I feel the urge to apply as an Assistant Laboratory of GTX. Because, why not?', 0),
('R0102007', 1, 1, 3, 1201183382, 'Make a Decision, and don\'t look back', 3.93, 'I want to improving my skill in 2D and 3D editing  software ( especially in engineering drawing) and applying my skill in 2D and 3D CAD software', 2),
('R0202000', 2, 1, 2, 1201164205, 'Be what you wanna be, not everyone want to see', 2, 'Alasan saya untuk menjadi asisten laboratorium tekno ekonomi ini adalah karena memang saya memiliki niat untuk menjadi asisten laboratorium. Mengapa aslab? Karena saya fikir menjadi asisten laboratorium bisa membuat diri saya lebih bisa mengimprove dan mengupgrade dalam hal yang penting dalam kehidupan. Seperti\r\nmemanage waktu, mempelajari ilmu dan mendalaminya.', 0),
('R0302000', 3, 1, 1, 1201164101, 'Don\'t give up on something you haven\'t earned yet', 3.61, 'I want to be an assistant because I feel interested in PFT Lab, and I want to deepen my knowledge about the layout of facilities', 2),
('R0302002', 3, 1, 1, 1201164315, 'Don\'t Force Pieces That doesn\'t fit ', 3.04, 'my motivation I want to be good at something and collaboration is the key to success these days then I think its good move to get Involved. and it looks so cool to wear Laboratory Assistance Uniform. ', 2),
('R0302003', 3, 1, 1, 1201164209, 'Jangan pernah merasa cukup dan cepat putus asa, harus selalu belajar dan berusaha', 2.95, 'Motivasi terbesar saya adalah orang tua saya,karena orangtua saya sempat gagal dalam kehidupannya dan sekarang orang tua saya sangat berharap kepada saya sampai akhirnya saya sekarang sangat berusaha agar bisa lebih kiat dan lebih baik dari orang tua saya dan saya membuktikannya dengan saya bisa mengkuti sesuatu yang esuai minat sayang dan di bidang akademik dan bagi sayaorang orang yang mampu bertahan dan berusaha di bidng akademik adallah orang orag hebat mungkin saya belum seperti itu tetapi ', 2),
('R0302004', 3, 1, 1, 1201160396, 'Do something today that your future self will thankyou for', 3.91, 'I have interest in deepening my knowledge about Design of Facility Layout and GIS and I want to share the knowledge that I have to the other, especially to the practitioner. ', 2),
('R0302005', 3, 1, 1, 1201160109, 'The woman who follows the crowd will usually go no further than the crowd. The woman who walks alone is likely to find herself in places no one has been before', 3.68, 'mempelajari ilmu baru mengenai tata letak fasilitas serta menambah pengalaman dalam mengajar', 0),
('R0302006', 3, 1, 1, 1201164325, 'Awali Semua dengan Bismillah', 2.67, 'I want to share my experiences and abilities, and want to learn more in the field of planning facilities.', 2),
('R0302007', 3, 1, 1, 1201164018, 'Gajah mati meninggalkan gading, manusia mati meninggalkan nama, nama baik atau nama buruk', 3.65, 'Saya ingin mendalami ilmu dan pengetahuan dibidang Perancangan Tata Letak & Fasilitas', 0),
('R0302008', 3, 1, 1, 1201162071, 'Be kind, always', 2.6, 'My motivation does not correlates with taylor swift, but it does relate with me wanting to study prone to arcgis and sketch up, also making new and old buddies, and make something great.', 0),
('R0402000', 4, 1, 4, 1201170362, 'Every new steps are hard to try', 3.04, 'I want to meet new experiences (basic). I want to break my boundaries and I want to learn something new. Take a risk and try to conquer it and becoe stronger I can be.', 0),
('R0402002', 4, 1, 4, 1201174185, 'life is too short, to do the best things that benefit others', 3.47, 'Happiness will feel sweeter, through a complete struggle', 2),
('R0402003', 4, 1, 4, 1201174137, 'life is better', 2.59, 'motivasi saya ikut ini karena saya ingin lebih memperdalam ilmu yang saya pelajari saat ini, mudah\" bermanfaat dan jadi bahan Tugas Akhir saya nanti', 0),
('R0402004', 4, 1, 4, 1201173365, 'everyone has their one last chance, just grab it!', 3.24, 'I would like to learn more things and begin new journey with new family. I want to make my own history and starting new story for breaking my limit. And anyone knew theirs. Being an assistant is one of my dream when i start entering college and SIPO is just right cause i am one of the member of Study Group SPECTRAL 2019 and i found that statistics is not that \"cruel\". Statistics is new to me and i should let go my hating for number whereas i am an engineering student, i need to cover it up. Bein', 0),
('R0502000', 5, 1, 5, 1201174230, 'Filosofi Semut', 3.61, 'Saya ingin memulai sesuatu yang lebih besar, selalu ada keinginan untuk menjadi seorang yang lebih baik lagi dan berguna untuk orang banyak. Dan saya percaya bahwa dengan menjadi seorang yang lebih baik dari sebelumnya itu memerlukan proses yang tidak mudah', 2),
('R0502002', 5, 1, 5, 1201170204, 'Do everything with high efforts', 3.85, 'Hoping that I can implement my experience, my knowledge, and my efforts on a great and good things. I have high motivation in production section of the industry. That\'s why I choose Production System & Automation Laboratory to implement my all I have and all of my efforts.', 0),
('R0502003', 5, 1, 5, 1201174123, 'Vision without execution is hallucination', 3.84, 'I want to be a useful human being by sharing my knowledge to others', 2),
('R0502004', 5, 1, 5, 1201173043, 'Man Jadda Wajada', 3.75, 'I want to be a human that can help to each others and continues provide innovation to contribute to the country', 0),
('R0502005', 5, 1, 5, 1201170314, 'Hardwork beats talent when talent doesn\'t work hard', 3.96, 'Ever since I got into college, I have always wanted to be a laboratory assistant, but at that time when I was in 1st semester, I had no idea which laboratory I would like to be part of. Then I started doing some research on several industrial engineering-related studies. I was intriqued in learning about production system after Industrial Game and INCREASE competition. The study case mainly covered problems related to production system and as I did some research on the Internet, I started to bec', 0),
('R0602000', 6, 2, 10, 1102120007, 'asasasa', 3.5, 'asdfdasda', 2),
('R0602002', 6, 1, 10, 1201170025, 'Take Your Own Happiness', 3.04, 'I want to develop myself, I want to fill my time with useful or positive activities, and get more experience. Furthermore, I want to gain more knowledge and share it with other people, so I can be an useful person for people around me.', 2),
('R0602003', 6, 1, 10, 1201174313, 'Talk Less Do More', 3.41, 'Motivasi saya  mengabdi sebagai asisten laboratorium adalah untuk mendapatkan pengalaman dan pengetahuan yang nantinya bisa saya tulis pada CV saat mendaftarkan pekerjaan, mengejar mimpi saya untuk lulus dengan predikat cumlaude, dan sebagai mahasiswa saya juga ingin apa yang saya lakukan bisa bermanfaat untuk fakultas dan jurusan saya, dan tentunya saya senang bisa membagi ilmu yang saya punya kepada banyak orang. Adanya praktikum algoritma dan pemrograman komputer, basis data, dan APSI, membua', 2),
('R0602004', 6, 1, 10, 1201174379, 'Always Believe in Allah SWT', 3.62, 'I want to explore this world by knowing the new things that what can i learn', 2),
('R0602005', 6, 1, 10, 1201174255, 'Jalani dan nikmati', 2.5, 'Ingin menambah pengetahuan yang baru dan membagi pengetahuan yang telah mengerti', 2),
('R0602006', 6, 1, 10, 1201174086, 'Think As Big As Galaxy', 3.38, 'Algorithms And Computer Programming is one of the existing courses in Industrial Engineering, Telkom University. Many students have difficulty learning and understanding the material in this course. Many students who get scored low in this course and there are even students didnt pass in this course. So I want to join this program so that the knowledge I get can be useful, when in my career or in college.\r\nIf I become a member of the Enterprise System Engineering Laboratory, I want to deepen ab', 2),
('R0602007', 6, 1, 10, 1201174200, 'Lillahi Ta\'ala', 3.73, 'Saya ingin mengasah skill dalam bidang information technology (IT) dan membagikan ilmu saya kepada orang lain', 2),
('R0602008', 6, 1, 10, 1201170237, 'Semangat selalu', 3.31, 'Selama saya mengikuti praktikum, saya merasa orang-orang yang dapat merancang sesuatu seperti membuat aplikasi dengan sebuah program adalah seseorang yang sangat hebat, dan saya ingin menjadi salah satu dari orang hebat itu.', 0),
('R0602009', 6, 1, 10, 1201174338, 'Selalu Optimis', 2.75, 'Karena saya ingin mencoba pengalaman baru, menambah wawasan, ilmu pengetahuan, dan ingin memperdalam ilmu pemgrograman', 2),
('R0702000', 7, 1, 10, 1201161135, 'Tidak ada orang yang sangat berbakat, tetapi adanya orang yang terus belajar dan bekerja keras.', 3.85, 'I want to be the person who have more value for my self. I need an organization experience especially in academic role. Expand my network because in life we need big network. Then, I want to make the laboratory better in a way do a research with the team and join in any competition with ENSYSE Laboratorium to make faculty better both with the ENSYSE Laboratorium Assistant or integration with the others laboratorium in School of Industrial Engineering (FRI).', 0),
('R0702002', 7, 1, 10, 1201164431, 'Trust the vibes you get,energy doesnt lie', 2.2, 'Motivasi saya mengikuti laboratorium ensyse ini untuk menambah kemampuan dasar pengetahuan saya di bidang Basis Data, pemrograman, dsb. Karena saya membutuhkan bimbingan lebih dan saya memiliki keinginan yang besar untuk mengikuti laboratorium ini', 2),
('R0702003', 7, 1, 10, 1201164040, 'Dream It, Work for It, Achieve It. If I Fail, then I should TRY harder until SUCCEED.', 3.41, 'I want to Join Practicum Division in ENSYSE LAB, because I think I have a good skill at doing programming things using PHP and Bootstrap. I also learn how to use JQuery as well but not as good as PHP and Bootstrap. I also love the working environment in ENSYSE LAB, the people were fun enough so we can work in comfort. I have a motivation to improve the quality of ENSYSE LAB performance by providing better source code for available modules with my future team in Practicum Division. I also have an', 2),
('R0702004', 7, 1, 10, 1201164184, 'Do the best and pray. God will take care of the rest.', 2.95, 'I want to have a new experience that is different from what I usually do, I want to feel more confident to show my ability to people that I can also what people like to do. I want to meet new people and work with them if I am accepted as a laboratory assistant.', 0),
('R0702005', 7, 1, 10, 1201164197, 'Watch and Learn', 3.41, 'Berawal dari rasa ingin tahu saya yang sangat besar akan ilmu pengetahuan mengenai dunia pemrograman dan enterprise di dunia industri yang terus berkembang dengan kemajuan yang sangat pesat, saya memutuskan untuk mendaftarkan diri untuk menjadi asisten Laboratorium Enterprise System Engineering. Rasa ingin tahu saya yang begitu besar tersebut mendorong saya untuk lebih memahami akan ilmu pemrograman serta sistem dalam dunia industri. Saya ingin menjadi asisten karena ingin mengembangkan ilmu yan', 0),
('R0802000', 8, 2, 12, 1202174085, 'Don\'t Wait. There Will Never Be A Right Time!', 3, 'Motivasi saya mengikuti rekruitasi ini karena saya ingin menunjukkan ke orang yang selama ini meremehkan saya bahwa saya sebenarnya bisa. Saya ingin menunjukkan dan membuktikan bahwa orang yang santai seperti saya juga bisa menjadi aslab dan membuktikan bahwa orang yang keliatannya santai bukan bererti tidak mengerjakan apa-apa. \r\nSelain ini saya juga sangat suka mengajari orang. Saya senang ketika bisa berbagi ilmu kepada orang lain.\r\nSaya ingin membanggakan orangtua saya dan ini adalah waktu y', 2),
('R0802002', 8, 2, 12, 1202170168, 'jangan pernah sia-siakan kesempatan, karena kesempatan tidak pernah datang dua kali', 3, '1.ingin menjadi aslab dan asprak\r\n2.menambah relasi/teman yang mempunyai tujuan yang sama yaitu mempelajari sisjar\r\n3.karena saya merasa bahwa passion saya disini\r\n4.tidak terlalu menyukai ngoding', 2),
('R0802003', 8, 2, 12, 1202170023, 'Setiap proses hidup harus dinikmati dan disyukuri. Karena rencana Tuhan indah untuk setiap umat-Nya. Dan tidak akan tertukar.', 3.11, 'Motivasi saya untuk mengikuti rekruitasi asisten praktikum ini adalah karena saya tertarik untuk menggali pengetahuan dan memperlajari secara lebih detai lagi tentang Sistem Operasi Jaringan.', 2),
('R0802004', 8, 2, 12, 1202164029, 'Sebuah ilmu itu harus dibagikan bukan di pendam diri sendiri', 3, 'Mulailah dari tempatmu berada. Gunakan yang kau punya. Lakukan yang kau bisa.', 2),
('R0802005', 8, 2, 12, 1202174020, 'Berlelah lelah lah manisnya hidup akan terasa setelah lelah berjuang', 3.15, 'Ingin berbagi ilmu kepada orang lain ', 2),
('R0802006', 8, 2, 12, 1202174071, 'be a strong wall in the hard times and be a smiling sun in the good times', 3.04, 'motivasi saya memasuki lab sisjar karena bagi saya jaringan itu menarik, menantang dan\r\nseru mempelajari tentang bagaimana menyelesaikan suatu masalah jaringan. Di lab sisjar \r\nsendiri saya bisa mendapatkan ilmu yang lebih dan mendapatkan kesempatan untuk \r\nmembagikan ilmu yang telah saya pelajari kepada orang lain.', 2),
('R0802007', 8, 2, 12, 1202174114, 'Fall seven times, ', 3.51, 'I want to more contribute in laboratory such as taking part in a competition, or winning the competition. I want to teach networking in my own way and I want to make my juniors like to learn about networking because of my teaching method.', 2),
('R0802008', 8, 2, 12, 1202174246, 'Manjadda Wajada ', 3, 'adding soft skills, friend relations, collaboration and the world of work', 0),
('R0802009', 8, 2, 12, 1202170166, 'Jadilah seperti karang di lautan yang kuat dihantam ombak dan kerjakanlah hal yang bermanfaat bagi diri sendiri dan orang lain.', 3.65, 'As a student, I want to take my chance to explore the potential that exist within myself. I want to explore more about networks. I also want to get as much knowledge from anywhere, not just from studying in class, because we can get knowledge from many things. One of them is to being an Assistant DESJAR Practicum. Besides getting knowledge for myself, I can find out how to share my knowledge to others well.', 2),
('R0802010', 8, 2, 12, 1202174259, 'Jangan takut dengan kegagalan!', 3.57, 'saya ingin menjadi orang yang bermanfaat, saya ingin menghabiskan waktu luang saya dengan kegiatan bermanfaat, saya suka mengajar maka dari itu kegiatan ini sangat cocok, dan saya ingin menambah pengalaman.', 2),
('R0802011', 8, 2, 12, 1202172064, 'we don\'t know tomorrow, what we can do is try your best and remain happy today.', 3.55, 'My motivation for joining this Laboratory is, its help me to through the EIM majority, and also this lab facilitate me to do some Research and joining some competition in its major', 2),
('R0802012', 8, 2, 12, 1202172373, 'Hidup hanya sekali hiduplah yang berarti', 3.72, 'Untuk mendapatkan ilmu dan pengalaman, terutama dapat menyampaikan ilmu yang kita ketahui ke orang lain merupakan suatu hal yang bermanfaat dan dapat mengasah pengetahuan kita agar tidak mudah lupa, menambah wawasan lebih dalam dan pasti memiliki waktu lebih banyak untuk memelajarinya bersama orang-orang yang memiliki ilmu lebih tinggi dari saya. Selain itu bisa melatih softskill seperti public speaking dalam menyampaikan materi kepada praktikan secara baik dan benar, melatih teamwork, mengemban', 2),
('R0802013', 8, 2, 12, 1202174269, 'we don\'t know tomorrow, what we can do is try your best and remain happy today.', 3.26, 'Saya Grace R Simanjuntak menulis Surat pernyataan motivasi ini untuk mengekpresikan minat besar saya untuk menjadi bagian dari Asisten Lab Desain Jaringan dan Komunikasi Data (SISJAR). Setelah melihat visi misi dari Lab SISJAR ini, saya percaya bahwa saya adalah sesorang yang pantas dan berminat untuk mencoba mendaftar.\r\nKetertarikan ini di landasi keinginan saya menjadi seorang yang mampu mengembangkan minat saya dibidang jaringan. Tujuan saya mendaftar adalah untuk belajar lebih banyak dan jug', 2),
('R0802014', 8, 2, 12, 1202170229, 'Do good and good will come to you', 3.28, 'Saya telah menjadi salah satu dari orang-orang yang terpilih sebagai mahasiswa Universitas Telkom tahun 2017 di jurusan Sisten informasi, hal ini merupakan suatu yang sangat saya syukuri. Selama saya menjalani kehidupan sebahai mahasiswa, banyak sekali pandangan baru yang membuat saya tersadar akan perlunya perubahan pada diri saya agar dapat menjadi pribadi yang lebih baik lagi. Terlebih lagi tentang pentingnya bersosialisasi atau beroraganisasi dengan banyak orang. Saya tidak ingin menjadi mah', 2),
('R0802015', 8, 2, 12, 1202174201, 'Jadilah Manusia yang bermanfaat', 3.74, 'saya rasa motivasi saya untuk menjadi seorang asprak, yaitu saya bisa membagikan ilmu saya sehingga ilmu yang saya miliki dapat bermanfaat bagi orang - orang.', 0),
('R0802016', 8, 2, 12, 1202174313, 'hard work never betrays results', 3.62, 'I want to share knowledge, knowledge, experience, because as good as possible people are far better if they are useful for others', 2),
('R0802017', 8, 1, 12, 1202174351, 'ingat selalu kita diciptakan untuk apa', 3.12, 'membagikan sebuah karya yang bisa menutupi kekurangan yang telah terjadi', 0),
('R0802018', 8, 2, 12, 1202174089, 'Menjadi orang yang bermanfaat bagi orang sekitar', 3.33, 'mengasah akademik dan juga membagikan ilmu-ilmu yang telah di dapat kepada oranglain.', 2),
('R0802019', 8, 2, 12, 1202174084, 'Life must be balanced, if not like walking on one leg', 3.88, 'Have interest and curiosity to know more about computer networks and can be a place to develop skills, add insight, share knowledge. and exchange knowledge', 2),
('R0802020', 8, 2, 12, 1202170323, 'don\'t forget the past because it\'s the best teacher', 3.69, 'saya ingin belajar bekerjasama didalam kelompok untuk meningkatkan skill saya dalam bidang akademis.', 2),
('R0902000', 9, 2, 12, 1202164029, 'Sebuah ilmu itu harus dibagikan bukan di pendam diri sendiri', 3.35, 'Mulailah dari tempatmu berada. Gunakan yang kau punya. Lakukan yang kau bisa.', 2),
('R0902002', 9, 2, 12, 1202164087, 'Selalu merasa diuntungkan', 3.8, 'Saya ingin berbagi ilmu', 2),
('R0902003', 9, 2, 12, 1202164031, 'Work and Pray', 3.56, 'My motivation is want to deepen my knowledge about the operating system and want to share my knowledge', 2),
('R0902004', 9, 2, 12, 1202160251, 'Jika orang lain bisa, saya harus lebih bisa', 3.79, 'Saya ingin membagikan ilmu saya agar nantinya dapat bermanfaat dan juga mampu membantu teman-teman dalam praktikum agar lebih mudah memahami materi', 2),
('R0902005', 9, 2, 12, 1202164314, 'Do what you love and love what you do', 3.52, 'Untuk membagikan ilmu atau skill dalam bidang sistem operasi yang saya miliki kepada praktikan agar dapat bermanfaat', 0),
('R0902006', 9, 2, 12, 1202164225, 'Lakukan hal bermanfaat selagi bisa, selagi ada kesempatan', 3.65, 'Mendapatkan ilmu yang bermanfaat', 2),
('R0902007', 9, 2, 12, 1202164194, 'Usaha keras tidak akan pernah mengkhianati hasil', 3.5, 'I have the capability being a practicum assistant, experience is the best teacher. i got the experience by being SISJAR laboratory assistant, and this is my passion', 2),
('R0902008', 9, 2, 12, 1202163259, 'My intention is my future', 3.63, 'I want to share my knowledge, so that it can be useful for others', 2),
('R0902009', 9, 2, 12, 1202164092, 'I used this motto when I was a participants of SISJAR recruitment assistant, my motto is ', 3, 'My motivation is because I really love to teach, and I am part of SISJAR Laboratory assistant, I have experience teaching DESJAR and MANJARKOM and its all about how we understand, not about how we looking for value.', 2),
('R0902010', 9, 2, 12, 1202164121, 'Be gentle with yourself, you are doing the best you can', 3.66, 'Ingin meningkatkan keterampilan dalam mengajar dan saya adalah asisten sisjar sehingga saya mengharuskan diri untuk tetap mengikuti dan berpartisipasi dalam mengajar dan menjadi asisten praktikum di mata kuliah yang diampu oleh lab sisjar', 2),
('R0902011', 9, 2, 12, 1202160132, 'My intention is my future', 3.63, 'Saya ingin membagikan ilmu yang sudah saya dapatkan ke orang lain, agar ilmu saya bermanfaat', 2),
('R0902012', 9, 2, 12, 1202164284, 'Menjadi bermanfaat bagi orang lain, karena akan memberikan dampak positif untuk diri sendiri', 3.55, 'Saya ingin membagikan ilmu yang sebelumnya sudah saya dapatkan mengenai materi Dasar Sistem Operasi ini agar dapat dipahami juga oleh praktikan sehingga saya bisa menjadi orang yang bermanfaat seperti life motto saya', 2),
('R0902013', 9, 2, 12, 1202164039, 'innal amra kullahu lillah', 3.74, 'i want to teach them in order they can be more easily to understand the course', 2),
('R0902014', 9, 2, 12, 1202164007, 'I used this motto when I was a participants of SISJAR recruitment assistant, \"Feel the fear and do it anyway.\"', 3, 'Dikarenakan saya sangat suka mengajar, dan ingin menggunakan ilmu serta membagi ilmu ke adik-adik yang mengambil praktikum SISOP, serta saya juga salah satu Asisten SISJAR ', 2),
('R0902015', 9, 2, 12, 1202160045, 'Man Jadda Wa Jadda', 3.63, 'Membagi ilmu, mempelajari ilmu lebih dalam, dan bersosialisasi dengan baik.', 2),
('R0902016', 9, 2, 12, 1202183388, 'Act what you preach', 3.63, 'shaping a better world for myself and the others', 2),
('R0902017', 9, 2, 12, 1202162175, 'It doesn\'t matter how I was born, the most important thing is what attitude I live.', 3.65, 'I want to improve my quality in the scope of networking and operating systems and also share the knowledge that has been gained with others who needs.', 2),
('R1202000', 12, 2, 14, 1202170050, 'Pantang pulang sebelum berhasil, pantang menyerah sebelum mencoba', 3.49, 'my motivation for big things, be someone useful and let the world change a little because of us', 0),
('R1302000', 13, 2, 14, 1202170050, 'Pantang pulang sebelum berhasil, pantang menyerah sebelum mencoba', 3.49, 'my motivation for big things, be someone useful and let the world change a little because of us', 0),
('R1402000', 14, 2, 15, 1202164323, '-', 3.68, '-', 2),
('R1402002', 14, 2, 15, 1202160061, 'Bahagia adalah sebuah pilihan', 3.65, '-', 2),
('R1402003', 14, 2, 15, 1202164390, 'in vain have you acquired knowledge if you have not imparted it to others ', 3.76, 'from my life motto. to me, in vain have you acquired knowledge if you have not imparted it to others. and i want to be a SAP Consultant!', 2);

-- --------------------------------------------------------

--
-- Table structure for table `oprec_organization`
--

CREATE TABLE `oprec_organization` (
  `id_oprec_org` int(11) NOT NULL,
  `id_oprec_gen` varchar(8) NOT NULL,
  `year` int(4) NOT NULL,
  `org_name` varchar(150) NOT NULL,
  `position` varchar(150) NOT NULL
) ENGINE=InnoDB DEFAULT CHARSET=latin1;

--
-- Dumping data for table `oprec_organization`
--

INSERT INTO `oprec_organization` (`id_oprec_org`, `id_oprec_gen`, `year`, `org_name`, `position`) VALUES
(2, 'R0602000', 2018, 'senat', 'anggota'),
(3, 'R0402000', 2017, 'OSIS', 'Vice President'),
(4, 'R0402000', 2016, 'OSIS', 'Vice President'),
(5, 'R0402000', 2018, 'SOCIETY', 'HRD Staff'),
(6, 'R0402000', 2018, 'SEHATI', 'CNM Staff'),
(7, 'R0402000', 2019, 'Lecturer Commitee', 'Staff'),
(22, 'R0202000', 2013, 'NINETEEN CUP', 'BENDAHARA'),
(23, 'R0202000', 2013, 'OSIS', 'HUMAS'),
(24, 'R0202000', 2015, 'STYFOSA FESTIVAL', 'SEKRETARIS'),
(25, 'R0202000', 2016, 'INVENTION', 'ANGGOTA'),
(26, 'R0202000', 2016, 'BATAVIAN ON TELKOM', 'ANGGOTA'),
(27, 'R0202000', 2017, 'INAUGURASI', 'ANGGOTA'),
(28, 'R0202000', 2017, 'INVENTION', 'ANGGOTA'),
(29, 'R0202000', 2017, 'STAFF MUDA HMTI', 'STAFF MUDA'),
(30, 'R0202000', 2018, 'INVENTION', 'ANGGOTA'),
(31, 'R0202000', 2018, 'PENGURUS HMTI', 'ANGGOTA'),
(34, 'R0502000', 2019, 'Komunitas Cianjuran Telkom University', 'Ketua Mudik Roadshow 2019'),
(36, 'R0502000', 2019, 'Komunitas Cianjuran Telkom University', 'Ketua Divisi Internal'),
(38, 'R0502000', 2018, 'Komunitas Cianjuran Telkom University', 'Ketua Divisi PSDM'),
(39, 'R0502000', 2017, 'Komunitas Cianjuran Telkom University', 'Anggota'),
(40, 'R0602002', 2017, 'Komandan Angkatan 2017', 'First Lady TI-41-01'),
(41, 'R0602002', 2018, 'Inaugurasi 2017', 'Anggota Divisi Acara'),
(44, 'R0602002', 2017, 'IKASEMA', 'Anggota Divisi Acara'),
(45, 'R0602002', 2018, 'Staff Muda HMTI 2018', 'Staff Muda Kemahasiswaan'),
(46, 'R0602002', 2018, 'SOCIETY HMTI', 'Sekretaris II'),
(47, 'R0602002', 2019, 'SOCIETY HMTI', 'Sekretaris I'),
(49, 'R0302002', 2017, 'Ikatan Mahasiswa Sumatera Selatan', 'Logistic Division'),
(50, 'R0302002', 2018, 'Industrial Creative Season ', 'Event Decor Division'),
(51, 'R1202000', 2018, 'UKM IKRAR (IKATAN KELUARGA ANAK RIAU DAN KEPULAUAN RIAU)', 'STAFF DIVISI BUDAYA'),
(52, 'R1202000', 2019, 'UKM KPM (KORPS PROTOKOLER MAHASISWA) TEL-U', 'STAFF DIVISI DESIGN DAN DOKUMENTASI'),
(53, 'R1202000', 2017, 'UKM KPM (KORPS PROTOKOLER MAHASISWA) TEL-U', 'STAFF MAGANG DIVISI PSDM (PEMBERDAYAAN SUMBER DAYA MANUSIA)'),
(54, 'R1302000', 2017, 'UKM KORPS POTOKOLER MAHASISWA TELKOM UNIVERSITY', 'STAFF MAGANG DIVISI PSDM (PEMBERDAYAAN SUMBER DAYA MANUSIA) KPM Tel-U'),
(55, 'R1302000', 2018, 'UKM IKRAR (IKATAN KELUARGA ANAK RIAU DAN KEPULAUAN RIAU)', 'STAFF DIVISI BUDAYA'),
(57, 'R1302000', 2019, 'UKM KORPS POTOKOLER MAHASISWA TELKOM UNIVERSITY', 'STAFF DIVISI PUBLIKASI DAN DOKUMENTASI'),
(58, 'R0102002', 2019, 'SOCIETY', 'anggota'),
(59, 'R0102002', 2019, 'COMOT', 'anggota'),
(60, 'R0102002', 2019, 'FORCY', 'anggota'),
(62, 'R0102003', 2017, 'Dewan Ambalan Pramuka SMA', 'Perlengkapan'),
(63, 'R0102003', 2017, 'CSS SMASTA', 'Anggota'),
(64, 'R0302000', 2018, 'Invention', 'Part of Sponsorship and Moneytary Founder'),
(65, 'R0302000', 2017, 'Invention', 'Part of Sponsorship and Moneytary Founder'),
(66, 'R0302000', 2017, 'SG SIPO', ''),
(67, 'R0302000', 2016, 'Olimpiade Telkom', 'Part of SOS'),
(68, 'R0302000', 2016, 'Invention', 'Part of Sponsorship and Moneytary Founder'),
(70, 'R0302003', 2012, 'Osis', 'Anggota'),
(71, 'R0302003', 2012, 'Paduan Suara', 'Ketua'),
(72, 'R0302003', 2014, 'MPK', 'Anggota'),
(73, 'R0302003', 2014, 'Pramuka', 'Anggota'),
(74, 'R0302003', 2015, 'MPK', 'Bendahara'),
(75, 'R0302003', 2015, 'Paduan Suara', 'Ketua'),
(77, 'R0302003', 2015, 'Tari Tradisional', 'Ketua'),
(78, 'R0302003', 2015, 'Pramuka', 'Anggota'),
(80, 'R0302003', 2017, 'HMTI', 'STAFF MUDA'),
(81, 'R0302003', 2018, 'HMTI', 'Staff Badan Pengurus HMTI'),
(82, 'R0302003', 2019, 'HMTI', 'Staff Badan Pengurus HMTI'),
(83, 'R0102005', 2018, 'Regional UKM committee', 'Publication and documentation division'),
(84, 'R0102005', 2019, 'INAUGURASI committee', 'Event Division'),
(85, 'R0102005', 2012, 'Student Council', 'Member'),
(86, 'R0102005', 2013, 'Farewell committee', 'Decoration Division'),
(87, 'R1402000', 2017, 'PT. Sapta Sentosa Jaya Abadi', 'Internship IT Network Engineer'),
(88, 'R1402000', 2017, 'Himpunan Mahasiswa Sistem Informasi', 'Trainer Pelatihan Microsoft Office'),
(89, 'R1402000', 2018, 'MUKERNAS Ikatan Mahasiswa Sistem Informasi Indonesia', 'Anggota Divisi Acara'),
(90, 'R1402000', 2018, 'Keprofesian ERP', 'Koordinator Divisi Acara Kuliah Umum Keprofesian ERP'),
(91, 'R1402000', 2017, 'Keprofesian ERP', 'Koordinator Divisi HRD'),
(92, 'R1402000', 2018, 'Badan Perwakilan Mahasiswa Sistem Informasi', 'Staff Komisi Internal'),
(95, 'R1402000', 2016, 'Rumah Gadang Telkom University', 'Anggota'),
(96, 'R1402000', 2016, 'UKM Fotografi Telkom University', 'Anggota'),
(97, 'R1402000', 2018, 'ERP Laboratory', 'Asisten Laboratorium, Staff Divisi Research and Competition, Koordinator Edugate Laboratorium ERP'),
(98, 'R0102006', 2016, 'Ambalan Rama-Shinta SMAN 2 Tangerang Selatan', 'Head of Secretary'),
(99, 'R0102006', 2017, 'Perkemahan Jumat-Sabtu (PERJUSA) 2017', 'Head Coordinator of Public Relations'),
(100, 'R0102006', 2017, 'Moonzher Scout Competition', 'Head Coordinator of Sponsorship'),
(101, 'R0102006', 2018, 'Vignette Research Group', 'Member'),
(102, 'R0102006', 2019, 'Final Day Teknik Industri Angkatan 2018', 'Master of Ceremony'),
(104, 'R0102006', 2019, 'TACES (The Telkom Annual Competition of English Society)', 'Sponsorship and Master of Ceremony'),
(105, 'R0102006', 2019, 'MENAFOSHA (Inaugurasi Teknik Industri Tel-U Angkatan 2018)', 'Public Relations'),
(106, 'R0102006', 2019, 'Struktur Angkatan', 'Kesejahteraan Mahasiswa'),
(108, 'R0602003', 2018, 'Ikatan Mahasiswa EksKaresidenan Banyumas (IWAKMAS)', 'Panitia Telkom Edutainment 2018'),
(109, 'R0602003', 2019, 'Ikatan Mahasiswa EksKaresidenan Banyumas (IWAKMAS)', 'Panitia Telkom Edutainment 2019'),
(110, 'R0602003', 2019, 'Ikatan Mahasiswa Karanganyar (IMAKA)', 'Panitia Mudik Roadshow 2019'),
(111, 'R0602003', 2019, 'Encrypt 2.0', 'Research Group'),
(112, 'R0602003', 2017, 'ISLAH 2017', 'peserta'),
(113, 'R0602003', 2016, 'Dewan Ambalan', 'Pengurus'),
(114, 'R0702000', 2017, 'Yayasan Qurrota\'ayun Bandung - Pondok Pesantren Mahasiswa Roudhotul Jannah Bandung', 'Koordinator Wilayah Putra'),
(115, 'R0702000', 2018, 'Yayasan Qurrota\'ayun Bandung - Pondok Pesantren Mahasiswa Roudhotul Jannah Bandung', 'Koordinator Wilayah Putra'),
(116, 'R0702000', 2017, 'Yayasan Qurrota\'ayun Bandung - Pondok Pesantren Mahasiswa Roudhotul Jannah Bandung', 'Sekretaris'),
(117, 'R0702000', 2018, 'Yayasan Qurrota\'ayun Bandung - Pondok Pesantren Mahasiswa Roudhotul Jannah Bandung', 'Sekretaris'),
(124, 'R0602005', 2015, 'Pecinta Alam', 'Humas'),
(125, 'R0602006', 2018, 'Inaugurasi Teknik Industri ', 'Divisi Dekorasi'),
(126, 'R0602006', 2018, 'Panitia Pemilihan Umum HMTI 2018', 'Divisi Publikasi dan Dokumentasi'),
(127, 'R0602006', 2018, 'Central Computer Improvement', 'Divisi Network'),
(128, 'R0602006', 2018, 'ENCRYPT 2.0', 'Member'),
(129, 'R0602006', 2019, 'HMTI Telkom University', 'Department Akademik'),
(130, 'R0402002', 2018, 'IMA(Indonesia Marketing Association)', 'Anggota'),
(133, 'R0102004', 2017, 'OSIS SMAN 97 Jakarta', 'Koordinator Seksi Bidang Ketuhanan Yang Maha Esa'),
(134, 'R0102004', 2017, 'ROHIS SMAN 97 Jakarta', 'Humas'),
(138, 'R0602007', 2018, 'ENCRYPT 1.0', 'Anggota'),
(142, 'R0602007', 2019, 'ENCRYPT 2.0', 'Koordinator'),
(144, 'R0502002', 2017, 'Komunitas Pelajar Jombang', 'Wakil Ketua'),
(145, 'R0502002', 2017, 'Mudik Roadshow \"Semarak\" KOPAJA', 'Koordinator Humas'),
(146, 'R0502002', 2019, 'Mudik Roadshow \"Semarak\" KOPAJA', 'Ketua'),
(147, 'R0502002', 2018, 'OC INCREASE', 'Anggota Humas'),
(148, 'R0502002', 2017, 'ENCRYPT 1.0', 'Anggota Research Group'),
(149, 'R0502002', 2017, 'Komunitas Mahasiswa Nahdlatul Ulama', 'Anggota Divisi Syiar'),
(150, 'R0502002', 2019, 'RSCM-J', 'Anggota Research Group'),
(152, 'R0302004', 2017, 'Keluarga Mahasiswa Buddha', 'Secretary'),
(153, 'R0302004', 2016, 'Keluarga Mahasiswa Buddha', 'Member'),
(154, 'R0302004', 2017, 'Basic Physics Laboratory', 'Member of Education Division'),
(155, 'R0302004', 2017, 'Expert Course', 'Tentor of Calculus'),
(156, 'R0302004', 2018, 'Keluarga Mahasiswa Buddha', 'Secretary'),
(157, 'R0302004', 2018, 'LEGION 2017', 'Member of Consumption and Medical Squad'),
(158, 'R0302004', 2018, 'Research Group of PFT Laboratory', 'Member'),
(159, 'R0502003', 2016, 'Wonosobo Muda Community', 'Member'),
(160, 'R0502003', 2017, 'KMW (Komunitas Mahasiswa Wonosobo)', 'Secretary'),
(161, 'R0502003', 2017, 'Society (Social Community)', 'Member'),
(162, 'R0502003', 2017, 'Research Group of SISPROMASI 5.0', 'Member'),
(163, 'R0502003', 2018, 'Research Group of SISPROMASI 6.0', 'Member'),
(164, 'R0502003', 2019, 'Incoustic', 'Member'),
(165, 'R0902000', 2016, 'Telkom Calisthenics', 'Ketua'),
(166, 'R0902000', 2016, 'HMSI', 'ANGGOTA'),
(167, 'R0902002', 2017, 'Al-Fath Universitas Telkom', 'Staf Divisi Syiar'),
(168, 'R0902002', 2018, 'Al-Fath Universitas Telkom', 'Staf Divisi Syiar'),
(169, 'R0902002', 2017, 'Badan Mentoring', 'Mentor ICB'),
(170, 'R0902002', 2018, 'Laboratorium SISJAR', 'Asisten'),
(172, 'R0702002', 2016, 'INVENTION ', 'OC ESL '),
(173, 'R0702002', 2018, 'PERFECT, PERMIB ', 'SC Sponsorship'),
(174, 'R0702002', 2018, 'PERMIB', 'Div.External'),
(175, 'R0702002', 2017, 'INAUGURASI', 'Div.Logistic'),
(176, 'R0902004', 2016, 'Dorm Team Gedung Larat', 'Staff Divisi Sosial'),
(177, 'R0902003', 2018, 'Sisjar Laboratory', 'Practicum Assistant of Desain Jaringan dan Komunikasi Data'),
(178, 'R0902004', 2017, 'Staff Muda Himpunan Mahasiswa Sistem Informasi', 'Staff Muda Divisi Akademik'),
(179, 'R0902004', 2018, 'Himpunan Mahasiswa Sistem Informasi', 'Staff Ahli Divisi Akademik'),
(180, 'R0902003', 2019, 'Sisjar Laboratory', 'Practicum Assistant of Manajemen Jaringan Komputer'),
(182, 'R0902003', 2014, 'Programing Club', 'Member'),
(183, 'R0902003', 2015, 'Marching Band', 'trumpet player'),
(184, 'R0902004', 2018, 'Laboratorium Sistem Operasi dan Jaringan Komputer (SISJAR)', 'Asisten Laboratorium dan Asisten Praktikum DESJAR'),
(185, 'R0902004', 2018, 'Staff Muda Himpunan Mahasiswa Sistem Informasi', 'SI Muda Divisi Akademik'),
(193, 'R0602008', 2018, 'Badan Mentoring', 'Asisten Mentoring'),
(194, 'R0302005', 2017, 'Laboratorium Fisika Dasar', 'anggota divisi praktikum'),
(195, 'R0802002', 2018, 'Panitia PKKMB TELKOM UNIVERSITY', 'Divisi MT (Medical Team)'),
(196, 'R0902006', 2016, 'UKM Central Computer Improvement, Telkom University', 'Anggota divisi Web Development'),
(199, 'R0902006', 2017, 'UKM Central Computer Improvement, Telkom University', 'Sekretaris'),
(200, 'R0902006', 2018, 'UKM Central Computer Improvement, Telkom University', 'Sekretaris'),
(203, 'R0902007', 2018, 'SISJAR LABORATORY', 'disciplinary commission staff'),
(210, 'R0902006', 2017, 'Badan Mentoring ICB', 'Mentor Islamic Character Building Mahasiswi S1 Ilmu Komunikasi'),
(211, 'R0902006', 2018, 'Badan Mentoring ICB', 'Mentor Islamic Character Building Mahasiswi S1 Teknik Industri'),
(212, 'R0802004', 2016, 'Telkom Calisthenics', 'Ketua'),
(213, 'R0802004', 2016, 'HMSI', 'ANGGOTA'),
(215, 'R0902005', 2016, 'UKM Djawa Tjap Parabola', 'Staff Kesenian'),
(216, 'R0902006', 2018, 'Laboratorium SISJAR', 'Pemateri Pelatihan Desain Jaringan dan Komunikasi Data, Asisten praktikum Desain Jaringan dan Komunikasi Data, dan anggota divisi Sumber Daya Manusia'),
(217, 'R0902005', 2017, 'Tentor Community HMSI', 'Staff'),
(218, 'R0902006', 2019, 'Laboratorium SISJAR', 'Asisten praktikum Manajemen Jaringan Komputer, dan anggota divisi Sumber Daya Manusia'),
(219, 'R0902005', 2018, 'Tentor Community HMSI', 'Koor Q&A'),
(220, 'R0902006', 2017, 'Himpunan Mahasiswa Sistem Informasi', 'Relawan pelatihan Microsoft Office untuk siswa SMA Darul Hikmah Cikoneng'),
(221, 'R0902005', 2018, 'SI Code', 'Volunteer Pengajar'),
(222, 'R0902006', 2018, 'Himpunan Mahasiswa Sistem Informasi', 'Relawan \'Code for Kids\''),
(233, 'R0902008', 2017, 'Information System Networking', 'Anggota HCM'),
(238, 'R0902008', 2018, 'Badan Perwakilan Mahasiswa Sistem Informasi (BPMSI)', 'Bendahara'),
(239, 'R0902008', 2018, 'Asisten Laboratorium Sistem Operasi dan Jaringan Komputer (SISJAR)', 'Anggota Divisi Sumber Daya Manusia (SDM)'),
(240, 'R0902008', 2018, 'Asisten Praktikum Desain Jaringan dan Komunikasi Data (DESJAR)', 'Anggota Divisi Sumber Daya Manusia (SDM)'),
(241, 'R0902008', 2019, 'Asisten Praktikum Manajemen Jaringan Komputer (MANJARKOM)', 'Anggota Divisi Sumber Daya Manusia (SDM)'),
(242, 'R0902008', 2016, 'Kepanitiaan Daerah Magetan (KEMMA)', 'Anggota'),
(243, 'R0902008', 2017, 'Kepanitiaan Daerah Magetan (KEMMA)', 'Bendahara'),
(245, 'R0902008', 2018, 'MTA IT Workshop (Network)', 'Trainer'),
(248, 'R0902009', 2016, 'AL FATH (SYIAR)', 'Anggota'),
(249, 'R0902009', 2016, 'HMSI', 'Staff Muda'),
(250, 'R0902009', 2017, 'HMSI', 'Anggota KOMINFO'),
(252, 'R0902009', 2017, 'SISJAR', 'Anggota Divisi RT'),
(254, 'R0902009', 2018, 'UKM Betawie', 'Anggota Seni Budaya'),
(255, 'R0902010', 2018, 'Sisjar Laboratory', 'Anggota Divisi Komisi Disiplin'),
(256, 'R0902010', 2018, 'Sisjar Laboratory', 'Asisten Praktikum Desjar'),
(258, 'R0902010', 2019, 'Sisjar Laboratory', 'Asisten Praktikum Manjarkom'),
(259, 'R0802006', 2015, 'PASKIBRA', 'Anggota'),
(260, 'R0802006', 2015, 'ITC(infomation Teknologi Computer)', 'Sekretaris'),
(263, 'R0902011', 2016, 'Kepanitiaan Daerah Magetan (KEMMA)', 'Anggota Divisi Acara'),
(264, 'R0902011', 2017, 'Kepanitiaan Daerah Magetan (KEMMA)', 'Bendahara'),
(265, 'R0802007', 2017, 'FORCY Grab It Fast', 'Sponsorship Staff'),
(266, 'R0802007', 2018, 'FORCY Thanks Giving', 'Decoration Staff'),
(267, 'R0902011', 2017, 'Information System Networking (IS.Net)', 'Anggota HCM'),
(268, 'R0802007', 2018, 'Keprofesian ERP', 'Public Relation Coordinator'),
(269, 'R0802007', 2018, 'HMSI', 'KOMINFO Staff Muda'),
(271, 'R0902011', 2018, 'Badan Perwakilan Mahasiswa Sistem Informasi (BPMSI)', 'Bendahara'),
(272, 'R0802007', 2019, 'Panitia Pemilihan Umum Himpunan', 'Publication and Documentation Staff'),
(273, 'R0902011', 2018, 'Asisten Laboratorium Sistem Operasi dan Jaringan Komputer (SISJAR)', 'Anggotas Divisi Sumber Daya Manusia (SDM)'),
(274, 'R0902011', 2018, 'Asisten Praktikum Desain Jaringan dan Komunikasi Data (DESJAR)', 'Anggotas Divisi Sumber Daya Manusia (SDM)'),
(275, 'R0902011', 2018, 'MTA IT Workshop (Network)', 'Trainer'),
(276, 'R0902011', 2019, 'Asisten Praktikum Manajemen Jaringan Komputer (MANJARKOM)', 'Anggotas Divisi Sumber Daya Manusia (SDM)'),
(277, 'R0802008', 2015, 'Sekbid Olahraga', 'Anggota'),
(278, 'R0102007', 2018, 'IRMA (IKATAN REMAJA MASJID AN-NUR)', 'KETUA'),
(279, 'R0102007', 2019, 'SES (STUDENT ENGLISH SOCIETY)', 'MOVIE MAKING DIVISION'),
(280, 'R0102003', 2018, 'AL FATH ', 'Syiar'),
(281, 'R0102007', 2018, 'CONTENT (KOMUNITAS TENTOR HMTI)', 'AHM (AKADEMIK HUBUNGI MASYARAKAT)'),
(282, 'R0802009', 2018, 'Keprofesian ERP', 'Staff of Maintenance and Logistics'),
(283, 'R0802009', 2017, 'Short Courses on \"Stochastic Optima Control\" IEEE Student Branch', 'Staff of Event Division'),
(285, 'R0802010', 2016, 'PIK REMAJA', 'Ketua organisasi'),
(286, 'R0802010', 2018, 'KBMS Telkom Univeristy', 'Anggota divisi acara'),
(287, 'R0802010', 2018, 'PPUH Telkom University', 'Anggota divisi acara'),
(297, 'R0602009', 2017, 'HASTJA (Himpunan Alumni SMK Telkom Jakrta', 'Anggota'),
(298, 'R0602009', 2018, 'Badan Mentoring', 'Mentor (Anggota)'),
(299, 'R0902013', 2017, 'UKM Betawie', 'Anggota Pubdekdok (Publikasi, Dekorasi, Dokumentasi)'),
(300, 'R0902013', 2018, 'UKM Betawie', 'Koor Pubdekdok (Publikasi, Dekorasi, Dokumentasi)'),
(301, 'R0902013', 2018, 'UKM Djawa', 'Anggota Tari'),
(302, 'R0902013', 2018, 'Studygroup IS.NET Keprofesian EIM', 'Anggota Public Relation'),
(304, 'R0902013', 2018, 'Laboratorium SISJAR', 'Admin / Sekretaris'),
(306, 'R0802004', 2018, 'Laboratorium Sisjar', 'Staff Divisi Rumah Tangga'),
(308, 'R0802004', 2019, 'Laboratorium Sisjar', 'Asisten Praktikum Manjarkom'),
(309, 'R0802004', 2018, 'Laboratorium Sisjar', 'Asisten Praktikum Desjar'),
(310, 'R0902000', 2018, 'Laboratorium Sisjar', 'Asisten Praktikum Desjar'),
(311, 'R0902000', 2019, 'Laboratorium Sisjar', 'Asisten Praktikum Manjarkom'),
(312, 'R0902000', 2019, 'Laboratorium Sisjar', 'Staff Divisi Rumah Tangga'),
(313, 'R0902014', 2017, 'HMSI', 'Staff Muda'),
(314, 'R0902014', 2017, 'AL FATH ', 'Anggota Syiar'),
(315, 'R0902014', 2018, 'UKM Betawie', 'Anggota Seni Budaya'),
(316, 'R0902014', 2018, 'SISJAR', 'Anggota Divisi RT'),
(317, 'R0902014', 2017, 'HMSI', 'Anggota KOMINFO'),
(318, 'R0902013', 2017, 'Tel-U Mengajar', 'Pengajar IPA'),
(319, 'R0902013', 2018, 'Tel-U Mengajar', 'Pengajar Matematika'),
(329, 'R0802011', 2018, 'KOPMA UNITEL ', 'HUMAN CAPITAL '),
(330, 'R0802011', 2018, 'KBSU (UKM DAERAH)', 'Ketua Div. Acara KBSU Camp'),
(331, 'R0802011', 2018, 'BEM KEMA TELKOM UNIVERSITY', 'KABINET MUDA KEMENTERIAN KWU'),
(332, 'R0802011', 2018, 'KEPEMANDUAN FRI', 'DIVISI ACARA'),
(333, 'R0802000', 2017, 'Roadshow', 'Anggota Divisi Acara'),
(334, 'R0802011', 2019, 'BEM KEMA TELKOM UNIVERSITY', 'STAFF BIRO KONSELING'),
(335, 'R0802000', 2017, 'Panitia Natal', 'Anggota Divisi Acara'),
(336, 'R0802000', 2018, 'Panitia Natal', 'Anggota Divisi Humas'),
(337, 'R0802000', 2018, 'Mentoring Katolik', 'Mentor'),
(338, 'R0802011', 2019, 'KOPMA UNITEL', 'Ketua Pelaksana Pelantikan Pengurus KOPMA UNITEL 2019'),
(339, 'R0802000', 2018, 'REVELI', 'Anggota Divisi Humas'),
(340, 'R0802000', 2018, 'PSI (Persatuan Olahraga Sistem Informasi)', 'Anggota Divisi Internal'),
(341, 'R0802000', 2019, 'PSI (Persatuan Olahraga Sistem Informasi)', 'Koordinator Divisi Internal'),
(342, 'R0302006', 2017, 'Riverside-TEL-U CUP 2017', 'Angdiv- Acara'),
(343, 'R0302006', 2017, 'PKKMB Telkom University 2017', 'Angdiv- Medical Team'),
(344, 'R0302006', 2017, 'Malam Apresiasi USBM', 'Koor. Konsum'),
(345, 'R0302006', 2017, 'Makrab Penerimaan Anggota Baru USBM ', 'Koor. Konsum'),
(346, 'R0902015', 2017, 'BADAN MENTORING ICB ', 'MENTOR'),
(347, 'R0302006', 2018, 'Society HMTI', 'Angdept-Sosial'),
(348, 'R0902015', 2017, 'KOPMA UNITEL', 'STAFF MUDA KOPMA'),
(349, 'R0902015', 2018, 'KOPMA UNITEL', 'STAFF ICT'),
(350, 'R0302006', 2018, 'Legion HMTI', 'Angdiv- Rules of discipline Squard'),
(351, 'R0302006', 2018, 'Increase 2019', 'Angdiv- Acara'),
(352, 'R0802013', 2018, 'KOPMA UNITEL', 'HUMAN CAPITAL'),
(353, 'R0802013', 2018, 'KBSU (UKM DAERAH)', 'Ketua Div. Acara KBSU Camp'),
(354, 'R0802013', 2018, 'BEM KEMA TELKOM UNIVERSITY', 'KABINET MUDA KEMENTERIAN KWU'),
(355, 'R0302006', 2018, 'USBM', 'Kadept. Kewirausahaan'),
(356, 'R0802013', 2018, 'KEPEMANDUAN FRI', 'DIVISI ACARA'),
(357, 'R0802013', 2019, 'KOPMA UNITEL', 'Ketua Pelaksana Pelantikan Pengurus KOPMA UNITEL 2019'),
(358, 'R0802013', 2019, 'BEM KEMA TELKOM UNIVERSITY', 'STAFF BIRO KONSELING'),
(359, 'R0302006', 2019, 'Kepengurusan Keprof.QSE', 'Angdiv. Content Management'),
(360, 'R0302007', 2015, 'IKATAN REMAJA CHEVRON DURI', 'SPORT DIVISION'),
(361, 'R0302007', 2017, 'IKRAR GOES TO ROADSHOW', 'HUMAS (PUBLIC RELATION)'),
(362, 'R0302007', 2017, 'INAUGURASI 2016', 'CONSUMPTION DIVISION'),
(363, 'R0302007', 2017, 'PANITIA PELANTIKAN ARMADA LANCANG KUNING', 'LOGISTIC DIVISION'),
(364, 'R0302007', 2018, 'LEGION 2017', 'EQUIPMENT RELATATION SQUAD'),
(365, 'R0802014', 2018, 'SERASI TOMTEL Jambi', 'Divisi Logistik'),
(366, 'R0802014', 2019, 'SERASI TOMTEL Jambi', 'Divisi Logistik'),
(367, 'R0802015', 2019, 'Inseclub', 'anggota'),
(368, 'R0902016', 2011, 'Gambia Cellular Company ltd. (Gamcel)', 'Supervisor'),
(369, 'R0902012', 2017, 'PERMISI.TU ', 'Member of Information and Communication Departement'),
(370, 'R0902012', 2017, 'Information System Networking (IS.NET)', 'Member of Research and Development Departement'),
(371, 'R0902012', 2018, 'SISJAR Laboratory', 'Member of Household Division'),
(372, 'R0802005', 2016, 'PMR Wira MAN 13 Jakarta', 'Sekretaris'),
(373, 'R0802005', 2017, 'KSR PMI Unit Universitas Telkom', 'Staff Divisi Logistik'),
(374, 'R0802016', 2017, 'PMK TELKOM UNIVERSITY', 'PANITIA '),
(375, 'R0802016', 2018, 'TELKOM UNIVERSITY', ' SENIOR RESIDENT'),
(376, 'R0802016', 2019, 'CHAMPION REGENERATION SEARCH TELKOM UNIVERSITY', 'PANITIA '),
(377, 'R0802005', 2018, 'LDK Alfath Universitas Telkom', 'Staff Media Pusat'),
(379, 'R0802005', 2018, 'LDK Alfath Universitas Telkom', 'Staff Acara PROMO 2.0'),
(380, 'R0802005', 2018, 'LDK Alfath Universitas Telkom', 'Staff Divisi Pubdok ISLAH 2018'),
(382, 'R0802005', 2018, 'KSR PMI Unit Universitas Telkom', 'Divisi Logistik Diksar VI'),
(383, 'R0802005', 2019, 'LDK Alfath Universitas Telkom', 'Staff Media Pusat'),
(384, 'R0802005', 2019, 'KSR PMI Unit Universitas Telkom', 'Staff Divisi Diklat'),
(386, 'R0802005', 2018, 'BMKA Salman', 'Panitia SSC 15 Divisi MSDM'),
(387, 'R0802005', 2018, 'BMKA Salman', 'Panitia SSC 16 Divisi Pubdok'),
(388, 'R0802005', 2019, 'LDK Alfath Universitas Telkom', 'Korwat PROMO 3.0'),
(389, 'R0802005', 2019, 'LDK Alfath Universitas Telkom', 'Sekdiv Pubdok SHARE 2019'),
(390, 'R0802005', 2019, 'KSR PMI Unit Universitas Telkom', 'Koor Divisi konsumsi susur kampung'),
(391, 'R0802005', 2019, 'Ketimbang ngemis bandung', 'Divisi Pubdok'),
(392, 'R0802005', 2019, 'LDK Alfath Universitas Telkom', 'Staff Divisi Pubdok PMB 2019'),
(393, 'R0802017', 2016, 'OSIS', 'Anggota'),
(394, 'R0802018', 2014, 'Jurnalistik ', 'team editor cerpen'),
(395, 'R0802018', 2014, 'Paskibra', 'pelatih baris-berbaris'),
(396, 'R0802018', 2014, 'pramuka', 'sekertaris'),
(397, 'R0802018', 2018, 'kabinet muda BEM KEMA TEL-U', 'anggota tata kelola event'),
(399, 'R0802018', 2017, 'inletectual community', 'bendahara'),
(400, 'R0802018', 2019, 'BEM KEMA TELKOM UNIVERSITY', 'Anggota Advokasi kesejahteraan mahasiswa'),
(402, 'R0902017', 2018, 'SISJAR Laboratory', 'Member of SDM Division'),
(403, 'R0802007', 2018, 'Keprofesian ERP Kuliah Umum', 'Public Relation Staff'),
(404, 'R0802007', 2018, 'FORCY Charity', 'Logistic Staff'),
(405, 'R0902017', 2018, 'SISJAR Laboratory', 'Practicum Assistant of Network Design and Data Communication'),
(406, 'R0902017', 2019, 'SISJAR Laboratory', 'Practicum Assistant of Computer Network Management'),
(407, 'R0902017', 2016, 'Mugiwara Ni-Juu Kurabu', 'Bunka (Japanese Culture) Coordinator'),
(408, 'R0802009', 2018, 'Keprofesian ERP \"KULIAH UMUM\"', 'Staff of Event Division'),
(409, 'R0802009', 2019, 'Roadshow PAMASRA \"THORSY\"', 'HUMAS'),
(410, 'R0802019', 2017, 'Dormteam Asrama Gedung C Tel-U', 'Sekretaris'),
(411, 'R0802019', 2018, 'Study Group BLC', 'Sekretaris'),
(412, 'R0802019', 2019, 'Korps Protokoler Mahasiswa', 'Sekretaris'),
(413, 'R0802019', 2018, 'TenCom', 'Anggota'),
(414, 'R0802019', 2017, 'Ikatan Mahasiswa bagian Sumatera Selatan', 'Anggota'),
(415, 'R0702003', 2018, 'Forum Pengusaha Konveksi Bandung', 'Founder'),
(416, 'R0702003', 2017, 'Glorify The Lord Ensemble', 'Member'),
(417, 'R0702003', 2016, 'Telkom University Choir', 'Member'),
(419, 'R0702003', 2017, 'Elshaddai Creative Church', 'Volunteer at Praise and Worship Division'),
(420, 'R0702003', 2018, 'PT Mitra Digital Komersindo', 'Business Development Associate'),
(421, 'R0702003', 2018, 'PT Dhanar Mas Concern', 'Freelance Designer'),
(423, 'R0402004', 2017, 'Kepanitiaan Cravier', 'Anggota Konsumsi'),
(424, 'R0402004', 2017, 'Rohani Islam', 'Hubungan Masyarakat'),
(425, 'R0402004', 2017, 'TACES SES ', 'Anggota Divisi Acara'),
(426, 'R0402004', 2018, 'Open Recruitment SES', 'Ketua Pelaksana'),
(427, 'R0402004', 2018, 'IGREEC 2018 SOCIETY', 'Anggota Hubungan Masyarakat'),
(428, 'R0402004', 2018, 'SPECTRAL 2019 Study Group SIPO', 'Anggota '),
(429, 'R0402004', 2017, 'Pengenalan Calon Anggota Rohani Islam Baru', 'Ketua Pelaksana'),
(430, 'R0802005', 2019, 'KSR PMI Unit Universitas Telkom', 'Koor Divisi Konsumsi Pendidikan lanjut IV'),
(431, 'R0502004', 2016, 'Karya Ilmiah Remaja', 'Ketua'),
(432, 'R0502004', 2016, 'Palang Merah Remaja', 'Divisi PRS'),
(433, 'R0502004', 2018, 'Java Business Competition 2018', 'Event Creative'),
(434, 'R0502004', 2018, 'Staff Muda HMTI', 'Divisi ADX'),
(435, 'R0502004', 2018, 'Research Group Sispromasi 5.0', 'Anggota Research Group'),
(436, 'R0502004', 2017, 'Content', 'Divisi AHM'),
(437, 'R0502004', 2019, 'Research Group Sispromasi 6.0', 'Anggota Research Group'),
(439, 'R1402002', 2018, 'SAMALOWA', 'Advisor'),
(440, 'R1402002', 2018, 'Enterprise Resource Planning Laboratory', 'Public Relation Staff'),
(441, 'R1402002', 2018, 'Generation Of Information System', 'Logistic Staff'),
(442, 'R0502004', 2016, 'Rohis', 'Divisi HMP'),
(443, 'R0502004', 2015, 'PRAMUKA', 'Divisi Kedisiplinan'),
(444, 'R0802020', 2018, 'PMK TEL-U', 'Divisi Perpustakaan'),
(445, 'R0802020', 2018, 'CCI TEL-U', 'Anggota Divisi Design'),
(446, 'R1402003', 2017, 'ERP Study and Research Group', 'Study and Research Division'),
(447, 'R1402003', 2018, 'ERP Laboratory', 'Research and Competition Division'),
(448, 'R1402003', 2019, 'Keluarga Mahasiswa Buddha Telkom', 'President '),
(449, 'R1402003', 2018, 'Persatuan Olahraga Sistem Informasi', 'Manager'),
(450, 'R1402003', 2016, 'IKRAR', 'Member'),
(451, 'R1402003', 2016, 'Mighty Duck Telkom Basketball', 'Player'),
(452, 'R0302008', 2017, 'ESC', 'Kominfo'),
(453, 'R0302008', 2018, 'Legion', 'ERS'),
(454, 'R0302008', 2016, 'KMM ', 'Sponsorship'),
(455, 'R0302008', 2016, 'KMM', 'Dokumentasi'),
(456, 'R0502005', 2017, 'CONTENT ', 'Staff of AHM Division'),
(457, 'R0502005', 2018, 'SOCIETY', 'Staff of Education Department'),
(461, 'R0702005', 2018, 'HMTI', 'Staff Kaderisasi'),
(462, 'R0702005', 2017, 'Inaugurasi', 'Staff Logistik'),
(463, 'R0702005', 2017, 'PKKMB', 'Staff Logistik'),
(464, 'R0702004', 2015, 'Panitia Twotanium SMA Negeri 2 Cimahi', 'Sie. Acara'),
(465, 'R0702005', 2017, 'Perfect PERMIB', 'Staff Logistik'),
(466, 'R0702005', 2018, 'LEGION', 'anggota RDS'),
(467, 'R0702005', 2019, 'Keprofesian e-SCC', 'koordinator Human resource'),
(468, 'R0702005', 2017, 'SehATI', 'Staff Logistik'),
(469, 'R0702005', 2018, 'SEHATI', 'Staff Logistik'),
(470, 'R0702005', 2019, 'HMTI', 'Staff Kaderisasi'),
(471, 'R0702005', 2019, 'LEGION', 'anggota RDS'),
(472, 'R0702005', 2015, 'PRAMUKA', 'Kepala kedisiplinan'),
(473, 'R0702005', 2012, 'OSIS SMPN 3 Belinyu', 'Ketua');

-- --------------------------------------------------------

--
-- Table structure for table `oprec_skills`
--

CREATE TABLE `oprec_skills` (
  `id_oprec_skills` int(11) NOT NULL,
  `id_oprec_gen` varchar(8) NOT NULL,
  `software_name` varchar(200) NOT NULL,
  `software_lvl` int(11) NOT NULL
) ENGINE=InnoDB DEFAULT CHARSET=latin1;

--
-- Dumping data for table `oprec_skills`
--

INSERT INTO `oprec_skills` (`id_oprec_skills`, `id_oprec_gen`, `software_name`, `software_lvl`) VALUES
(2, 'R0602000', 'corel', 1),
(3, 'R0602000', 'java', 2),
(4, 'R0402000', 'Adobe Photoshop', 1),
(5, 'R0402000', 'Filmora', 1),
(6, 'R0402000', 'Microsoft Office (Word, Excel, Power Point', 2),
(7, 'R0402000', 'Autodesk Inventor', 1),
(8, 'R0302000', 'Ms.Excel', 2),
(9, 'R0302000', 'Flexsim', 1),
(10, 'R0302000', 'IBM SPSS', 1),
(12, 'R0302000', 'Ms.word', 2),
(13, 'R0302000', 'Ms. Powerpoint', 2),
(15, 'R0302000', 'SketchUp', 1),
(18, 'R0202000', 'Ms. Excel', 2),
(19, 'R0202000', 'CorelDraw', 1),
(20, 'R0202000', 'AdobeFlash', 1),
(21, 'R0502000', 'Microsoft Office (Word,Excel,PowerPoint)', 3),
(22, 'R0502000', 'Inventor Autodesk', 2),
(23, 'R0502000', 'Mastercam', 2),
(24, 'R0502000', 'Intouch HMI', 1),
(27, 'R0502000', 'Eclipse', 1),
(28, 'R0502000', 'POM-QM', 1),
(30, 'R0602002', 'MIcrosoft Word', 2),
(31, 'R0602002', 'Microsoft Excel', 2),
(32, 'R0602002', 'Expert Choice', 1),
(33, 'R0602002', 'CorelDRAW', 1),
(36, 'R0302002', 'Photoshop', 2),
(37, 'R0302002', 'winqsb', 1),
(38, 'R0302002', 'Microsoft Office (EXCEL WORD POWERPOINT)', 2),
(39, 'R0302002', 'Inventor ', 1),
(40, 'R0302002', 'Mastercam', 1),
(41, 'R0302002', 'Power Designer', 1),
(42, 'R0302002', 'Eclipse', 1),
(43, 'R0302002', 'ArcGIS', 1),
(44, 'R1202000', 'Adobe Premiere Pro CC 2017', 2),
(45, 'R1202000', 'COREL DRAX X7', 2),
(46, 'R1202000', 'Adobe Photoshop CS6', 2),
(47, 'R1202000', 'JustInMind Prototype 8.7.0', 1),
(48, 'R1202000', 'Adobe Ilustrator', 1),
(49, 'R1302000', 'Adobe Photoshop CS6', 2),
(50, 'R1302000', 'Adobe Premire Pro CC2017', 2),
(51, 'R1302000', 'COREL DRAW X7', 2),
(53, 'R1302000', 'Power Design', 2),
(54, 'R1302000', 'Hopex ', 2),
(55, 'R1302000', 'Bizagi Modeler ', 2),
(56, 'R1302000', 'JustInMind Prototype 8.7.0', 2),
(57, 'R0102002', 'AUTODESK INVENTOR 2016', 2),
(58, 'R0102002', 'ADOBE PREMIER PRO', 1),
(60, 'R0102003', 'Adobe Illustrator', 1),
(62, 'R0102003', 'Sketch up', 1),
(63, 'R0102003', 'Adobe Premiere', 1),
(64, 'R0302000', 'Power Designer', 1),
(65, 'R0302000', 'Visio', 2),
(68, 'R0302003', 'Microsoft Excel', 2),
(69, 'R0302003', 'Movie Maker', 1),
(70, 'R0102005', 'Autodesk Inventor', 3),
(71, 'R0102005', 'Adobe Photoshop', 1),
(72, 'R1402000', 'Microsoft Office', 3),
(73, 'R1402000', 'Adobe Premiere', 2),
(74, 'R1402000', 'Adobe Photoshop', 3),
(75, 'R1402000', 'SAP', 2),
(76, 'R1402000', 'Adobe After Effect', 1),
(79, 'R0102006', 'Adobe Illustrator', 3),
(80, 'R0102006', 'Adobe Photoshop', 2),
(81, 'R0102006', 'Blender', 2),
(82, 'R0102006', 'Autodesk Inventor', 2),
(83, 'R0102006', 'Autodesk Revit', 1),
(84, 'R0102006', 'Adobe After Effects', 1),
(86, 'R0602003', 'Notepad', 3),
(87, 'R0602003', 'NotePad++', 3),
(88, 'R0602003', 'Dreamweaver', 2),
(89, 'R0602003', 'Eclipse', 2),
(90, 'R0602003', 'PHP My Admin', 1),
(91, 'R0602003', 'Turbo C++', 2),
(92, 'R0602003', 'DevC++', 2),
(93, 'R0602003', 'Sublime Text', 2),
(94, 'R0602003', 'Code Igniter', 1),
(96, 'R0702000', 'Ms. Word', 2),
(97, 'R0702000', 'Ms. Excel', 1),
(98, 'R0702000', 'Ms. Presentation', 1),
(99, 'R0702000', 'Power Designer', 1),
(100, 'R0702000', 'Notepad++', 1),
(101, 'R0702000', 'Eclipse', 1),
(102, 'R0702000', 'XAMPP for web programming', 1),
(103, 'R0702000', 'Microsoft Visual Basic (Visual Studio Code)', 1),
(104, 'R0702000', 'Autodesk Inventor', 1),
(105, 'R0702000', 'SOLIDWORKS', 1),
(106, 'R0602004', 'Adobe Photoshop', 2),
(108, 'R0602005', 'Photosop', 2),
(109, 'R0602005', 'Code Igniter', 2),
(110, 'R0602005', 'Premiere', 1),
(111, 'R0602006', 'Autodesk Inventor', 1),
(112, 'R0602006', 'Borland C++', 2),
(113, 'R0602006', 'Adobe Illustrator', 1),
(114, 'R0602006', 'Cisco Packet Tracer', 2),
(115, 'R0602006', 'Microsoft office', 3),
(116, 'R0602006', 'Microsoft Visual Studio', 1),
(117, 'R0602006', 'Visual Studio Code', 2),
(118, 'R0602006', 'Eclipse', 1),
(120, 'R0402002', 'IBM Statitic', 1),
(121, 'R0102004', 'Autodesk AutoCAD', 2),
(122, 'R0102004', 'Autodesk Revit', 2),
(123, 'R0102004', 'Autodesk Inventor', 2),
(124, 'R0102004', 'Adobe Photoshop', 1),
(125, 'R0102004', 'Adobe Illustrator', 1),
(126, 'R0102007', 'Autodesk Inventor', 2),
(129, 'R0602007', 'Autodesk Inventor', 2),
(131, 'R0602007', 'CorelDraw', 2),
(133, 'R0602007', 'Photoshop', 2),
(134, 'R0602007', 'Microsoft Office', 3),
(138, 'R0602007', 'Solidworks', 2),
(139, 'R0602007', 'Python', 2),
(140, 'R0602007', 'SAP GUI', 1),
(143, 'R0502002', 'Ms. Office', 3),
(144, 'R0502002', 'AutoDesk Inventor', 1),
(145, 'R0502002', 'Mastercam', 2),
(147, 'R0502002', 'Eclipse (PHP & HTML)', 2),
(148, 'R0502002', 'Eclipse (Phyton)', 2),
(149, 'R0502002', 'Corel Draw', 1),
(150, 'R0302004', 'ArcMap', 1),
(151, 'R0302004', 'Ms. Powerpoint', 2),
(152, 'R0302004', 'SketchUp', 1),
(153, 'R0302004', 'Autodesk Inventor', 1),
(154, 'R0302004', 'SAP', 1),
(155, 'R0302004', 'Flexsim', 1),
(156, 'R0302004', 'Ms. Word', 2),
(157, 'R0302004', 'Ms. Excel', 2),
(158, 'R0502003', 'Microsoft Word', 3),
(159, 'R0502003', 'Microsoft Excel', 2),
(160, 'R0502003', 'Microsoft Power Point', 2),
(161, 'R0502003', 'Photoshop', 2),
(162, 'R0502003', 'Wonderware Intouch ', 2),
(163, 'R0902000', 'Cisco Packet Tracer', 3),
(164, 'R0902000', 'Movie Maker ', 3),
(165, 'R0902000', 'Virtual Machine', 2),
(166, 'R0902000', 'MS Office', 3),
(167, 'R0902000', 'Android Studio', 2),
(168, 'R0902002', 'Photoshop', 1),
(169, 'R0902002', 'Ms. Office', 2),
(171, 'R0702002', 'Corel draw', 2),
(172, 'R0702002', 'Python', 2),
(173, 'R0702002', 'Sublime', 3),
(174, 'R0902003', 'Cisco Packet Tracer', 3),
(175, 'R0902003', 'GNS3', 3),
(176, 'R0902003', 'VMware Workstation', 3),
(177, 'R0902004', 'Cisco Packet Tracer', 3),
(178, 'R0902003', 'Wireshark', 2),
(179, 'R0902004', 'Linux (Debian, Ubuntu, Santoku, dsb)', 3),
(180, 'R0902003', 'PuTTY', 3),
(181, 'R0902002', 'Cisco Packet Tracer', 2),
(186, 'R0802000', 'Cisco', 1),
(187, 'R0802000', 'HOPEX', 1),
(188, 'R0802000', 'Power Designer', 1),
(193, 'R0302005', 'imovie', 1),
(194, 'R0602008', 'Microsoft Word', 2),
(195, 'R0602008', 'Microsoft Excel', 2),
(196, 'R0802002', 'cisco packet tracer', 1),
(198, 'R0802002', 'Adobe XD', 1),
(199, 'R0602008', 'Eclipse', 2),
(200, 'R0802003', 'Cisco', 1),
(202, 'R0802003', 'HOPEX', 1),
(203, 'R0802003', 'Power Design', 1),
(204, 'R0902007', 'Cisco Packet Tracer', 3),
(205, 'R0902007', 'Linux', 2),
(209, 'R0802004', 'Cisco Packet Tracer', 3),
(210, 'R0802004', 'Movie Maker ', 3),
(211, 'R0802004', 'Virtual Machine', 2),
(212, 'R0802004', 'MS Office', 3),
(214, 'R0802004', 'Android Studio', 2),
(220, 'R0802003', 'Photoshop', 1),
(221, 'R0802003', 'Adobe XD', 1),
(222, 'R0802003', 'Microsoft office', 2),
(223, 'R0802003', 'Microsoft Excel', 2),
(226, 'R0902005', 'Linux', 1),
(227, 'R0902006', 'Adobe Photoshop', 3),
(228, 'R0902006', 'Cisco Packet Tracer', 2),
(230, 'R0902005', 'GNS3', 1),
(231, 'R0902005', 'Cisco Packet Tracer', 2),
(232, 'R0902006', 'VMware Workstation', 1),
(233, 'R0902006', 'Microsoft Word', 3),
(234, 'R0902005', 'VMWare Workstations', 1),
(235, 'R0902006', 'Microsoft Power Point', 2),
(236, 'R0902008', 'Cisco Packet Tracer', 3),
(239, 'R0902008', 'Virtual Machine (VMware)', 3),
(240, 'R0902008', 'Wireshark', 2),
(241, 'R0902008', 'Linux Debian', 2),
(242, 'R0902008', 'Linux Ubuntu', 2),
(243, 'R0902006', 'GNS 3', 1),
(244, 'R0902008', 'Microsoft Word', 3),
(245, 'R0902006', 'Wireshark', 1),
(246, 'R0902008', 'Microsoft Power Point', 3),
(247, 'R0902006', 'PuTTy', 1),
(248, 'R0902008', 'Microsoft Excel', 2),
(249, 'R0902008', 'GNS3', 3),
(251, 'R0902008', 'Putty', 3),
(255, 'R0902006', 'Zenmap', 1),
(261, 'R0902008', 'Angry IP scanner', 2),
(264, 'R0902008', 'OpenPuff', 2),
(266, 'R0902008', 'StegHide', 2),
(268, 'R0802005', 'My SQL', 1),
(272, 'R0902009', 'GNS3', 1),
(279, 'R0902010', 'Cisco Packet Tracer', 2),
(280, 'R0902010', 'Microsoft Office', 3),
(281, 'R0902009', 'Cisco Packet Tracer', 2),
(282, 'R0902010', 'PuTTY', 2),
(283, 'R0902010', 'VMWare', 2),
(285, 'R0902010', 'Linux', 2),
(287, 'R0602008', 'Microsoft PowerPoint', 2),
(288, 'R0802005', 'Microsoft Excell', 2),
(290, 'R0802005', 'Netbeans', 1),
(292, 'R0802005', 'Microsoft Word', 2),
(294, 'R0802005', 'Power Point', 3),
(295, 'R0802006', 'Cisco Packet Tracer', 2),
(296, 'R0802006', 'winbox', 2),
(297, 'R0802006', 'virtual box', 2),
(299, 'R0802007', 'Adobe Photoshop', 2),
(300, 'R0802007', 'Adobe Premiere Pro', 2),
(301, 'R0802007', 'Microsoft', 2),
(302, 'R0802007', 'Cisco Packet Tracer', 2),
(303, 'R0902011', 'Cisco Packet Tracer', 3),
(304, 'R0902011', 'GNS3', 3),
(305, 'R0902011', 'PuTTY', 3),
(306, 'R0902011', 'Linux Debian', 2),
(307, 'R0902011', 'Linux Ubuntu', 2),
(308, 'R0902011', 'Android Studio', 1),
(309, 'R0802007', 'VMware', 1),
(310, 'R0902011', 'Wireshark', 2),
(311, 'R0902011', 'Microsoft Word', 3),
(312, 'R0902011', 'Microsoft Power Point', 3),
(313, 'R0902011', 'Microsoft Excel', 2),
(314, 'R0902011', 'Virtual Machine (VMWare)', 2),
(315, 'R0102003', 'Autodesk Inventor', 2),
(316, 'R0102007', 'Adobe Photoshop', 2),
(317, 'R0102003', 'Adobe Photoshop', 2),
(318, 'R0102007', 'Adobe Illustrator', 2),
(319, 'R0102007', 'Autodesk AutoCAD', 1),
(320, 'R0102007', 'Sketch up', 2),
(321, 'R0102007', 'Autodesk Revit', 1),
(322, 'R0102003', 'autodesk Autocad', 1),
(323, 'R0802009', 'Cisco Packet Tracer', 1),
(324, 'R0802010', 'wondershare filmora', 2),
(325, 'R0802010', 'Microsoft Excell', 2),
(327, 'R0802010', 'Netbeans', 1),
(328, 'R0802010', 'Cisco Packet Tracer', 1),
(329, 'R0802010', 'Microsoft Word', 3),
(330, 'R0802010', 'Photoshop', 1),
(331, 'R0802010', 'Power Point', 3),
(332, 'R0802005', 'Cisco Packet Tracer', 2),
(335, 'R0802005', 'Adobe XD', 1),
(336, 'R0802005', 'Mega Hopex', 1),
(337, 'R0802005', 'Bizagi Modeler', 1),
(338, 'R0802005', 'Power Designer', 1),
(339, 'R0802005', 'SAP Gui', 1),
(340, 'R0602009', 'Microsoft Office', 2),
(341, 'R0602009', 'Sony Vegas Pro 13', 1),
(342, 'R0902013', 'Microsoft Word', 3),
(343, 'R0902013', 'Microsoft Excel', 2),
(344, 'R0902013', 'Microsoft Power Point', 3),
(345, 'R0902013', 'Adobe Photoshop', 2),
(346, 'R0902013', 'Cisco Packet Tracer', 2),
(347, 'R0902013', 'GNS3', 2),
(348, 'R0902013', 'VMware Workstation', 2),
(349, 'R0802004', 'Visual Studio', 2),
(350, 'R0902013', 'EVE-NG', 1),
(352, 'R0902014', 'Cisco Packet Tracer', 2),
(353, 'R0902013', 'PuTTY', 2),
(354, 'R0902013', 'Mozilla Thunderbird', 2),
(355, 'R0802011', 'Cisco Packet Tracer', 2),
(358, 'R0802011', 'Adobe XD', 1),
(359, 'R0802011', 'Mega Hopex', 1),
(360, 'R0802011', 'Bizagi Modeler', 1),
(361, 'R0802011', 'SAP Gui', 1),
(362, 'R0802011', 'Power Designer', 1),
(363, 'R0802011', 'MySQL', 1),
(364, 'R0802011', 'Microsoft Word', 2),
(365, 'R0802011', 'Microsoft Excel', 2),
(366, 'R0802011', 'Microsoft Power Point', 2),
(367, 'R0802011', 'Netbeans', 1),
(368, 'R0802000', 'Photoshop', 1),
(369, 'R0802000', 'Bizagi', 2),
(370, 'R0802012', 'Cisco Packet Tracer', 1),
(371, 'R0902015', 'Adobe Photosop', 1),
(372, 'R0902015', 'Camtasia', 2),
(373, 'R0802013', 'NetBeans', 1),
(374, 'R0802013', 'SAP Logon', 2),
(375, 'R0802013', 'Adobe XD', 1),
(376, 'R0802013', 'Adobe Photoshop', 1),
(377, 'R0802013', 'Cisco Packet Tracer', 2),
(378, 'R0302006', 'Autodeks Inventor', 2),
(379, 'R0802013', 'Power Designer', 1),
(380, 'R0302006', 'Solidworks', 2),
(381, 'R0802013', 'Bizagi Modeller', 1),
(382, 'R0302006', 'VegasPro', 2),
(383, 'R0802013', 'Core Draw', 2),
(384, 'R0802013', 'Hopex', 1),
(385, 'R0302006', 'sketchup', 1),
(386, 'R0802013', 'MySQL', 1),
(387, 'R0802013', 'Filmora9', 2),
(388, 'R0302007', 'INVENTOR', 1),
(389, 'R0302007', 'EXCEL', 2),
(390, 'R0302007', 'ECLIPSE PHP', 1),
(391, 'R0302007', 'IBM SPSS', 1),
(392, 'R0302007', 'WINDOWS MOVIE MAKER', 1),
(393, 'R0802014', 'Word', 2),
(394, 'R0802014', 'Excel', 2),
(396, 'R0802014', 'Adobe Premiere Pro', 2),
(397, 'R0802015', 'cisco packet tracert', 1),
(398, 'R0902016', 'Operating System (Windows)', 2),
(399, 'R0902016', 'Office suites (Microsoft Office)', 3),
(400, 'R0902016', 'Interaction Design', 2),
(401, 'R0902016', 'Presentation Software ', 2),
(402, 'R0902012', 'Cisco Packet Tracer', 2),
(403, 'R0902012', 'GNS3', 2),
(404, 'R0902012', 'VMware Workstation', 2),
(406, 'R0902012', 'PuTTY', 2),
(407, 'R0902012', 'Thunderbird', 2),
(408, 'R0902012', 'Linux Debian', 2),
(410, 'R0802016', 'Adobe XD', 1),
(411, 'R0802016', 'Photoshop', 1),
(412, 'R0802016', 'Microsoft Excel', 2),
(413, 'R0802016', 'Microsoft office', 2),
(414, 'R0802016', 'CISCO', 1),
(415, 'R0802016', 'HOPEX', 1),
(416, 'R0802016', 'POWER DESIGNER', 1),
(417, 'R0802005', 'Adobe Illustrator', 2),
(418, 'R0802005', 'Adobe Photoshop', 3),
(419, 'R0802005', 'Adobe After Effects', 1),
(420, 'R0802005', 'Wireshark ', 1),
(421, 'R0802005', 'GNS3', 1),
(422, 'R0802005', 'Adobe Premiere Pro', 2),
(423, 'R0802005', 'Paint Tool SAI', 2),
(424, 'R0802017', 'premier pro', 1),
(425, 'R0802018', 'canva', 2),
(426, 'R0802018', 'adobe XD', 1),
(427, 'R0802018', 'bizagi', 2),
(428, 'R0802018', 'power designer', 2),
(429, 'R0902017', 'Cisco Packet Tracer', 2),
(430, 'R0902017', 'GNS3', 2),
(431, 'R0902017', 'Debian GNU/Linux', 1),
(432, 'R0802019', 'Cisco Packet Tracer', 2),
(434, 'R0702003', 'PHPmyadmin', 2),
(436, 'R0702003', 'Bootstrap', 3),
(438, 'R0702003', 'JQuery', 2),
(439, 'R0702003', 'PHP language', 3),
(440, 'R0702003', 'Javascript', 2),
(441, 'R0702003', 'Python ', 1),
(442, 'R0702003', 'Eclipse ', 2),
(443, 'R0702003', 'Sublime Text ', 3),
(444, 'R0702003', 'MIcrosoft PowerPoint', 3),
(445, 'R0702003', 'CodeIgniter', 1),
(446, 'R0702003', 'PowerDesigner', 2),
(447, 'R0402004', 'SPSS', 1),
(448, 'R0402004', 'Ms. Excel', 2),
(449, 'R0402004', 'WinQSB', 1),
(450, 'R0902009', 'Debian', 2),
(451, 'R0902014', 'GNS3', 1),
(452, 'R0902014', 'Debian', 2),
(453, 'R1402002', 'Adobe Photoshop', 2),
(455, 'R1402002', 'Microsoft Office', 3),
(456, 'R1402002', 'SAP', 2),
(457, 'R1402002', 'Adobe Premier', 1),
(458, 'R0802020', 'Microsoft Office', 2),
(459, 'R0802020', 'Corel Draw', 3),
(460, 'R0802020', 'Adobe Illustrator', 2),
(461, 'R0502004', 'Intouch', 2),
(463, 'R0502004', 'Ms. Excell', 3),
(464, 'R0502004', 'Correl draw', 2),
(466, 'R1402003', 'Bizagi', 1),
(467, 'R1402000', 'Microsoft Visio', 2),
(468, 'R1402003', 'Netbeans', 1),
(469, 'R1402003', 'Visual Studio ', 2),
(470, 'R1402003', 'Odoo', 2),
(471, 'R1402003', 'SAP', 2),
(472, 'R1402003', 'Packet Tracer', 1),
(473, 'R1402003', 'Ms Office', 1),
(474, 'R1402003', 'Corel Draw', 2),
(475, 'R1402003', 'Adobe Premiere', 2),
(476, 'R0302008', 'ArcGIS', 3),
(477, 'R0302008', 'Photoshop ', 1),
(478, 'R0302008', 'Microsoft ', 2),
(479, 'R0302008', 'Sketchup ', 1),
(480, 'R0302008', 'ArcGIS online', 2),
(481, 'R0302008', 'StoryMaps', 1),
(482, 'R0702004', 'Autodesk Inventor', 1),
(483, 'R0702004', 'Windows Movie Maker', 2),
(484, 'R0702005', 'Inventor', 2),
(485, 'R0702005', 'SQL', 2),
(486, 'R0702005', 'HTML', 2),
(487, 'R0702005', 'Sketch Up', 2),
(488, 'R0702004', 'Filmora', 3),
(489, 'R0702005', 'SPSS', 1),
(490, 'R0702004', 'Microsoft Excel', 2),
(491, 'R0702004', 'PowerDesigner', 2);

-- --------------------------------------------------------

--
-- Table structure for table `oprec_status`
--

CREATE TABLE `oprec_status` (
  `id_os` int(11) NOT NULL,
  `status_name` varchar(100) NOT NULL
) ENGINE=InnoDB DEFAULT CHARSET=latin1;

--
-- Dumping data for table `oprec_status`
--

INSERT INTO `oprec_status` (`id_os`, `status_name`) VALUES
(0, 'On Going'),
(1, 'Applying'),
(2, 'Registration Finish'),
(3, 'Administrative Checking'),
(4, 'On Going'),
(5, 'Success'),
(6, 'Failed');

-- --------------------------------------------------------

--
-- Table structure for table `software_lvl`
--

CREATE TABLE `software_lvl` (
  `id_sl` int(11) NOT NULL,
  `lvl_name` varchar(100) NOT NULL
) ENGINE=InnoDB DEFAULT CHARSET=latin1;

--
-- Dumping data for table `software_lvl`
--

INSERT INTO `software_lvl` (`id_sl`, `lvl_name`) VALUES
(1, 'Beginner'),
(2, 'Intermediate'),
(3, 'Advance');

-- --------------------------------------------------------

--
-- Table structure for table `student`
--

CREATE TABLE `student` (
  `nim` varchar(10) NOT NULL,
  `student_name` varchar(255) NOT NULL,
  `student_status` int(1) NOT NULL
) ENGINE=InnoDB DEFAULT CHARSET=latin1;

--
-- Dumping data for table `student`
--

INSERT INTO `student` (`nim`, `student_name`, `student_status`) VALUES
('1102120007', 'M. ADHITYA EKA SEPTYAN', 2),
('1102120023', 'RAHMAT REZKI', 2),
('1102120034', 'MUHAMMAD RASYID RIDHA', 2),
('1102120076', 'DRAVIAN FAKHRI GUNAWAN', 2),
('1102120079', 'FA\'IDH FADHILAH EDRIAN', 2),
('1102120085', 'MUHAMMAD ABDAL', 2),
('1102120086', 'MUHAMMAD HASBI', 2),
('1102120093', 'TIAS ADIWIJAYA', 2),
('1102120135', 'VITO ABISENA', 2),
('1102120140', 'ALVIN FIRDAUS PRIBADI', 2),
('1102120186', 'ANDHYKA RIZKY MANEVA', 2),
('1102120198', 'IRFAN FAHRIDHZAL', 2),
('1102120206', 'PRASETYO MULYO HARTONO', 2),
('1102120211', 'ALDO THEOFILUS SUHERMAN', 2),
('1102120237', 'NUR ATIKAH', 2),
('1102120245', 'ANDI HIDAYAT', 2),
('1102120247', 'MUHAMMAD HAFIDZ HIKMATURRAHMAN', 2),
('1102124291', 'ARDIAN REZA PAHLEVI', 2),
('1102124321', 'DINI NURAISYAH', 2),
('1102130012', 'MUHAMMAD RAMANA RIMBAWAN', 2),
('1102130028', 'BIMA PRAYOGI', 2),
('1102130043', 'TANJUNG NDARU KURNIA SANDI', 2),
('1102130055', 'GABRIELLE BENITA SITOMPUL', 2),
('1102130062', 'NAUFAL MAHMUDI', 2),
('1102130071', 'DWITOMO SANDHY PUTRA', 2),
('1102130075', 'CLARISA PRESTY PANGERAN', 2),
('1102130084', 'RAMA FERDIAN SURAKUSUMAH', 2),
('1102130106', 'REYHAN RHESADEWANA RAHMAD DENI', 2),
('1102130111', 'AZAM FATHURAHMAN', 2),
('1102130128', 'MUHAMAD ERFAN APRIYANTO', 2),
('1102130130', 'ANDHY PRAMADANA PRAWANSA', 2),
('1102130150', 'MOHAMMAD ERZA SYAHLEVI', 2),
('1102130185', 'HARIS MAHFUD', 2),
('1102130208', 'BASTIAN GINORANN', 2),
('1102130209', 'DIPTA RAGA PRATAMA', 2),
('1102130227', 'MUHAMMAD FAUZAN ADIPUTRA', 2),
('1102130229', 'MUHAMMAD IRFAN KUSUMA', 2),
('1102130244', 'YAZID', 2),
('1102130245', 'MUHAMMAD RIZQI FAJRI', 2),
('1102130255', 'FAUZAN HAEQAL ARIFIN', 2),
('1102130256', 'KENZI MARUF IBRAHIM', 2),
('1102130259', 'M. YAZID DHIYAULHAQ', 2),
('1102134278', 'MUHAMAD KRESNA ADIGUNA', 2),
('1102134283', 'FALDY RAHMAN AVIVI NURJAMAN', 2),
('1102134286', 'OZKI SEPTARIADI', 2),
('1102134296', 'RIZKAN ISKANDAR WIGENA', 2),
('1102134299', 'MUHAMMAD TRAVIS JORDAN HARAHAP', 2),
('1102134314', 'MUHAMMAD TAUFIK HASIBUAN', 2),
('1102134371', 'FISYAIFUL AMIR', 2),
('1102134375', 'ALAN MUHAMMAD RUSDI', 2),
('1102134383', 'ADITYA RADIFAN', 2),
('1102134390', 'ARIEF JUNIARTO PURNAMA', 2),
('1102134391', 'ARTUR DERY KARO-KARO', 2),
('1102134393', 'PUSPITA MARSYA TAMARA', 2),
('1102134399', 'MUHAMMAD HAIKAL', 2),
('1102134418', 'RIZAL SOLIHIN', 2),
('1102134428', 'MUHAMMAD ARDHAN SATRYA GUNA', 2),
('1106120002', 'ANGGORO WIRATMOJO', 2),
('1106120004', 'MUHAMMAD HARITS ABDURRAHMAN', 2),
('1106120021', 'MOCHAMAD SHAHREZA RAMLY', 2),
('1106120022', 'REKSA MUHAMAD NUR YUNUS DIRGAHAYU', 2),
('1106120046', 'MUHAMMAD FAKHRURIJAL', 2),
('1106120052', 'SULAIMANDA ISRA HASIBUAN', 2),
('1106120076', 'ANDINI AMALIA', 2),
('1106120092', 'ARI CHANDRA WARDANI', 2),
('1106120111', 'ADI PUTRO', 2),
('1106120113', 'BAGUS WICAKSONO', 2),
('1106120120', 'ANRI IBNURROBI\' BAHRUN', 2),
('1106120125', 'SYACHRIR HIDAYATULLAH', 2),
('1106120127', 'ERFANDI RAMBANG', 2),
('1106120129', 'MUHAMMAD UMAR', 2),
('1106120139', 'AMINNUR IKHSAN', 2),
('1106120148', 'FANDI AGUNG LAKSONO', 2),
('1106120163', 'IRWANDANA', 2),
('1106120177', 'RIZQI ARYA PUTRA', 2),
('1106120183', 'ERALDY WARDHANU', 2),
('1106120186', 'JEREMYA PRATAMA SITEPU', 2),
('1106130025', 'RAMDHANI PRIANDATAMA', 2),
('1106130035', 'EDY RIZKY', 2),
('1106130036', 'JEFRI JAKHEL', 2),
('1106130046', 'MUHAMMAD SHAUFI IMANULHAQ', 2),
('1106130050', 'RIAN NOVIYANDRA', 2),
('1106130060', 'YUDI PRASETYA', 2),
('1106130061', 'RIFQI YULIANDRI ROSMAN', 2),
('1106130063', 'ZEKY HAMDANI', 2),
('1106130065', 'MUHAMMAD HAFIZ ZAMRA', 2),
('1106130079', 'RIEFAN AFRIENANDA RACHMAN', 2),
('1106130088', 'DAVID LEONARDO PANJAITAN', 2),
('1106130092', 'RINALDI TAMBUNAN', 2),
('1106130101', 'SEPTIAN SONY HERMAWAN', 2),
('1106130105', 'RIYANA PUTRANTI', 2),
('1106130109', 'RAJAWALI PUTRA', 2),
('1106130130', 'ARVEL KENNARD YEREMIA H', 2),
('1106130141', 'NICE VELY MARIA.P', 2),
('1106130149', 'MUSTHOFA KAMAL', 2),
('1106130153', 'MOHAMMAD NURDIANSYAH', 2),
('1106130157', 'ADHITYO RIZKI NUGROHO', 2),
('1106130167', 'RANDY PRAGINARA', 2),
('1106132098', 'ALFONSO GEMALIEL', 2),
('1106134186', 'DEDY HENDRYAN SYAHPUTRA', 2),
('1106134193', 'AISYA HANIFA', 2),
('1106134194', 'BAGAS REZKITA', 2),
('1106134227', 'RESTU LESTARI', 2),
('1201140007', 'GEOFANI ANDREYANA BADRUN', 2),
('1201140013', 'MUHAMMAD ARIF \'IZZUDIN', 2),
('1201140018', 'NOVAN SAPUTRA', 2),
('1201140049', 'MOCHAMMAD GERRY PAMUNGKAS', 2),
('1201140055', 'ANDRA RIZKITA', 2),
('1201140057', 'MUHAMMAD IRWAN', 2),
('1201140063', 'AGUNG WICAKSONO', 2),
('1201140070', 'JULIAN HARYO PAMUNGKAS', 2),
('1201140079', 'FAKHRY NUGROHO', 2),
('1201140087', 'WAHYU MARUSAHA', 2),
('1201140095', 'KUN RINALDI PRAMANA', 2),
('1201140102', 'RIZKY ALIF OKTAVIANI HARIYONO PUTRI', 2),
('1201140108', 'GREGORIUS KEVIN ADINUGROHO', 2),
('1201140113', 'HARIO ARDI NUGROHO', 2),
('1201140119', 'MUHAMMAD IRFAN SYAHPUTRA HADIYAT', 2),
('1201140120', 'RADEN HENRY HERIANSYAH', 2),
('1201140122', 'FRANSISCUS XAVERIUS ADITYA WISNU WARDHANA', 2),
('1201140137', 'RANDY TRI ANANDA SURBAKTI', 2),
('1201140167', 'BENEDIKTUS PRASETYO', 2),
('1201140171', 'REZA FAERUS AL FARISI', 2),
('1201140173', 'ANDRIE ANDIKA', 2),
('1201140181', 'INSAN ADIGUNA', 2),
('1201140193', 'MUHAMMAD FAHMI AZHAR RAHMAN', 2),
('1201140219', 'ACHMAD FANANI ADAM', 2),
('1201140245', 'QIDAM QOLBY', 2),
('1201140251', 'NADIA NURUL AZZMI', 2),
('1201140267', 'ANDRE KHARIS SIANIPAR', 2),
('1201140277', 'MUHAMMAD RIZKI YOFACHRI', 2),
('1201140279', 'WAHID AMINULAH', 2),
('1201140280', 'MUHAMMAD YASER AL MUBARAK', 2),
('1201140289', 'SEMBADA WITANA HARJA', 2),
('1201140290', 'NADIRA CAHYA UTAMI RUSLI', 2),
('1201140300', 'MUHAMMAD FADLI AULIYUFLIHA', 2),
('1201140303', 'ACHMAD FATHONI ADAM', 2),
('1201140308', 'YUSUF MABRUR', 2),
('1201140310', 'DAVIN TONA HANSEL SILITONGA', 2),
('1201140316', 'RYAN NOVIANDI AKBAR', 2),
('1201140318', 'M. ALMYZAR P.R.', 2),
('1201140319', 'ERIF RIFKI REDIANA', 2),
('1201140329', 'MUHAMMAD ARTITO ARIEF', 2),
('1201140345', 'DIMAS REZA PAMUNGKAS', 2),
('1201140351', 'SITI FATIMAH ZAINATUN NISA', 2),
('1201140359', 'WIRANDY FAJAR SAPUTRA', 2),
('1201140364', 'YUNALDI RESTU PUTRA', 2),
('1201140373', 'PRANDIKA PRATANTO', 2),
('1201140378', 'ACHMAD REVA', 2),
('1201140387', 'MUHAMMAD HADYAN IHTIFADHUDDIN', 2),
('1201140393', 'HAIDI GHIFARY', 2),
('1201140395', 'KANISSA DHIKATALA', 2),
('1201140428', 'YOGA WIDAGDA WENDY PRADHANA', 2),
('1201140432', 'NADYA FEBRIKA', 2),
('1201140433', 'MUTIA PUSPITA OKTAVIANA', 2),
('1201142050', 'MAXWEL HUTAHAEAN', 2),
('1201142314', 'FAHIRA GEARAHMANI', 2),
('1201142436', 'MUHAMMAD REZA BAGJA BARJAMAN', 2),
('1201142442', 'NURUL FITRIANI', 2),
('1201142446', 'AGUNG WIDYAPRAKOSO WINARDI', 2),
('1201142454', 'RIZKY ADHI PRASETYO', 2),
('1201144003', 'NOVITRI CINTA MARITO HASIBUAN', 2),
('1201144010', 'SIVA AULIA', 2),
('1201144026', 'MUHAMMAD ALIF SEPTA FADHILA PUTRA', 2),
('1201144034', 'MUHAMMAD FAHMI SIREGAR', 2),
('1201144038', 'HIKMAT NUR AZHARI', 2),
('1201144044', 'MUSLIM NAUFAL SUGIYANTO', 2),
('1201144046', 'ALIA ASTI NURLAILI', 2),
('1201144056', 'NARARYO ANANTO WIBOWO', 2),
('1201144064', 'FAKHRUL RAZI FRIMA', 2),
('1201144072', 'RAKA CHANDRA WICAKSONO', 2),
('1201144073', 'DENZAKKY SUMARDI', 2),
('1201144076', 'ANDHIKA SAPUTRA', 2),
('1201144093', 'MUCHAMMAD NURUL FU\'AD', 2),
('1201144117', 'AYU AMANDA HAPSARI', 2),
('1201144124', 'AYESHA RAFA DINDA', 2),
('1201144128', 'FAISHAL AKBAR', 2),
('1201144131', 'REVA TAMA PUTRA', 2),
('1201144154', 'ANDRIAN LISTYO KAWURI', 2),
('1201144155', 'RIVAN SURYANA', 2),
('1201144165', 'ELFA KURNIA PRATAMA', 2),
('1201144182', 'NADIA AURORA SORAYA', 2),
('1201144185', 'REYNALDO YOSEVA PARULIAN SITOMPUL', 2),
('1201144190', 'ADHI TIO RACHMAN', 2),
('1201144195', 'ADYTHIA NICO NUGROHO', 2),
('1201144208', 'DIANTI EKA PUTRI', 2),
('1201144210', 'KEMAL FARIZ RAMADHANI', 2),
('1201144221', 'MOCHAMAD REXY NURULSAPUTRA', 2),
('1201144234', 'PASCAL SHINJI LEOSISWO', 2),
('1201144248', 'MUHAMMAD EDWIN FAUZI', 2),
('1201144249', 'HARRY NURMI SUARI', 2),
('1201144274', 'ILHAM FAKHRULHAQQI', 2),
('1201144301', 'MUCHAMAD THAARIQ ABDILAH', 2),
('1201144322', 'DWI RAAFIANA ASYIFA', 2),
('1201144323', 'RYAN EKO PURNOMO', 2),
('1201144324', 'NAUFAL BARI MUHAMMAD', 2),
('1201144327', 'MUHAMMAD NOOR FAZRI', 2),
('1201144335', 'DHAWY FARRAS PUTRA', 2),
('1201144374', 'MUHAMMAD WAHYU YUSRAN', 2),
('1201144394', 'RADEN MUHAMMAD GIFARI PUTRA WIDITAMA SA', 2),
('1201150002', 'FARABI MUHAMMAD MAHDY', 2),
('1201150003', 'TASNIM ARIF', 2),
('1201150004', 'JOHANES HARYO WICAKSONO PRACOYO', 2),
('1201150005', 'GILANG PRADANA', 2),
('1201150006', 'ALDIAN MUHAMMAD R.', 2),
('1201150007', 'YEHOSUA ALFREDA RANTESALU', 2),
('1201150008', 'GEDE PERBAWA SARWADHAMANA', 2),
('1201150009', 'M BANGKIT HIDAYANTO', 2),
('1201150011', 'M RIDHOLLAH OKTAVIRINALDY', 2),
('1201150013', 'MURAZKY HENGKI RIAJA', 2),
('1201150014', 'TRISYAN ADMAJA KUNCORO', 2),
('1201150015', 'IDA BAGUS WASUDEWA', 2),
('1201150016', 'FIKIH FATUROCHMAN', 2),
('1201150017', 'MUHAMMAD ILHAM Z', 2),
('1201150018', 'GEDE ADNYANA NARARYA', 2),
('1201150019', 'MUHAMMAD JACKA AULIA', 2),
('1201150020', 'FAJAR MUHAMMAD', 2),
('1201150022', 'RIFKI AGUSTA', 2),
('1201150023', 'MUHAMMAD KADEF', 2),
('1201150024', 'MUHAMMAD AULIA AKBAR', 2),
('1201150025', 'DIMAS SETIA ARYOGA', 2),
('1201150026', 'NAUFAL MUHAMMAD ZAKI', 2),
('1201150027', 'MAURITZ EDO SOUMUTUL', 2),
('1201150028', 'DHIEMAZ HENDRAWAN SOEHARTANTO PUTRA', 2),
('1201150029', 'BAGUS MURDYANTORO', 2),
('1201150031', 'ALDI BASTIAN', 2),
('1201150034', 'MUHAMMAD STIVANDRY WILANDRIA SYOFRINALDY NOOR', 2),
('1201150035', 'MUHAMMAD BOBBY PRATHAMA NUGRAHA PRIBADI', 2),
('1201150037', 'FM ANGGRA MANDALA PUTRA', 2),
('1201150038', 'KEVIN KURNIA AULIA', 2),
('1201150039', 'RAGA SUKMANA', 2),
('1201150040', 'GALIH PUTRA INDARTYASTO', 2),
('1201150041', 'FAHREZA FADHIL HAKEKI', 2),
('1201150042', 'RIZQI GHANI FATURRAHMAN', 2),
('1201150043', 'FARHAN FATUR RAHMAN', 2),
('1201150045', 'RIO SISCO', 2),
('1201150046', 'MOH FIRMAN ADI BENTITO', 2),
('1201150047', 'MUHAMMAD RAVI ISMAIL', 2),
('1201150048', 'FAIZ ARIA ANGGANA', 2),
('1201150049', 'MUFLIH HAFIDZ DANURHADI', 2),
('1201150050', 'MUHAMAD CANDRA PERMANA', 2),
('1201150051', 'ABSHAR NAUFAN RASYADAN', 2),
('1201150052', 'SETO BAGHASKORO', 2),
('1201150053', 'MUHAMMAD IQBAL PRANATIO', 2),
('1201150054', 'ANGGA DARMAWAN', 2),
('1201150056', 'BHAGAS WISNU PERMADI', 2),
('1201150057', 'MUHAMMAD ISHLAHUSH SHIROD ADITYA', 2),
('1201150291', 'DELLA AZKA DWIGIFARI', 2),
('1201150292', 'DITA PATWI YULINAR', 2),
('1201150293', 'DEVITA ASTASIA', 2),
('1201150294', 'CYNTIA', 2),
('1201150295', 'LIZA NAFIAH MAULIDINA', 2),
('1201150296', 'SITDA LEYNA MUNTHE', 2),
('1201150297', 'HANAA ROSYADA W', 2),
('1201150298', 'INDI ALDINI IRMANSYAH', 2),
('1201150299', 'NOVITA SARI', 2),
('1201150301', 'HASNA NURHASANAH', 2),
('1201150302', 'AYU HAPSARI UMIMARYAM', 2),
('1201150303', 'SHAFIRA NURLITA', 2),
('1201150304', 'DESI LESTARI', 2),
('1201150305', 'AYU SASKIA PRISCILLA HARRIS', 2),
('1201150306', 'SARAH AYUTAMI', 2),
('1201150307', 'AMELIA PUTRI OKTAVIANI', 2),
('1201150308', 'HURIA NUSANTARA', 2),
('1201150309', 'MEITA RATNA SARI SAGALA', 2),
('1201150310', 'OVIE ISNANDA IRSA', 2),
('1201150311', 'MEGA FITRIANA ROSA', 2),
('1201150312', 'MEDIANTI ARIFIA DEWI', 2),
('1201150313', 'SEVHIRA IVANI ASWIR', 2),
('1201150314', 'DETHA AULIA ALFAZAH', 2),
('1201150315', 'AYU KARINA SARI', 2),
('1201150316', 'ISQINA RIZKY FIORENTINA', 2),
('1201150317', 'DEFFY IFTY NOER FILAYATI', 2),
('1201150318', 'SASKIA LATIFAH CHOIR', 2),
('1201150319', 'ANISA PUTRI AMBAR SERAYU', 2),
('1201150320', 'SILMI APRILIA ANDARI', 2),
('1201150521', 'ADITYA AHMAD MAULANA', 2),
('1201150524', 'ARANISSA MENTARI DARMAWAN', 2),
('1201150532', 'FILDZAH FAJRINA', 2),
('1201151323', 'NIHAN UFAIRA RIZAGANA', 2),
('1201152286', 'RANGGA FAUZIAN RAMADHAN', 2),
('1201152287', 'IRDAN ARJULIAN', 2),
('1201152490', 'AZYLIA PUTRI DENIA', 2),
('1201152491', 'AYU VITA RASTITI', 2),
('1201152527', 'ALFIOLA YULIA ANTHOH', 2),
('1201152534', 'RAHMA FAUZIYAH', 2),
('1201153494', 'YANSYA ALDEZAN GUSMAN', 2),
('1201153495', 'ABARAHAM AGUS STEFANUS SIMANJUNTAK', 2),
('1201153496', 'MUHAMAD FADILLAH', 2),
('1201153497', 'MUH. DHIYAURRAHMAN T', 2),
('1201153498', 'ILHAM RAFDI KARAMI', 2),
('1201153499', 'ALIFAN NURFATWA MAHASIDHQI', 2),
('1201153500', 'GRADYTIO RAHMADI HARTADJI', 2),
('1201153502', 'MOCHAMAD RIZKY FAUZY', 2),
('1201153503', 'ANGGA NUGRAHA', 2),
('1201153504', 'AZMI MAHDI', 2),
('1201153505', 'ALIF AKBAR', 2),
('1201153507', 'MAULIDAN KHOIR', 2),
('1201153509', 'MUHAMMAD REZA AQRAM', 2),
('1201153514', 'INRI SUMITRA DEWI', 2),
('1201153515', 'GHINA RAFIDAH', 2),
('1201153517', 'DWITA NURHALIZA KHARISMA SETIAWAN', 2),
('1201153518', 'SYIFA NUR HASYYATI', 2),
('1201153519', 'ANNISA AULIA SAMBAS', 2),
('1201153520', 'JAUHARAH HASNA DZAKIYYAH ADANI', 2),
('1201153528', 'BRAMASTHA ALDIA', 2),
('1201153529', 'GNIEGMILANG ADIABENTANG FADILAH', 2),
('1201153537', 'RIZAL WARDHANI', 2),
('1201153539', 'WIKA SEKAR SANGGARWATI', 2),
('1201153541', 'FANJAR ARIF WIJAKSONO', 2),
('1201153542', 'JESICA APRILIANI PUTRI', 2),
('1201153544', 'MOHAMMAD ARAFAT', 2),
('1201154059', 'GARDA PATRIA', 2),
('1201154060', 'CHREISNA PRATAMA PUTRA', 2),
('1201154064', 'CANDRIKA DHIASTRA AMIR BAGASTAMA', 2),
('1201154065', 'ESA PURNAMA', 2),
('1201154066', 'ACHMAD ABIMANYU', 2),
('1201154067', 'INDRA PRASETYONO', 2),
('1201154069', 'FAUZI ILHAM SOPWANDI', 2),
('1201154070', 'ARYODIMAS SYIFA PUTRANDY', 2),
('1201154071', 'MUHAMMAD RIFQI WIBISONO', 2),
('1201154072', 'MUHAMMAD RIZKY', 2),
('1201154073', 'HILMAN ARDIAN EKANANDA', 2),
('1201154076', 'SYUHADA MULIA RAHMANSYAH', 2),
('1201154077', 'MUHAMMAD FARHAN FATHURRAHMAN', 2),
('1201154078', 'LUTHFI FADILLAH SANI', 2),
('1201154080', 'MOHAMAD AZMI MUSYAFFI', 2),
('1201154081', 'AZMI ALIM MAJDUDDIN', 2),
('1201154083', 'JANU PRASETYO', 2),
('1201154084', 'MUHAMMAD IQBAL HIDAYAT', 2),
('1201154085', 'DWIKI IQBAL MAULANA', 2),
('1201154086', 'ARYANANDA ASTUNGKORO', 2),
('1201154087', 'SALMAN AKBAR KUSUMA', 2),
('1201154088', 'NINO SETYO UTOMO', 2),
('1201154090', 'MUHAMMAD RAYHAN ISLAMY', 2),
('1201154091', 'M. FADHIL AKMAL RAMADHAN', 2),
('1201154092', 'ALVIN TRI NOVIANDRI', 2),
('1201154094', 'ARIF FAISAL RAMDANI', 2),
('1201154095', 'RIDHO GIBRAN IMAN MAJID', 2),
('1201154096', 'MUHAMMAD RAIHAN RAHMADAYANSYA', 2),
('1201154097', 'FAHMY HABIB HASANUDIN', 2),
('1201154098', 'KEVIN YUAN PUTRA DINATA', 2),
('1201154099', 'SALMAN SHADIQURRACHMAN', 2),
('1201154100', 'ADITYA DIMAS RAMADHAN', 2),
('1201154101', 'LATIP SUTIYANA', 2),
('1201154102', 'NITOGEGAS AGAN PRATOMO', 2),
('1201154103', 'FAIZ AZHARIE', 2),
('1201154104', 'RICKY RAMADHAN TANJUNG', 2),
('1201154105', 'RAYHAN MUHAMMAD', 2),
('1201154106', 'THOMMY HANIF SETIAWAN', 2),
('1201154107', 'MUHAMMAD HAFIDZ LUTHFI', 2),
('1201154108', 'FAJAR ASYIRAQ TILAMMURA', 2),
('1201154109', 'MOCHAMAD AZHAR HIDAYAT', 2),
('1201154110', 'FARIZ HARDIANSYAH PUTERA', 2),
('1201154111', 'MUHAMMAD RIZKY PARAMARTA', 2),
('1201154113', 'IVAN GANIKA BIYANTORO', 2),
('1201154114', 'BILLY WIDJAYA', 2),
('1201154115', 'TRADIGA NUR AZIZ', 2),
('1201154117', 'IDA BAGUS YOGA SAMKHYAITA', 2),
('1201154119', 'GILANG ILHAM PRADANA', 2),
('1201154120', 'MUHAMMAD RAKATAMA FARHAN HABIBIE', 2),
('1201154121', 'KAUTSAR RIZAL', 2),
('1201154122', 'MUHAMMAD IMRON', 2),
('1201154123', 'WIRANTO ACHMED', 2),
('1201154126', 'BIMO SETYO HUTOMO', 2),
('1201154128', 'RADEN MAS ADITYA RANGGA PRATAMA', 2),
('1201154129', 'DIMAS FATHURRAHMAN', 2),
('1201154130', 'DHIALDI WIBI RADITYA', 2),
('1201154131', 'ADHY INDRA PERMANA', 2),
('1201154132', 'MOHAMMAD TAJUDIN', 2),
('1201154133', 'FRANS ARIANTONO SILALAHI', 2),
('1201154134', 'FIKRI VINO PRASETYA', 2),
('1201154135', 'RIZKI SURYO WIBOWO', 2),
('1201154136', 'HASYIM MUSLICH SETIAWAN', 2),
('1201154139', 'ARIEF KALAM NUGROHO', 2),
('1201154140', 'CAPRILLIO BRIANDHITO', 2),
('1201154142', 'REFA MEIRANO ALDILLA', 2),
('1201154143', 'AUFA RINALDO', 2),
('1201154145', 'DICKY RAMA SUKSMANANDA', 2),
('1201154148', 'ABDURRAHMAN PRABASWARA SIDI', 2),
('1201154149', 'MUHAMMAD HUMAM HAEKAL', 2),
('1201154150', 'REZA ROLIO FAHNI', 2),
('1201154151', 'RAIHAN MUHAMMAD FAIZAL', 2),
('1201154152', 'RIZKY FAJAR ADITYA', 2),
('1201154154', 'ACHMAD SYARIF BACHRIANSYAH ZAINI', 2),
('1201154155', 'FIRZA BILAL AULIA', 2),
('1201154156', 'ZULKIFLI MOCHAMMAD NAUFAL', 2),
('1201154157', 'ELDESKA FADHIL HAMDI', 2),
('1201154159', 'ARDITO DARMAWAN', 2),
('1201154160', 'RAVI ALVIANTO', 2),
('1201154162', 'ELVAN KADAHRULSALAM', 2),
('1201154163', 'SANDY KHADAFI', 2),
('1201154164', 'MAULANA ALIF ANUGRAH', 2),
('1201154165', 'ANDRI ALWAN DZULFAQQOROKI', 2),
('1201154166', 'AHMAD MAKHDUM BADAWI', 2),
('1201154168', 'FAUZAN RAHMTULLAH', 2),
('1201154169', 'NOVRI NUR RIZKI', 2),
('1201154170', 'MOHAMMAD ALFIAN ADHI SAPUTRO', 2),
('1201154171', 'MUHAMMAD RAYES FITRA GIFARI', 2),
('1201154172', 'MUHAMMAD FADHIL HABIBIE', 2),
('1201154173', 'MUHAMMAD RIZKY HASYA', 2),
('1201154174', 'AFIF IRFANSYAH', 2),
('1201154175', 'MUHAMAD ALVIN MULYONO', 2),
('1201154177', 'TAMADO EFRAIM EDGAR', 2),
('1201154178', 'MUHAMAD REYNALDI', 2),
('1201154179', 'FEBRI HARLEN', 2),
('1201154180', 'ARBIE SUNDOYO', 2),
('1201154182', 'HUSEIN BIMANTORO', 2),
('1201154183', 'FAUZI NURRAHMAN', 2),
('1201154184', 'ARIF INDRA SATRIA', 2),
('1201154185', 'NAUFAL FAUZAN ARIANTO', 2),
('1201154186', 'KEVIN DWI SYAHPUTRA', 2),
('1201154187', 'ACHMAD NUR FAUZI', 2),
('1201154188', 'ALWY FADLY', 2),
('1201154189', 'YONATAN ONNY PRANATA', 2),
('1201154190', 'DELLA PRASETYA ISWARA', 2),
('1201154191', 'ANDI SETYO ARDANA', 2),
('1201154192', 'MUHAMMAD RIZKI ALFARIZI', 2),
('1201154193', 'MUHAMMAD ILHAM MAULANA', 2),
('1201154194', 'MUHAMMAD HIDAYAT', 2),
('1201154195', 'ARWANDA BUDIONO', 2),
('1201154196', 'MUHAMAD HAKIM ADHIWIRO SASMITO', 2),
('1201154197', 'MAULANA ADI SAKSONO', 2),
('1201154198', 'REINALDI DWI BASKORO', 2),
('1201154199', 'FAUZAN NOVENDRA PUTRA YASYA', 2),
('1201154200', 'NOVALDI DWIPUTRA PRIHADI', 2),
('1201154201', 'PANJI AGDA', 2),
('1201154202', 'ALJOEVETO MUHARAM PUTRA', 2),
('1201154203', 'AUFA SATRIA NUGROHO WIBOWO', 2),
('1201154204', 'HASNIL SYAM', 2),
('1201154205', 'DWI DAFA DOIFULLAH', 2),
('1201154206', 'RAY FATHKA AKIKO SUMERU', 2),
('1201154207', 'ELVAN PRATAMA', 2),
('1201154208', 'MOCHAMAD RIEPSA FADILLA', 2),
('1201154209', 'RIZKI EKA RIDANI', 2),
('1201154210', 'HAIKAL MUNAWAR FIKRI', 2),
('1201154211', 'KARTIKO ARYA YUDISTIRA', 2),
('1201154212', 'DIMAS CAHYA ANUGRAH', 2),
('1201154214', 'MUHAMAD ALI YUSUF', 2),
('1201154216', 'GERHARD IMANUEL SIMARE MARE', 2),
('1201154217', 'GILANG MANGESTIKA', 2),
('1201154218', 'AKHMAL MUAMMAR DWIKI RAFSANJANI', 2),
('1201154219', 'RIDHO ABDHILLAH PERMANA', 2),
('1201154220', 'LINTONG TARNAMA LUMBANTORUAN', 2),
('1201154221', 'FAUZAN GHIFARI PRAKOSO', 2),
('1201154222', 'ELDWIN ILHAM MURPRATOMO', 2),
('1201154223', 'RIO ZULIAN MAULANA', 2),
('1201154224', 'BIMA AGUNG LAKSANA', 2),
('1201154226', 'KAMA IHSAN ALI SYUHADA', 2),
('1201154227', 'ILHAM RAMLI', 2),
('1201154228', 'MUHAMMAD RIFKY KANTAPRAWIRA', 2),
('1201154229', 'I GUSTI NGURAH BAGUS ARYA DANANJAYA', 2),
('1201154230', 'ARNOL HENDRA MANYU', 2),
('1201154231', 'RANGGA HERBOWO PUTRA', 2),
('1201154232', 'HARI SETIAWAN', 2),
('1201154235', 'KETMANTO', 2),
('1201154237', 'BAGOES MUCHAMMAD FAIZAL', 2),
('1201154238', 'MUHAMAD AMRULLAH FAQIH', 2),
('1201154240', 'IRSYAD BASKARA', 2),
('1201154241', 'RAKA DIRGANTARA', 2),
('1201154242', 'FACHRI RAZIQ EL-AHMADY', 2),
('1201154243', 'CHRISTIAN DHIMAS MAHARDDHIKA', 2),
('1201154244', 'MUHAMMAD IMAM RA`IS', 2),
('1201154245', 'MAKKI FATHUR RAHMAN', 2),
('1201154247', 'ILHAM AL GEFARI', 2),
('1201154248', 'WYDZKA TASHA AULIA AKBAR', 2),
('1201154251', 'FARID ARDIKA DASUM', 2),
('1201154252', 'FAWWAZ EL GIFARI', 2),
('1201154253', 'MUHAMMAD RIZKI APRILIANSYAH', 2),
('1201154255', 'ANDRIAN BIMA ARDIANTA', 2),
('1201154257', 'WILLIARDY ADHUM PRATAMA', 2),
('1201154258', 'ROZI ABRORI FATHURROCHIM', 2),
('1201154259', 'ADITYA RIZKI FAUZI', 2),
('1201154260', 'MUHAMMAD AKHBAR FIKRIANSYAH', 2),
('1201154261', 'AULIA SOANGKUPON SIREGAR', 2),
('1201154263', 'MOHAMMAD YASIN ABDUL HAFIIDH', 2),
('1201154264', 'HILMI LUTFI', 2),
('1201154265', 'FAJAR RIZKY FERNANDA', 2),
('1201154266', 'ERIK RAKHA RIZQULLAH', 2),
('1201154267', 'I NENGAH WIDIANA PUTRA', 2),
('1201154268', 'MUHAMMAD ZAKIEY AZHAR', 2),
('1201154269', 'PRIMA HUTAMA PUTRA ABDI', 2),
('1201154270', 'MUHAMMAD TETUKO BUDI LAKSONO', 2),
('1201154271', 'BAGAS ARDHI PRATAMA', 2),
('1201154274', 'CAKRA RANA WIJAYA', 2),
('1201154275', 'ADITYA DHANIYANTO', 2),
('1201154277', 'RAVIZQI ADITYA DWIYANTO', 2),
('1201154279', 'FAZA FIRDAUS NUZULA', 2),
('1201154280', 'DAVY RHESA PUTRA PRATAMA', 2),
('1201154281', 'IHFAN FAJAR SATRIA', 2),
('1201154282', 'RADEN FARHAN ASHADIAR', 2),
('1201154283', 'HILMAN ABI RAFDI', 2),
('1201154285', 'PRAYOGA SUMADI', 2),
('1201154290', 'DENTA ELVIANDA RIZKI RAMADHAN', 2),
('1201154324', 'DEWI INTAN SARI', 2),
('1201154325', 'SISKA FEBRIYANTI', 2),
('1201154326', 'RAISA NURFADILA', 2),
('1201154327', 'SAORI DWISASKIA SOFYAN', 2),
('1201154328', 'DEWI SHINTA MARIA', 2),
('1201154329', 'KEYNA RATU NEFIRA', 2),
('1201154330', 'AULIA DIAH FITRIANINGTYAS', 2),
('1201154331', 'ADINDA RAHMI HUMAIRA', 2),
('1201154332', 'PATRICIA AMELIA', 2),
('1201154333', 'RIZKI SYOFIA QOLBIAH', 2),
('1201154334', 'INTAN PERMATASARI', 2),
('1201154335', 'PUTRI FATIMAH SURI OKTAVIA', 2),
('1201154336', 'DIANA ARVIANA LESTARI', 2),
('1201154338', 'RENATA GANISWARA', 2),
('1201154339', 'FAUZIYYAH EKA SYA`BANI', 2),
('1201154340', 'SHAFIRA AMANDA UMAR', 2),
('1201154342', 'MEGA DWICAHYA', 2),
('1201154343', 'SITI ALMIRA MU`MINAH', 2),
('1201154344', 'MIRANTI', 2),
('1201154345', 'NURUL FARHANA', 2),
('1201154347', 'UTAMI WULANDARI', 2),
('1201154348', 'SONIA RAMADONA', 2),
('1201154349', 'RIANI SRIKANDI', 2),
('1201154350', 'CHAULA TRIZA PUTRI', 2),
('1201154351', 'INDIRA SAVITRI', 2),
('1201154352', 'KENANDA ARDHENARISWARI SUBAGYA', 2),
('1201154353', 'FIDELA HARDIYANTI NARISWARI', 2),
('1201154354', 'TRI WAHYU SETYAWATI', 2),
('1201154355', 'TULUSIANI WIDJANARKO', 2),
('1201154356', 'PUTRI MEIRA NABILA', 2),
('1201154357', 'TRIANA SURYANI', 2),
('1201154358', 'NISSA YUNITA PRATIWI', 2),
('1201154359', 'FITRA AKBAROKAH', 2),
('1201154360', 'INTAN NOVHELA', 2),
('1201154361', 'NUGITA ARLENDATAMA', 2),
('1201154362', 'PUTU AYU ANGGRASARI WIRAWARDANI', 2),
('1201154363', 'AJENG KIRANA KUSUMAWARDHANI T', 2),
('1201154364', 'ANDWI WULANSARI', 2),
('1201154365', 'SAFINAH RIZKIYANI', 2),
('1201154366', 'SALMA NURRAFIANTI', 2),
('1201154368', 'RACHMATUL BAETY', 2),
('1201154369', 'ANDREA DEWI LINGGANI', 2),
('1201154370', 'ALISYA PRAMESTI', 2),
('1201154371', 'NINDIRA RIZKITA', 2),
('1201154372', 'CENDANA WIDYANINGTYAS PERMATASARI', 2),
('1201154373', 'NADIA UTARI', 2),
('1201154374', 'HASNAWATI PIETYA SOLEHAH', 2),
('1201154375', 'MASFUFAH MOTIK LARASATI', 2),
('1201154376', 'NENCY YULIANA PUTRI', 2),
('1201154377', 'FARAH AFIFAH', 2),
('1201154378', 'RISYA RAHMASARI KOSASIH', 2),
('1201154379', 'DIAN RAHMANIA', 2),
('1201154380', 'INDAH AYU MELANINGSIH', 2),
('1201154381', 'YUMNA SABILA', 2),
('1201154382', 'WIDIA ZULHAFIZAH', 2),
('1201154383', 'DURROTUS SA`ADATI', 2),
('1201154384', 'FAHIRA ALYAYUSI LITAMURNI', 2),
('1201154385', 'NOVIA MIFTAQUL JANNAH', 2),
('1201154386', 'HELGA OLIVIA NAULI', 2),
('1201154387', 'ZAHROH OLIVIANY FADILAH THOMAS', 2),
('1201154388', 'TIARA EMING YUDHASTRI', 2),
('1201154389', 'AMELIA PUTRI ANISA', 2),
('1201154391', 'FATIA MULYAHATI YUNUS', 2),
('1201154392', 'WIBIA WIDOWATI', 2),
('1201154393', 'NANDA MARHANDHIKA PUTRI', 2),
('1201154394', 'MIA MAULIDAH AWALIYAH', 2),
('1201154395', 'AMALIA INDAH PRATIWI', 2),
('1201154396', 'CYNTHIA FRESKY ANGELINA', 2),
('1201154397', 'MIFTHAHUL FATHIA', 2),
('1201154398', 'RATIH FEBIYANTI', 2),
('1201154400', 'NI PUTU TIARA SANTI RIYANI', 2),
('1201154401', 'RARA NIKEN RAMADHANY', 2),
('1201154402', 'FAADHILAH ALWI', 2),
('1201154403', 'AQIILAH KHOIRIYYAH HUSNAA', 2),
('1201154404', 'ANISA NURFADILAH', 2),
('1201154406', 'SANTY AGRASARI', 2),
('1201154407', 'INDI ERDINIATY', 2),
('1201154408', 'DINDA AYU NURINDAHSARI', 2),
('1201154410', 'AZHARINE ANANDA', 2),
('1201154411', 'RESKA AYU SULISTYANINGSIH', 2),
('1201154412', 'EVA RAHMAWATI', 2),
('1201154413', 'TIARA AYU LESTARI', 2),
('1201154414', 'YANUARI RANI SETYOWATI', 2),
('1201154415', 'TANIA SILVANI', 2),
('1201154416', 'BUNG AYUNING SYARIFAH', 2),
('1201154417', 'OKKY SAFIRA', 2),
('1201154418', 'WIRDA HAMRO AFIVA', 2),
('1201154419', 'LINDA AYUMNA P', 2),
('1201154420', 'SEVY SAFIRA HANDINI', 2),
('1201154422', 'SALWA NABILA IZZA SALSABILA', 2),
('1201154423', 'AISYA KHAIRU`NISA', 2),
('1201154424', 'YUNITA PUTRI GITA MULYANDARI', 2),
('1201154425', 'FIRJATULLAH NASTARI', 2),
('1201154426', 'RISKA AYU HANIFAH', 2),
('1201154427', 'ARDIAH WAHYU CAHYANI', 2),
('1201154428', 'MEUTHIA MURFI', 2),
('1201154429', 'ASHSYFA GUSTINA', 2),
('1201154430', 'PUTRI RAHMA MULIAWATI', 2),
('1201154431', 'GHINA ZHAFIRAH', 2),
('1201154432', 'DWI SELA TRESNASARI', 2),
('1201154433', 'NANCY PUTRI RAMADHANI', 2),
('1201154434', 'FIYANIKA AMALIA PUTRI', 2),
('1201154435', 'ROMY SEFTIVANI ANGGITA PUTRI', 2),
('1201154436', 'HASNA FITRI NUR\'AINI', 2),
('1201154437', 'AULIA INDANA ZULFA', 2),
('1201154438', 'YONA RIZKITA CINDO', 2),
('1201154439', 'LUTFITA ASTIFANI RUNDANA', 2),
('1201154440', 'SARAH WAHYUNI', 2),
('1201154441', 'PUTRI MAULANI FAUZI', 2),
('1201154442', 'ANNISA PRIAS MAYSARAH', 2),
('1201154443', 'ADITIA SETIA WARDHANI', 2),
('1201154445', 'NUR FALAH SOFIATUL JANNAH', 2),
('1201154446', 'PRAMESTI INTAN MEUTHIA', 2),
('1201154447', 'RISTY MAYANG SARI', 2),
('1201154449', 'SETYORINI AYU YULI HARDIANTI', 2),
('1201154450', 'AYU MUFIDA AULIA', 2),
('1201154451', 'ANINDITHA DJUARSA', 2),
('1201154453', 'PUTRI RATNASARI', 2),
('1201154454', 'PEBRINA DONNA IZZAQI', 2),
('1201154455', 'AYU ARISTA LAMATO', 2),
('1201154456', 'MENTARI LARASATI', 2),
('1201154457', 'MUTHI MAITSA ZULFATRI', 2),
('1201154458', 'GHINA TIYASTI HUTAMI', 2),
('1201154459', 'WIDIA RETNOAYU', 2),
('1201154460', 'HANA NABILAH', 2),
('1201154462', 'PUTRI AYU WULANDARI', 2),
('1201154463', 'NAJAH', 2),
('1201154464', 'ANJANI MAULAYA', 2),
('1201154465', 'IRVANIDA SYAZWANIYYA MAUDYA IHSANI', 2),
('1201154466', 'EVITA RENGGANIS', 2),
('1201154467', 'LAILATUL FITRI', 2),
('1201154468', 'DINA LAILI SAFITRI', 2),
('1201154470', 'NABILA VIDYA ARIANI', 2),
('1201154471', 'DIAH AYU LAKSITA', 2),
('1201154472', 'RIZKY ADELIA', 2),
('1201154473', 'AUDREY RAHMANTI UNADI', 2),
('1201154474', 'ZHARALIN SURYAPUTRI', 2),
('1201154475', 'ULUL AZMI', 2),
('1201154477', 'FRISKA SOLOGIA', 2),
('1201154479', 'HANDINI OCTAFIA', 2),
('1201154480', 'LINDSAY BEANNING', 2),
('1201154481', 'FITALOKA DIAH AGUSTIN', 2),
('1201154482', 'FENITA NABILAH', 2),
('1201154483', 'SHELLA PUTRI YOULANDASARI', 2),
('1201154484', 'NOVITA PERMATA SARI', 2),
('1201154485', 'DINDA NURLISA RIANTI', 2),
('1201154486', 'ARNIS ARISMA PUTRI', 2),
('1201154487', 'ELSA WAHYU HARLIANA', 2),
('1201154488', 'BAIQ RISMA SULISTIANA', 2),
('1201154489', 'ANDINI PRATIWI', 2),
('1201154492', 'GABRIELLA MARGARETH HUTASOIT', 2),
('1201154522', 'RIFADLI DOKTAWIRANDA AGUSDIN', 2),
('1201154523', 'MUHAMMAD FADLY', 2),
('1201154525', 'INTAN ADZANI YUNUS', 2),
('1201154530', 'MUHAMMAD GALIH NISKALA KENCANA', 2),
('1201154531', 'ANAK AGUNG GEDE DWISUYOGA PUTRA', 2),
('1201154535', 'MUHAMMAD ICHSAN NURLIYAN', 2),
('1201154538', 'OLIVIA CAHYANINGDHIA SAPUTRI', 2),
('1201154540', 'DZULHIA ARDIATY', 2),
('1201154543', 'NURAINI AJENG JULIAWATI', 2),
('1201160002', 'ADITYA CHAMDI YUSUF', 2),
('1201160009', 'BOING ILHAM HANISAPUTRO', 2),
('1201160014', 'PAXY RAMADHAN', 2),
('1201160017', 'FANDI OKTAFIAN', 2),
('1201160028', 'APSARI SHANTI NAYOAN', 2),
('1201160033', 'BENNY FERNOSA', 2),
('1201160036', 'RAIHAN FACHREZI YUNUS', 2),
('1201160048', 'FIRLY DEWI WIBISONO', 2),
('1201160063', 'INDRIANA NOVITIARA', 2),
('1201160068', 'ANAK AGUNG SRI NANDINI', 2),
('1201160072', 'DITA SWADANDIKA', 2),
('1201160085', 'CHRISTINA NATALINE', 2),
('1201160092', 'CAHYA WULAN JAYANINGRUM', 2),
('1201160099', 'MUHAMMAD SULTAN', 2),
('1201160109', 'TIARA ANANDA HUSEN', 2),
('1201160121', 'DEVA MARKANO', 2),
('1201160127', 'ADINDA DAMAYANTI', 2),
('1201160129', 'THAMARA', 2),
('1201160132', 'ANGGIT PRATAMA', 2),
('1201160142', 'RIANA SANIA SEPTIANI', 2),
('1201160143', 'NAURA ALFIYYA RAMADHANTI', 2),
('1201160144', 'CITRA PUSPANINGRUM', 2),
('1201160157', 'ANDHYMURTI TIMUR HERYANTO', 2),
('1201160174', 'PUTU RISMA ALFIANI', 2),
('1201160195', 'AZZAVIRA LIYANSHURULLAH', 2),
('1201160212', 'EKA PAKSI ESTIAWAN', 2),
('1201160221', 'RIFQY AMRULLAH', 2),
('1201160245', 'RIZKY DINAR KUSUMADEWI', 2),
('1201160248', 'PANGESTU RIZKY PURNAMA', 2),
('1201160253', 'MUHAMMAD CADIAK GARI LINDO', 2),
('1201160254', 'FARHAN IHZA IMRAN', 2),
('1201160261', 'SILMI KAAFFAH', 2),
('1201160275', 'HERU BAHARUDIN YUSUP', 2),
('1201160290', 'HERU KURNIAWAN', 2),
('1201160303', 'MUHAMMAD YUMNA MAJDINA', 2),
('1201160324', 'SAEPUL ANWAR', 2),
('1201160333', 'SHAFY HAFIDZ', 2),
('1201160334', 'WIDIGDO ADHY UTOMO', 2),
('1201160338', 'RULLY SATRIAWAN', 2),
('1201160339', 'RASYAD NAUFALANA HAUZAN', 2),
('1201160340', 'MOHAMMAD WAHYU SILAYHAN', 2),
('1201160345', 'VADILLA RAHMADANIARTI', 2),
('1201160346', 'IMMANUEL HASINTONGAN CHRISTOPHER SINAMBELA', 2),
('1201160348', 'AFI IHSANUL ARIEF', 2),
('1201160353', 'MAHFUD ALFIRDAUS', 2),
('1201160356', 'DEBORA DEVANI SINAGA', 2),
('1201160357', 'DIO TAQIY ASYROF', 2),
('1201160359', 'NADYA FIRDHAUSYA', 2),
('1201160364', 'DEVA HIDAYAT', 2),
('1201160366', 'JOCHANAN ERGANTHEO SURYONO', 2),
('1201160373', 'RIDHO RAHATESA', 2),
('1201160384', 'AGUSTIAN MAULUDIN', 2),
('1201160391', 'NUR ALIM HABIBI', 2),
('1201160396', 'FEILIANA', 2),
('1201160406', 'MUHAMMAD RAHMADANA', 2),
('1201160410', 'I PUTU ENRYCHO CHIEZA', 2),
('1201160421', 'GILANG PRASETYO WIBOWO', 2),
('1201160422', 'ERLANG PASHA SIDIQ', 2),
('1201160423', 'MUHAMMAD FIKRY ALI', 2),
('1201160425', 'SHAFIRA LAKSITASARI', 2),
('1201160427', 'RAIS YUFLI XAVIERULLAH', 2),
('1201160438', 'DANDI MUHAMMAD ALIM', 2),
('1201160439', 'IRSYAD SHIDQI RAMADHAN', 2),
('1201160442', 'TYARA SILVA SAGITA', 2),
('1201160444', 'FARRAS BURHANUDDIN PRIHANDOKO', 2),
('1201160445', 'NAUFAL LIANDI BASKARA', 2),
('1201160448', 'ATIKA EMMA WULANDARI', 2),
('1201160452', 'FIRDAUSA RAMADHANTI', 2),
('1201160454', 'GHIFARI IRFA`AN SWASTOMO', 2),
('1201160456', 'FADHAL NAFI PRATAMA', 2),
('1201160458', 'YENNY', 2),
('1201160460', 'NAFISHA HERMA HANIFHA', 2),
('1201160471', 'RORO DANIELA TAWANG PUTRI', 2),
('1201160472', 'RIFQI ARIF FADHILAH', 2),
('1201160477', 'DAMARIO HAZNAM', 2),
('1201160479', 'BRIAN NANTA NUGRAHA', 2),
('1201160483', 'WANDA RAMADHAN', 2),
('1201160493', 'MUHAMMAD RIFANSYAH', 2),
('1201160498', 'PRANTIA AMANDA', 2),
('1201161135', 'FEBRYAN KHOIRUN YUSUF', 2),
('1201162071', 'SALSHA GILANG MADANI', 2),
('1201162112', 'MSY CAHAYA DINDA PAMUNGKAS', 2),
('1201162190', 'MOCHAMMAD RIFALDI BACHTIAR', 2),
('1201162369', 'MUHAMMAD HANIF IMADUDDIN', 2),
('1201162374', 'RAFAELLA ANASTASIA', 2),
('1201162465', 'ATIKAH RONAA AMBARARUM', 2),
('1201163056', 'HERVIN TRI PUTRA', 2),
('1201163218', 'ILHAM SAHERDIAN', 2),
('1201163328', 'FADHIL ARINDA FARID', 2),
('1201163433', 'FARHAN ARDHITO', 2),
('1201163453', 'TARA ALDIERA', 2),
('1201164001', 'MARIA FRANCISCA RARAS DEWANTARI', 2),
('1201164003', 'MUHAMMAD NAUFAL NURLIYAN', 2),
('1201164004', 'MUHAMMAD FAKHRUL MUKMIN', 2),
('1201164005', 'SRI YUZARNIMAR', 2),
('1201164006', 'FAHIRA NURAZIZAH', 2),
('1201164007', 'MAHARANI FUJI LESTARI', 2),
('1201164008', 'MUHAMMAD FAUZI ROFIQ', 2),
('1201164010', 'FIRMAN SETIA NUGRAHA', 2),
('1201164012', 'BELLA HESTINA PUTRI', 2),
('1201164013', 'ALDI RAHMAWAN', 2),
('1201164015', 'HASYIM IFNU AKBARI', 2),
('1201164018', 'M IKHBAL EFENDI', 2),
('1201164019', 'KHOLILATUL MUSTAGHFIROH', 2),
('1201164020', 'NYOMAN CHITTA MAHAYANTI', 2),
('1201164021', 'SARASTYA DEWI', 2),
('1201164022', 'KHALID FAJAR HARAHAP', 2),
('1201164023', 'MUHAMMAD CATUR PRIAMBODO', 2),
('1201164024', 'REYHAN MUHAMMAD IHZA', 2),
('1201164025', 'SALMA SYAFIQA', 2),
('1201164026', 'SINTA MULYANI DWI PUTRI', 2),
('1201164027', 'YESICA BERLIANA CHRISMADORA', 2),
('1201164029', 'NOVITA ZANNAH SARI', 2),
('1201164030', 'TRI MAISYAH NUGRAH SAMUDRO', 2),
('1201164031', 'FARAH ANINDYA RIZKITA', 2),
('1201164034', 'ARGON BAYU SAPUTRO', 2),
('1201164035', 'ALYA HANIF ISTIQOMAH', 2),
('1201164037', 'NADYA SANIYYA RAMADHANTI', 2),
('1201164038', 'ANDI ZEHAN SASKIA SALSABILA', 2),
('1201164039', 'NOVREYNA LUDMILLA ALDA', 2),
('1201164040', 'STEVANUS YUSTIAWAN', 2),
('1201164041', 'JANIS NURUL AULIA', 2),
('1201164042', 'ARIEF ADHITYA RAHMAN', 2),
('1201164043', 'ELISIA WORLINDA NAINGGOLAN', 2),
('1201164044', 'ISLAMIA NURAINI', 2),
('1201164045', 'FARAH MARTARIZA PUTRI', 2),
('1201164046', 'LAILA RAFIDAH HUSNA', 2),
('1201164047', 'RIZKA AMALIA ZAHRA', 2),
('1201164049', 'MADE GANDI WAHYU PUTRA', 2),
('1201164050', 'WINA RENANDA PUTRI', 2),
('1201164051', 'BAGAS ARGANTO P', 2),
('1201164052', 'SALSABILA MEDIANA RIDHA FIRIDZKY', 2),
('1201164053', 'BELA PITRIA HAKIM', 2),
('1201164054', 'NADIA LUQIANA', 2),
('1201164057', 'AF`IDATUL ALMAS', 2),
('1201164058', 'IVANDER RIZKY SUHARTO', 2),
('1201164059', 'MOCHAMAD FAKHRI PRATAMA IRAWAN', 2),
('1201164060', 'DEDE WILDAN GINANJAR', 2),
('1201164062', 'MOCHAMAD ALDI AL GHIFFARI', 2),
('1201164064', 'MUHAMAD RIDWAN SUJUDI', 2),
('1201164065', 'RAMADHAN SINAGA', 2),
('1201164066', 'DIO PANJI CAENANDO', 2),
('1201164067', 'IQBAL MIFTAHUDIN', 2),
('1201164068', 'PUTRA ASH SHIDDIQ', 2),
('1201164069', 'CAUSA PRIMA QODRATI', 2),
('1201164070', 'KIKIN NUR ULYA IINDRAWATI', 2),
('1201164073', 'IVORY ALIFIA RAMADHANTY', 2),
('1201164074', 'DINA DWI NOVELLA', 2),
('1201164075', 'MOCHAMAD FABIAN REDHATAMA', 2),
('1201164076', 'JASSICA HERMANSYAH FITRI', 2),
('1201164077', 'LUH PUTU DEWI AYU TARI', 2),
('1201164078', 'DIAN HAYYU RANA MUNA', 2),
('1201164079', 'CHRISTIAN MARULI', 2),
('1201164080', 'MUHAMMAD RAFI', 2),
('1201164081', 'ASYSYIFA RAMADHAN', 2),
('1201164082', 'LUTHFI ROMIZ HUSAINI', 2),
('1201164083', 'RIA MEGASARI', 2),
('1201164086', 'DEVIANTY SAFITRI', 2),
('1201164087', 'HAFIDZ IRFANSYAHDANA BATUBARA', 2),
('1201164088', 'HANNI SALSABILA', 2),
('1201164089', 'NI PUTU SUNYANIARI', 2),
('1201164090', 'M ARDIAN SUGIHARTO', 2),
('1201164093', 'NI PUTU CYNTHIA SASMITA DEWI', 2),
('1201164094', 'NI KADEK AYU ANDINI', 2),
('1201164095', 'AMELLYA CHONITHA BAYU', 2),
('1201164096', 'YOHANES FAJAR SITOHANG', 2),
('1201164097', 'ANGELINA DESANDRA ADVENTA', 2),
('1201164098', 'JACINTA JASMINE', 2),
('1201164100', 'SAUSAN NABILA', 2),
('1201164101', 'RIZKA CAHYA SYAFITRI', 2),
('1201164102', 'NUR FADILLA', 2),
('1201164103', 'RIFDAH AZHAARI', 2),
('1201164104', 'VICKY NURDIAWATI', 2),
('1201164105', 'FAUZIAH RAHMAWATI', 2),
('1201164106', 'GRACE ANNE NATHASYA H', 2),
('1201164107', 'FARIZ SEPTIAN', 2),
('1201164108', 'AW ROSALINA ABJAMIS', 2),
('1201164110', 'NABILA DWI LESTARI', 2),
('1201164111', 'FADHIL HADIANTORO', 2),
('1201164113', 'AMANDA PERWITA SARI', 2),
('1201164114', 'AULIA ADINA', 2),
('1201164115', 'NISA NURAINI', 2),
('1201164116', 'MUTHIA KHAIRUNNISA', 2),
('1201164117', 'KEVIN FIRDAUS', 2),
('1201164118', 'FIRYAL AMANI KHANSA', 2),
('1201164119', 'IHSANUDDIN KHRISTANTO DWI NUGROHO', 2),
('1201164120', 'NINDYTHA SALSABILA KARA NOOR', 2),
('1201164122', 'REFILDA AGUSTRIYANTI', 2),
('1201164123', 'WHENDY MARGARETA', 2),
('1201164124', 'ARGYA RAHMASARI', 2),
('1201164125', 'DINA ANJANI', 2),
('1201164126', 'NIKEN ADHINDA WARASTUTY', 2),
('1201164128', 'ALFRIYANI OKTAVIA HUTASOIT', 2),
('1201164130', 'MUHAMMAD KAMAL FIKRI HARAHAP', 2),
('1201164131', 'DANIA QATRUNNADA', 2),
('1201164133', 'ANNISA YUSTISYA', 2),
('1201164134', 'LEVINA DEVI SARASWATI', 2),
('1201164136', 'AZZAHRA SAFIRA ASMON', 2),
('1201164137', 'NUR FITRIANITA SYAHNAS', 2),
('1201164139', 'DESTIFA JODIARINI PUTRI', 2),
('1201164140', 'FATHAN GIFFARI AKBAR', 2),
('1201164141', 'DEANNA AULIYA FARID', 2),
('1201164145', 'GITANJALI WIDAYU DIATRI', 2),
('1201164146', 'FARHAN NANDYAWAN SYARIEF', 2),
('1201164147', 'AGUNG RIZKI PUTRA', 2),
('1201164148', 'DIAN AYU DETASARI', 2),
('1201164149', 'MUHAMMAD ARYA FURQON', 2),
('1201164150', 'FATHURRIDHA ABDI DARMAWAN', 2),
('1201164151', 'ESENSIL MAN HIA', 2),
('1201164153', 'HELMI ASTARIFKI MULYADI', 2),
('1201164154', 'AMIRA MILLATI DAVNIKA', 2),
('1201164155', 'IKHSANA DIANA PUTRI', 2),
('1201164156', 'I PUTU RANGGA PERBAWA', 2),
('1201164158', 'MUHAMMAD RIZKY FAWZI', 2),
('1201164159', 'MARENO FITRA', 2),
('1201164160', 'ARIQA RADHWA', 2),
('1201164161', 'REFAL BHAKTI ALFANZAIN', 2),
('1201164162', 'NURUL ALIYA INAYAH', 2),
('1201164163', 'SAMUDRA CAHYONO', 2),
('1201164164', 'MARTHA LAURA PURBA', 2),
('1201164165', 'IKSAN BUDIMAN', 2),
('1201164166', 'MUHAMMAD RIZKY ADITHYA TRIWARDHANA', 2),
('1201164167', 'INTAN HAYYU RANA MUNA', 2),
('1201164168', 'M. RAFKA IHZA S', 2),
('1201164169', 'RIDANI FAULIKA FIARINI', 2),
('1201164170', 'NAUFAL RIFAT MUHAMMAD HARRIS', 2),
('1201164171', 'ADRILA PUTRI AKBAR', 2),
('1201164172', 'DWI RATNA MUGIA AMALIA', 2),
('1201164173', 'ILHAM WIRA SAKTI', 2),
('1201164176', 'R MIRZA F JUARSAH', 2),
('1201164177', 'JASMINE RAISYA SALSABILA', 2),
('1201164178', 'M IRFAN HAMMADI AHADIS', 2),
('1201164179', 'RIO TEGUH PERMANA', 2),
('1201164180', 'AYU KHALIM MENTARI', 2),
('1201164181', 'MUHAMMAD AKBAR RAKA RAMADHAN', 2),
('1201164182', 'ALIF MUHAMMAD JATI MUSTIKO', 2),
('1201164183', 'MARIO ADIPRANA MUKI', 2),
('1201164184', 'FIRDAH DIPI JUNI KURNIAWATI', 2),
('1201164185', 'JULIANDRI IKHSAN', 2),
('1201164187', 'HILDA FIBRIANTI', 2),
('1201164188', 'BRENI ENCY PURBA', 2),
('1201164189', 'ZIDNI SYAKURI', 2),
('1201164192', 'EBEN SADANA PANE', 2),
('1201164193', 'WASKITHO PAMBUDI', 2),
('1201164194', 'BIMA DWICA ANANTO', 2),
('1201164196', 'HANI KHAIRUNNISA', 2),
('1201164197', 'HERVIN WIJAYA', 2),
('1201164198', 'RD AURELIA SURYA RAMADHANTY', 2),
('1201164199', 'SYAVIRA RAMADIANTI', 2),
('1201164200', 'HILMAN MAULANA', 2),
('1201164201', 'ANINDITA DEWI ARTANTI', 2),
('1201164202', 'WISNU YUDA KRISENA', 2),
('1201164203', 'MUHAMMAD REZA OCTAVINO', 2),
('1201164204', 'MARCUS GALENIUS LIMAHELU', 2),
('1201164205', 'REIRI AYU RISYANI', 2),
('1201164206', 'PUTU SHANTI MAHADEWI', 2),
('1201164207', 'KADEK WIRASUKESSA', 2),
('1201164208', 'MUHAMMAD ADAM KHALED', 2),
('1201164209', 'ROSULLAH KHAIRUNNISA', 2),
('1201164210', 'I GUSTI NGURAH AGUNG BAGUS PUTRAWAN', 2),
('1201164211', 'AHMAD MUFLIH SAEPUDIN', 2),
('1201164213', 'AKBAR DWIKI SETIAWAN', 2),
('1201164214', 'MUHAMAD ULUL ALBAB', 2),
('1201164215', 'AGUNGBUDI RAHARJO', 2),
('1201164216', 'ILHAM NARENDA PUTRA', 2),
('1201164217', 'SABRINA DIANA PRATIWI', 2),
('1201164219', 'NAUFAL DZIKRI AFIFI', 2),
('1201164220', 'VIRGYAWAN SAMAGAHA', 2),
('1201164222', 'ERINA RIZKY RAMADHANTY', 2),
('1201164223', 'YENI PEBRIANTI', 2),
('1201164224', 'NAUFALDANNY FARHAN SHIDDIEQ', 2),
('1201164225', 'I PUTU SURYA ADI PRASTAMAN', 2),
('1201164226', 'PUJI PRABAWA MUALIM', 2),
('1201164227', 'IMADUDDIN ABUBAKAR', 2),
('1201164228', 'NADHIFAH AQILAH NUGRAHA', 2),
('1201164229', 'RIFQI RHEZA PRATHAMA', 2),
('1201164230', 'RIZQI NUR SAFITRI', 2),
('1201164231', 'MUHAMAD HELMI', 2),
('1201164232', 'RIKO HERLAMBANG', 2),
('1201164233', 'MUHAMMAD REVO SIREGAR', 2),
('1201164234', 'FARHAN AIMAN', 2),
('1201164235', 'NURFALAH ADIMA', 2),
('1201164236', 'I GEDE WIRA RANATA', 2),
('1201164237', 'IQBAL BAIHAQI FIRDIANSYAH', 2),
('1201164238', 'REZA SULISTIANTO', 2),
('1201164239', 'GILANG RAHMAT WIBOWO', 2),
('1201164241', 'BIMA PRATAMA PUTRA', 2),
('1201164242', 'MOHAMMAD FUAD FARISI', 2),
('1201164243', 'AHMAD RAFI FAUZAN', 2),
('1201164244', 'ADHITYA FAJAR RAMADHAN', 2),
('1201164246', 'ALDYAN NURFAIZI HARIS B.TAU', 2),
('1201164247', 'ZULFA MARDHIYAH', 2),
('1201164249', 'VIRDA BERLIANTI PRATIWI', 2),
('1201164250', 'MUHAMMAD FACHRURROZI AKBAR', 2),
('1201164251', 'M AFIQ FAUZAN', 2),
('1201164252', 'RAMDHANI YANUAR', 2),
('1201164255', 'IRFAN RACHMAWAN', 2),
('1201164256', 'REZKI SETIAWAN', 2),
('1201164257', 'INDRA BAGUS ALVIANTO', 2),
('1201164258', 'ADITYA NOVINDA HENDRAWAN', 2),
('1201164259', 'ANGGRAENI AMBARWATI', 2),
('1201164262', 'DAFFA MUKHTAR DZAKIR', 2),
('1201164263', 'AQILAH SMARTAZIZ KHOLIULLAH', 2),
('1201164264', 'ZAKARIA GUNADA', 2),
('1201164265', 'RATIH NURSANDRA DEWI', 2),
('1201164266', 'VINCENTIUS ANSEL SUPPA', 2),
('1201164267', 'DWI WAHYUNI', 2),
('1201164269', 'DESYAM ARDIANTO', 2),
('1201164271', 'ANSELVI MEGA LESTARI', 2),
('1201164272', 'HILMI FAUZI', 2),
('1201164273', 'RINI OCTAVIANY', 2),
('1201164274', 'DEANDRA NOBELA YAHYA', 2),
('1201164276', 'HARITS DZULYADDAIN', 2),
('1201164277', 'AHMAD ADZHAM ANUGRAH KUSUMA', 2),
('1201164278', 'REINALDI KUDRAT FADHILAH', 2),
('1201164279', 'GHINA SALSABILA', 2),
('1201164280', 'MUHAMMAD ROSYID KRISWANTO', 2),
('1201164281', 'ALWAN LUTHFI DAMANIK', 2),
('1201164282', 'EGA RIVANGGA HANTORO', 2),
('1201164284', 'ARRIVAN DIKA SANTOSA', 2),
('1201164285', 'ZHARFAN AFIF PRATAMA', 2),
('1201164286', 'MUHAMMAD FACHRUZZAKA MARTABAYA', 2),
('1201164287', 'ADELLA PUTRI ARINDITA', 2),
('1201164288', 'JORDAN GULTOM', 2),
('1201164289', 'ANDRE DWI MASQAH', 2),
('1201164291', 'FAISAL AKBAR', 2),
('1201164292', 'AMANDA SUCITA BRAHMANA', 2),
('1201164293', 'QIF MUJAHIDAN FIDDIN', 2),
('1201164294', 'INDAH RAHAYU ALIKA PUTRI', 2),
('1201164295', 'FAJRI RAHMAN QUSYAIFI', 2),
('1201164296', 'FARAH FADHILA MULYADI', 2),
('1201164297', 'BELLA YULIANTI', 2),
('1201164298', 'LARAS RIZKIA', 2),
('1201164299', 'MUHAMMAD NAUFAL NOOR FARRAS DHAROSCA', 2),
('1201164300', 'PUTU MANIKAN AL-RAYEN UMBARA', 2),
('1201164301', 'MARUDUT ANDIKA SIMARMATA', 2),
('1201164302', 'ADITYA BAGUS PRAKOSO', 2),
('1201164304', 'MOHAMMAD RIZKY', 2),
('1201164305', 'M RIANANDA PRATAMA', 2),
('1201164306', 'RICO DHIMAS WIBOWO', 2),
('1201164307', 'WASKITO RADAR WICAKSONO', 2),
('1201164308', 'ANUGERAH TRISATRYO', 2),
('1201164309', 'KEVIN GABRIANTO RIZKY PERDANA', 2),
('1201164310', 'WILDAN CHAIRUL FAQQIE', 2),
('1201164311', 'ZULKARNAEN RASYID ADHINUGROHO', 2),
('1201164312', 'MANUEL JALENSKI', 2),
('1201164313', 'MUHAMMAD FIKRIANSYAH', 2),
('1201164314', 'AJENG SARWENDAH ARYANINGRUM', 2),
('1201164315', 'SEVTIAN NUR RACHMADI', 2),
('1201164316', 'ALIZA BRAGASTA LAZUARDY', 2),
('1201164317', 'DINDA TRIA KUSUMA', 2),
('1201164318', 'MOCHAMAD ILHAM FANANI', 2),
('1201164320', 'RASYAD PRASETIO AJI', 2),
('1201164321', 'GILANG BAGAS SATRIA PRADANA', 2),
('1201164322', 'MUHAMMAD FAHREZA FIRDAUS', 2),
('1201164323', 'NURFIA WIDIANTI', 2),
('1201164325', 'AULIA YOGI FACHLIVAN', 2),
('1201164326', 'AQFIE JUMIDHAL ARDHA', 2),
('1201164327', 'YOGA CAHYO WIBOWO', 2),
('1201164329', 'VENANDO MUHAMMAD NUR AMRULLOH', 2),
('1201164330', 'HANIF INSAN ILMAN', 2),
('1201164332', 'RYAN GAMAS AGROMEGA', 2),
('1201164335', 'KARINA BRILLIANTI', 2),
('1201164336', 'ADELIA SULISTYANI', 2),
('1201164337', 'LAZUARDI IMAN MAULUDI', 2),
('1201164341', 'FAUZAN DIMAS HANANTO', 2),
('1201164342', 'ZHA SHA PUTRI ANUGERAH', 2),
('1201164343', 'NURUL ARUM TRI CAHYANI', 2),
('1201164344', 'NOVIA UTAMI PUTRI', 2),
('1201164347', 'JESICA ANGELICA', 2),
('1201164349', 'RIZKI RAMADHAN', 2),
('1201164350', 'FATIH ILHAM PERMANA', 2),
('1201164351', 'TYAS MARHENI SUSILOWATI', 2),
('1201164352', 'FIRNA ZANIA RAMADHANTY', 2),
('1201164354', 'ALSANIA AFNAN SALSABILA', 2),
('1201164355', 'IRINDA AULIYASARI HERNINGTYAS', 2),
('1201164358', 'ALMIRA ZANA PRATAMA', 2),
('1201164360', 'NANDA HAIKAL MUSJA', 2),
('1201164361', 'SYAUQI RABBANI NURFACHMI DAHLAN', 2),
('1201164362', 'BRILLIANT RAFLY PRAMANA PUTRA', 2),
('1201164365', 'SOPHIA YASMINE AGNAPUTRI', 2),
('1201164367', 'RALA NISRINA SHIAMI', 2),
('1201164368', 'JEREMY RAY CRISTIAN', 2),
('1201164370', 'MARYUDI RAHMA SAPUTRA', 2),
('1201164371', 'RAMADHANI KURNIAWAN', 2),
('1201164372', 'YUFIA RUSMALINA', 2),
('1201164375', 'SALSABILA ALYA HUSEIN', 2),
('1201164376', 'FANY PUTRI NOVITASARI', 2),
('1201164377', 'GHINA MAYLIANA', 2),
('1201164378', 'RADEN BAGUS TRI NUGROHO', 2),
('1201164379', 'REGINE RAHMADA BERLIANA', 2),
('1201164380', 'M RAPIH ATMANEGARA', 2),
('1201164381', 'MOCHAMMAD ALDIO HAMZAH PUTRA', 2),
('1201164382', 'M AGUNG HAMBALI', 2),
('1201164383', 'AVERIEL AKMAL NUGRAHA', 2),
('1201164386', 'R.LAKSAMANA DWICAHYO ARYADI', 2),
('1201164387', 'SATRIA RAHMADANI PUTRA', 2),
('1201164388', 'SAMSUL MUHAMAD RAMDAN', 2),
('1201164389', 'FARIDHAH RAEHANISA PRIBADI', 2),
('1201164390', 'SHAFIRA AYU NURLITASARI', 2),
('1201164392', 'ENDAH TRI UTAMI SETIANINGSIH', 2),
('1201164393', 'NINDYA TRIANA PUTRI', 2),
('1201164394', 'ERIKA ASIHYANTO SAPUTRI', 2),
('1201164395', 'SITI NUR HAMIDAH', 2),
('1201164397', 'PINKI MEITA PERMATA PUTRI', 2),
('1201164398', 'ISTI SALMA FAUZIYAH', 2),
('1201164399', 'MUHAMMAD RAIHANNATULLAH', 2),
('1201164400', 'RULLY RACHMAN', 2),
('1201164401', 'LA ODE MUHAMMAD SYARIF SIDI', 2),
('1201164402', 'NUR FAJAR FADHILAH', 2),
('1201164403', 'REFALDI AZHAR', 2),
('1201164404', 'RIMA DWI ANGGRAINI', 2),
('1201164407', 'MELVIANI KAROLIN KAMARALO', 2),
('1201164408', 'ALYA YULISTI FAUZIYYAH BACHTIAR', 2),
('1201164409', 'DHEA BESTARI ANUGRAH PUTRI', 2),
('1201164411', 'MUHAMMAD IBNU RAMADHAN', 2),
('1201164412', 'SASMITA AYU CAHYANINGTYAS', 2),
('1201164414', 'RATNA MUFIDAH', 2),
('1201164415', 'SITI MAESAROH', 2),
('1201164416', 'GINALDI FARHAN HAFIZ', 2),
('1201164417', 'YUSUF ANDRI DWI SULISTIONO', 2),
('1201164418', 'PUTRI ETRIF HANIFA', 2),
('1201164419', 'ADINANTYAS PRASOJO', 2),
('1201164424', 'MAHARDDHIKA ADITYA', 2),
('1201164426', 'MUHAMAD ARIEF DAMANHURI', 2),
('1201164429', 'DONNY FIRLI ARDIAWAN', 2),
('1201164430', 'SILMI NUR INAYAH', 2),
('1201164431', 'EVELYN DEVIAN NOER', 2),
('1201164432', 'YOSUA ANDREW HAMONANGAN', 2),
('1201164434', 'BAGAS SIDIQ BUDIARGO', 2),
('1201164435', 'SYAHRIL YOGA', 2),
('1201164437', 'AMAR MAULANA', 2),
('1201164441', 'NUR RAHMAT GILANG KENCANA PUTRA DEWA', 2),
('1201164443', 'BAYUGIRI TAUFIK ADIPUTRA', 2),
('1201164446', 'MUKHRAJI RIZKHA', 2),
('1201164447', 'DIANA INDAH PUSPITASARI', 2),
('1201164451', 'ANANDA KEANU AJI PRAWIRA', 2),
('1201164455', 'RYANDIKA HARDITYA', 2),
('1201164457', 'FARHAN EKA SAPUTRA', 2),
('1201164459', 'MUHAMMAD ALDO HABIB AKBAR', 2),
('1201164461', 'HARI AKBAR SANTOSA WA', 2),
('1201164462', 'FAKHIRAH NUR ALIFAH', 2),
('1201164463', 'DEVANY RAMADHANTY', 2),
('1201164464', 'ARVAN FIRMANSYAH HASIBUAN', 2),
('1201164466', 'DIMAS ARIEF RESPATI ISKANDAR', 2),
('1201164467', 'FACHRY EDWA MAULANA', 2),
('1201164468', 'GILANG ANUGRAH FAJRI', 2),
('1201164469', 'DICK ARCHANDANA PRATAMA', 2),
('1201164470', 'MUHAMMAD ABDUL AZIZ', 2),
('1201164473', 'DESTI RIZKI ARTINI', 2),
('1201164475', 'ALIA AGISTINA', 2),
('1201164476', 'FAKHRI FAUZI', 2),
('1201164478', 'MUHAMMAD FAJAR', 2),
('1201164480', 'FADILA AULIA NURHIDAYAH', 2),
('1201164481', 'ERICHA MUTIA PUTRI', 2),
('1201164482', 'FADHIL HILMI ALHABIB', 2),
('1201164484', 'FACHRIZA HIDAYA THOYIB', 2),
('1201164487', 'DESROSA MAULIZAR', 2),
('1201164488', 'MUHAMMAD IQBAL BUDIMAN', 2),
('1201164489', 'DIO CIKA ANUGRAH', 2),
('1201164491', 'MUTIARA HALIFAH', 2),
('1201164492', 'FARAH MELIA SATRIANA', 2),
('1201164496', 'RINALDI JULIAN', 2),
('1201164497', 'MUHAMMAD FARID BURHANUDIN', 2),
('1201164499', 'INDRAWAN ARFID', 2),
('1201164500', 'MUHAMMAD QALYUBI', 2),
('1201170003', 'ABIDZAR AL`GHIFARY', 2),
('1201170004', 'BRANDO MIKARDONI RUMAPEA', 2),
('1201170006', 'TAQYYA NAUFINDA ASNIN', 2),
('1201170013', 'MUHAMMAD FARID SYAIFULLAH', 2),
('1201170019', 'MUHAMMAD DZAKY MUSTAFA', 2),
('1201170022', 'MUHAMMAD DZULFIQAR AZHAR BABA', 2),
('1201170024', 'DEFINA AQLIMA', 2),
('1201170025', 'MELANIA AMANDA ALIFFIA SAVIRA', 2),
('1201170028', 'GIBRAN CESARINO SUCAHYO', 2),
('1201170029', 'MUHAMMAD FAISAL FADHLURRAHMAN', 2),
('1201170032', 'WIDYA PARASDIASARI', 2),
('1201170034', 'BISMO YUDHO TOEFANO SUDEWO', 2),
('1201170035', 'ANYA SHAFIRA PRAMESTI', 2),
('1201170036', 'I GUSTI AYU DERIANA WINGARA', 2),
('1201170037', 'ABDUL RAZAK', 2),
('1201170038', 'RYANI AMELIA', 2),
('1201170042', 'KEVIN RAHADIAN YUDISTIRA', 2),
('1201170044', 'MOHAMAD IQBAL ABU ARIFIN', 2),
('1201170048', 'FAHREZA ATHAR SYAHPERDANA', 2),
('1201170050', 'NABILLA VALDA SAFIERA', 2),
('1201170059', 'JUNAIDI', 2),
('1201170060', 'LIANA FITRI RAMADHANI', 2),
('1201170066', 'IBNU HASYIM HUTASUHUT', 2),
('1201170069', 'SAVINA NABA AULINASARI', 2),
('1201170091', 'BINTANG ANUGRAH RINALDI', 2),
('1201170092', 'FAKHRI ALMI', 2),
('1201170093', 'SEAN CHOLLIN AL MAJID GINTING', 2),
('1201170094', 'MOHAMMAD FARREL EDGARDA', 2),
('1201170098', 'NABILA AURELLIA GHAISANI', 2),
('1201170102', 'HARSYA NUR AULIA DEWI', 2),
('1201170103', 'GREGORIUS SIGIT HERMAWAN ZAVIT', 2),
('1201170113', 'AGNIS FADHILAH SUKMANA', 2),
('1201170118', 'NADIAH AYU FAUZIYAH', 2),
('1201170119', 'JASMINE DEVINA FANY ATMAJA', 2),
('1201170121', 'GEBRINA OKTAVIANI TARIGAN', 2),
('1201170122', 'WENING AYOMI DHARA SETYANI', 2),
('1201170126', 'TRISHA ALYA LATIFA', 2),
('1201170130', 'NAUFAL AGIN RAMADHAN', 2),
('1201170145', 'AGUNG PRATAMA DAFIO', 2),
('1201170147', 'FIRDAYANTI NUR SASTIANANDA', 2),
('1201170155', 'FAJAR MUHAMMAD ASRI', 2),
('1201170156', 'NAUFAL AQIEL FITRACHMAN', 2),
('1201170157', 'DEYANA BANOWATI DWIKUMOROJATI', 2),
('1201170158', 'AZIZ IRSYAD', 2),
('1201170159', 'GUSTI NABIL KHOURY PUTRA', 2),
('1201170161', 'ARIEF TRI HENDRAYANTO', 2),
('1201170166', 'FERYAN KURNIA DHANDHY', 2),
('1201170178', 'ABDURRAHMAN RASHIF IBRAHIM', 2),
('1201170183', 'NISRI HUSNA FAADHILAH', 2),
('1201170186', 'MALIK ADE RIZKI', 2),
('1201170191', 'YOGA PRATAMA DARMAWAN', 2),
('1201170197', 'ANNASA YESKAINAYAH', 2),
('1201170198', 'VIVALDY IZZA NAUFALINDRA HERBAYU', 2),
('1201170199', 'AMANANDITO SHAFA MAULA', 2),
('1201170204', 'MOHAMMAD HUSAIN RIFAI', 2),
('1201170206', 'MUHAMMAD FARSHA KAUTSAR', 2),
('1201170209', 'LARAS NURUL FAZRIA', 2),
('1201170211', 'MOHAMMAD ILHAM BUKHORI', 2),
('1201170213', 'DINDA SYABILA ELFANI', 2),
('1201170219', 'RAMADHAN GARDA PAMUNGKAS', 2),
('1201170220', 'AFRIADIE FIRMANSYAH', 2),
('1201170229', 'MUHAMMAD RAFI NURROHIM', 2),
('1201170231', 'MUHAMMAD FAKHRI QOLBI', 2),
('1201170232', 'AJI ELPUR SETYO AGUNG', 2),
('1201170233', 'MEIDY TATALUCKYTA', 2),
('1201170237', 'HASYA SABILA', 2),
('1201170246', 'MUHAMMAD NABIL RUMI', 2),
('1201170247', 'FIKRI AL FARISI RIHALDIAN ABDURACHMAN', 2),
('1201170250', 'AMIRA WISENTIA SURYANDARU', 2),
('1201170252', 'AMIRAH SYAHFITRI HARAHAP', 2),
('1201170254', 'RIZKY HAMDANI', 2),
('1201170257', 'ZAHRAN FATHINAH S', 2),
('1201170258', 'LANGGENG SETYO HARI LAKSONO', 2),
('1201170260', 'RWAFEMIR VERZANI HARARI', 2),
('1201170261', 'GILANG GUSTIARDI', 2),
('1201170264', 'YANNA SAVITRI', 2),
('1201170265', 'MUHAMMAD IHSAS ALVI IBRAHIM', 2),
('1201170267', 'MUHAMMAD RAFLY FAUZAN WIBOWO', 2),
('1201170268', 'NAMIRA DAHLESTI', 2),
('1201170272', 'BAGJA ABDULLAH SUFYAN', 2),
('1201170277', 'ISLAHUN NIHAYAH', 2),
('1201170279', 'IRFAN MUHAMMAD IQBAL', 2),
('1201170283', 'FARHAN MUZAKI DARWIN', 2),
('1201170285', 'DAFFA PUTRA WIDAYAKA', 2),
('1201170290', 'MUHAMMAD FARHAN ARDYA CHAIRURIZKI', 2),
('1201170291', 'MUHAMMAD AVIV', 2),
('1201170292', 'AULIA SAIFA IZZUDIN', 2),
('1201170296', 'MUHAMMAD NAUFAL', 2),
('1201170297', 'RAFI PRAGIWAKA GANI', 2),
('1201170299', 'MUHAMMAD RIZKY VANZANI', 2),
('1201170301', 'MOH. ALDI AZHARUDIN', 2),
('1201170305', 'HILMI FARIS RAMADHAN', 2),
('1201170308', 'CYNTHIA TRI UTAMI PUTRI', 2),
('1201170309', 'NAUFAL DZAKY BELLAMY PACO', 2),
('1201170312', 'MUHAMMAD THORIQ ARIFBILLAH', 2),
('1201170314', 'ALYSSA LEONITA SAVITRI', 2),
('1201170315', 'PRISQIA AMANANDIANTI HANIFA', 2),
('1201170321', 'IVY LEORA DEWANGGI TRISUSILO', 2),
('1201170326', 'SASMA DANI TANJUNG', 2),
('1201170329', 'MUHAMMAD RENDY KUSUMA', 2),
('1201170330', 'MAULANA YUSUF CHUZAIRI', 2),
('1201170332', 'TALITHA NURSABILA', 2),
('1201170333', 'J HARITZ', 2),
('1201170340', 'ELISA INTAN PUSPITA SARI', 2),
('1201170345', 'NYOMAN KARMAYOGA WIDYANTARA', 2),
('1201170346', 'SYAHRULLAH', 2),
('1201170347', 'RANI GUSTI ANGESTI', 2);
INSERT INTO `student` (`nim`, `student_name`, `student_status`) VALUES
('1201170348', 'GRACE ELFRIDA SYLVANA NAPITUPULU', 2),
('1201170351', 'DEAN MUHAMMAD ALTAR ABYANCA', 2),
('1201170353', 'M.RAKA ARNINDO', 2),
('1201170360', 'RANDY KURNIAWAN NUR', 2),
('1201170362', 'MUHAMMAD IQBAL TAWAKAL', 2),
('1201170368', 'M DAFFA ARAFI', 2),
('1201170372', 'SABHRINA SALSABELLA', 2),
('1201170374', 'REIKI HERSA PRATAMA', 2),
('1201170377', 'MUHAMMAD RIDZKI ISMAIL', 2),
('1201170381', 'GEDE ADITYA JUNIANTARA', 2),
('1201170391', 'DEA EKA HERDIANI', 2),
('1201170392', 'ALISSA SAPHIRA PUTRI', 2),
('1201170394', 'TANIA AYU SUKMA', 2),
('1201170396', 'WARDATUL FAIZAH', 2),
('1201170397', 'MOHAMMAD RAFLY NURHADI', 2),
('1201170400', 'AHMAD IRFAN AKMAL', 2),
('1201170405', 'ANGEL YORA SIAHAAN', 2),
('1201170406', 'HANIFFAN ZIKRI ANUGRAH DE TASYA', 2),
('1201170408', 'MUHAMMAD ARDIN GHIFARI', 2),
('1201170410', 'PRADANA AKBAR SURYO PUTRO', 2),
('1201170415', 'APRILIANO LENTERA ARINANDA', 2),
('1201170418', 'YONATAN GARA PRIMAESA', 2),
('1201170420', 'MUHAMMAD SYAFIQ AHNAF', 2),
('1201170424', 'RIZKY IBNU ABI CAHYONO', 2),
('1201170426', 'ANNASTASYA SEPTIANI', 2),
('1201170428', 'CAITRANGGANA NARESWARI', 2),
('1201170433', 'YUMNA DHIYA MAZAYA', 2),
('1201170438', 'GAMALIEL SITUMEANG', 2),
('1201170439', 'RAHMA JAMES GALLIANO SETIARADI', 2),
('1201170451', 'RADITYA RIAN GHIFARI', 2),
('1201170454', 'PUTRI NADINA SHAFIRA ISLAMY', 2),
('1201170457', 'FARA RAHMANIA IZZATY', 2),
('1201170460', 'IRFAN HANIFAH WARDHANA', 2),
('1201170467', 'RIZKYAH ERWANDA', 2),
('1201171140', 'MUHAMMAD IQBAL FATONI', 2),
('1201172129', 'SANDHIKA MELBEN ANDRIEN', 2),
('1201172163', 'TRIAFINI NUGROHO', 2),
('1201172235', 'EVITA NURISNAINI PUSPITASARI HARIYONO', 2),
('1201172331', 'OLIVIA SIHITE', 2),
('1201172357', 'DIMAS RAYHANDIKA YOGASWARA', 2),
('1201172373', 'ANNUR PRIO ANGGORO', 2),
('1201172378', 'FUHAIDY HAFIIZHAN AHNAF', 2),
('1201172386', 'GILANG TRIASMORO JATI', 2),
('1201172388', 'ZUL ARFFAN', 2),
('1201172402', 'ALVARO RAYHAN RISYAD', 2),
('1201172414', 'WILLY KURNIAWAN', 2),
('1201172422', 'KRISNA GEO PUTRA', 2),
('1201172440', 'MUHAMMAD FAISHAL SETYA', 2),
('1201172441', 'MUHAMMAD REYHAN FIKRIANSYAH', 2),
('1201172442', 'DANIEL BINSAR SITORUS', 2),
('1201172446', 'DIMAS TRIANTO', 2),
('1201172448', 'DELLA ARIYANTI HAKIMAH', 2),
('1201172450', 'AYSHA AZLIA NUR RAMADHANIA', 2),
('1201172459', 'MUHAMMAD AJI PANGESTU', 2),
('1201172461', 'FAUZAN FARREL MOHAMMAD', 2),
('1201172466', 'MITHA PRAMISTY', 2),
('1201173043', 'PUPUT NIDAUL CHOIRIYAH', 2),
('1201173058', 'AGI YOGASWARA', 2),
('1201173132', 'RATNA WULANDARI', 2),
('1201173169', 'FATHIYYA NADA NAZHIFA BUDIMAN', 2),
('1201173170', 'SAVIRA ALIFA DHARMADI', 2),
('1201173179', 'KARIN NABILA', 2),
('1201173263', 'MUHAMMAD FERDIAN', 2),
('1201173365', 'FAUZIA ANINDYA SYAHIRA', 2),
('1201173383', 'I GUSTI MADE ADITYA WIRATAMA', 2),
('1201173390', 'DIMAS PAMUNGKAS', 2),
('1201173407', 'MUHAMMAD ATHFAL', 2),
('1201173435', 'MUHAMMAD HANIF MUSHODDAQ', 2),
('1201173443', 'SHABRAN ABIYYU SYAMS', 2),
('1201173445', 'GRACE AGUSTINA', 2),
('1201173474', 'CESALTINO SARMENTO SOARES', 2),
('1201173475', 'NONIA FATIMA DA COSTA MARTINS', 2),
('1201174001', 'MUHAMMAD ARGA GHIFARI', 2),
('1201174002', 'SIDIQ NUR HIDAYAH', 2),
('1201174005', 'PUTRI INDAH SARI', 2),
('1201174007', 'MUHAMMAD FADHIL RAFIF', 2),
('1201174008', 'HARWINVANIA FAUZIA', 2),
('1201174009', 'DELA PUSPITA', 2),
('1201174010', 'LARASATI FITRIA AZIZAH', 2),
('1201174011', 'DYAH PUTRI SARASWARI', 2),
('1201174012', 'TIARA YASINTA KIBTI', 2),
('1201174014', 'LINA RAHMITA DEWI', 2),
('1201174015', 'BELLA RAMADINI', 2),
('1201174016', 'IFROH LAYALI', 2),
('1201174017', 'ADAM ARIEF WIBAWA', 2),
('1201174018', 'DWINDAH PUTRI PARISA FILI', 2),
('1201174020', 'NUR MUHAMMAD RAHADIANTO', 2),
('1201174023', 'ALIEF FACHRIE FATTUROHMAN', 2),
('1201174026', 'DHIYA SHAFA AZIZAH', 2),
('1201174027', 'TIRZA AYU NURSAZABILLAH', 2),
('1201174030', 'MUTIA NUR AVIFAH', 2),
('1201174031', 'NURSYARIKHA D. M', 2),
('1201174033', 'DEA NURFITRIYANA HARYATI', 2),
('1201174040', 'RIFALDI KRISTIAN ALFAREZA', 2),
('1201174041', 'MUHAMMAD KINAN AMMAR', 2),
('1201174046', 'TEGAR TRI NUGRAHA', 2),
('1201174047', 'YUDHAN SYAM GILANG PRATAMA', 2),
('1201174049', 'ZENITA MEYLIA', 2),
('1201174051', 'KOMANG SURYA GITAWAN ARDYA PUTRA', 2),
('1201174052', 'LIRA LORENZA', 2),
('1201174053', 'LINATI KHAIRINA SYAROFAH', 2),
('1201174055', 'ANNIKE TRI WAHYUNI', 2),
('1201174056', 'TITANIA PERMATA PUTRI', 2),
('1201174057', 'YULIA WAHYUNI', 2),
('1201174061', 'GIGAS JOUHAN ARVYANTO', 2),
('1201174062', 'ALDI RAMADHAN', 2),
('1201174063', 'MUHAMMAD ARIEF ARDYANSYAH', 2),
('1201174064', 'ABDULLAH NADHIF', 2),
('1201174065', 'ANINDHYA AULIA RAHMAH', 2),
('1201174067', 'MOCHAMMAD ICHWAN NUGRAHA', 2),
('1201174068', 'HASYA QINTHARA PUTRI', 2),
('1201174070', 'INDIRA KUSUMA WARDANI', 2),
('1201174071', 'NAURA MAISAZAHRA', 2),
('1201174072', 'AQUILLA YUNMA IMARISTHA', 2),
('1201174073', 'GHIFARI NAUFAL RAHMAN', 2),
('1201174074', 'NURUL TAQWA', 2),
('1201174075', 'MADE ARYA TEGUH DVAIPAYANA', 2),
('1201174076', 'ALWIYYAH', 2),
('1201174077', 'AMELIA ANGGRAINI RAHMAN', 2),
('1201174078', 'NI PUTU AYU LAKSMI PURWATI', 2),
('1201174079', 'ELVIN SUPRIYANTO', 2),
('1201174080', 'YOSUA SARAGIH', 2),
('1201174082', 'FIQRI NUGRAHA RAMADHAN', 2),
('1201174083', 'MALSYA DEBRINA NUR SALSABILA', 2),
('1201174084', 'M. RAFIF ALIYASYAH', 2),
('1201174085', 'GEORDHY SYAHBANA', 2),
('1201174086', 'ALAN RAMADHAN', 2),
('1201174088', 'MUHAMMAD AFIF WAHYU ARSANTA WARDHANA', 2),
('1201174089', 'MUHAMMAD DIMAS BASWARA', 2),
('1201174090', 'MUHAMMAD ILHAM DURANI', 2),
('1201174097', 'NANDA SAGITA APRILIA', 2),
('1201174099', 'ANITHA CHARMITHA MARSHA', 2),
('1201174100', 'RADEN MAHARANI NUR ROBBI', 2),
('1201174101', 'MICHAEL YUSDISTIRA', 2),
('1201174105', 'RADHITA ANANDA PUTRI', 2),
('1201174106', 'FIBYAN SALEH ANTHONY', 2),
('1201174107', 'INDAH EKANURHAYATI', 2),
('1201174108', 'REANATAMI IRAWAN', 2),
('1201174109', 'FIFIN NUR HANIFAH', 2),
('1201174110', 'KHARISMA IFFATUN NISA`', 2),
('1201174111', 'VIRA MAULINA PUTRI', 2),
('1201174112', 'MUHAMMAD ARASH ARISIAH', 2),
('1201174114', 'M FADLAN HANIFA', 2),
('1201174117', 'IRMA MAHARANI NABILA', 2),
('1201174120', 'OLIVIA INGER PITALOKA', 2),
('1201174123', 'NUR REZQI HANDHININGSARI', 2),
('1201174124', 'RAISYA FADHILLAH DZARFANI', 2),
('1201174125', 'AYUNIAR SALSABILA PUTRI', 2),
('1201174127', 'MAHENDRA MAULANA TRESNANTO', 2),
('1201174128', 'NI NYOMAN PUTRI AYU PRAMESTI', 2),
('1201174131', 'DEVITA THALIA PUTRI', 2),
('1201174133', 'EVELIN SEKAR DEWINTA', 2),
('1201174134', 'ERSYURA LIANDHINI', 2),
('1201174136', 'FARIZ AFI AKBAR', 2),
('1201174137', 'OETARI WIRANDANY', 2),
('1201174138', 'FAQIH ILYASA', 2),
('1201174139', 'YOSAFAT YAHOWU HIA', 2),
('1201174141', 'NABILA KHAIRUNNISA', 2),
('1201174142', 'NAUFAL MUHAMMAD IQBAL', 2),
('1201174143', 'SALSABILAH PUTRI SUHARTO', 2),
('1201174144', 'MUTI HANIFAH', 2),
('1201174146', 'IRFAN RAIHAN', 2),
('1201174148', 'NABILAH NUR AULIAULLAH', 2),
('1201174149', 'ZULFA KAMILIA FIRDAUS', 2),
('1201174150', 'ALIF ILHAM MUHAMMAD', 2),
('1201174151', 'AMELIA DEFANKA', 2),
('1201174152', 'SEKAR TANJUNG MULYANINGRUM', 2),
('1201174153', 'SATRIA PANJI WINATA', 2),
('1201174154', 'FAYA DWITIFANY', 2),
('1201174160', 'SVADEV PRANAMAM MAHASAGARA', 2),
('1201174162', 'TAHTA MANUSAKERTI', 2),
('1201174164', 'ANSA WIDIANI', 2),
('1201174165', 'TAUFIK RAHMAN', 2),
('1201174167', 'ANISSHA AYU PURWANTINA', 2),
('1201174168', 'SITI AMIRAH KHANSA', 2),
('1201174171', 'SOFANO RUDI HARTONO', 2),
('1201174172', 'BIMA BIRAHMATIKA', 2),
('1201174173', 'MUNALYS HIDAYATUL NAFISA', 2),
('1201174174', 'MUHAMAD FADHLAN ZAKIRI SETIABUDI', 2),
('1201174175', 'ENAR DEWI FORTUNA', 2),
('1201174176', 'ALFIAN SETYO NUGROHO', 2),
('1201174180', 'DWINARDY SAPUTRA', 2),
('1201174181', 'DIMAS ARVIAN BUDIANTO', 2),
('1201174182', 'DEWI LARASATI', 2),
('1201174184', 'AGUNG PURNAMA PUTRA', 2),
('1201174185', 'HAFIZA APRILIA', 2),
('1201174187', 'PUTU ANDRIAN SURYA INDIRVA', 2),
('1201174189', 'KHOLIQ GIFFARI', 2),
('1201174190', 'LINDA ARINI HAKIM', 2),
('1201174192', 'ANISAH RIDHAYANI FEBRI KUNTARSIH', 2),
('1201174193', 'IRFANUL ZUHDI N', 2),
('1201174194', 'AHMAD GHALEB AHDA', 2),
('1201174195', 'FAHMI AULIA RACHMAN', 2),
('1201174196', 'AFIN RIZQI PRAMADYA', 2),
('1201174200', 'ARIFIANTO AJI PUTRO', 2),
('1201174201', 'RIZKI MALIQAL MULQI', 2),
('1201174202', 'PUTRI LEONI VIRCESA SOENDJATMO', 2),
('1201174203', 'PRAPTIANA RAISYA SYARIF', 2),
('1201174205', 'TANISA NABILA TASHA', 2),
('1201174207', 'AMALIA NUR AZIZAH', 2),
('1201174208', 'DWI ANGGARA MUHARRAM', 2),
('1201174210', 'M. FAHMI DJATNIKA', 2),
('1201174212', 'ALYA RAISA KHANZA', 2),
('1201174214', 'ERALLTAMI', 2),
('1201174215', 'FADHEL MUHAMMAD', 2),
('1201174216', 'MUHAMMAD ADIE SAMMAJID', 2),
('1201174217', 'BUNGA HARNUM SANDITA', 2),
('1201174218', 'GILBERT BILLY RIVALDO MATAHURILA', 2),
('1201174221', 'I GEDE OKA MAHENDRA', 2),
('1201174222', 'PRADIPTA RICKY BASKARA', 2),
('1201174225', 'MUHAMMAD AUFA RIZQULLAH', 2),
('1201174226', 'MOCHAMAD RIFKY', 2),
('1201174227', 'DAFFA IRFAN', 2),
('1201174228', 'R.MOH.RIZAL RAMDANI', 2),
('1201174230', 'MUHAMAD HILMY ABDULLAH', 2),
('1201174234', 'VIDIANTO FAJAR NUGRAHA', 2),
('1201174236', 'FITRI ANDA SARI', 2),
('1201174238', 'YUDIMAN ABDUL HIDAYAT', 2),
('1201174239', 'EGGY RADIANSYAH SUTENDI', 2),
('1201174240', 'ULFIA RAHMAH', 2),
('1201174242', 'ANNISA NUR FALAHI AHMAD', 2),
('1201174243', 'SYANTIKA PUTRI MAHARANI SUNTORO', 2),
('1201174244', 'AQIL FEBRIAN ASRIF', 2),
('1201174245', 'FEBRYAN ALFI PRIHASTORO', 2),
('1201174248', 'VANYA AULIA RACHMA', 2),
('1201174249', 'TRIA OKTAVIA ARADINY', 2),
('1201174251', 'ARMEINITA SALSABILA', 2),
('1201174255', 'SANDY ARGYA PRADIPTA', 2),
('1201174256', 'MUHAMMAD FADHLI', 2),
('1201174259', 'MUHAMMAD RAIHAN ARRAFI', 2),
('1201174262', 'RIFAT AL KAUSAR', 2),
('1201174266', 'GURUH JIWO PRAKOSO', 2),
('1201174270', 'FACHRIAN NUGRAHA ARMA', 2),
('1201174271', 'FIRYAL FADHILAH', 2),
('1201174273', 'DAVID RICHARDO CANIAGO', 2),
('1201174274', 'ALFIAN KUSUMA AJI', 2),
('1201174276', 'ZEIN ZUFAR SAVALUDIN', 2),
('1201174278', 'ILHAM AKBAR', 2),
('1201174280', 'SAFFANIA ZAHRA AINA HALINDA', 2),
('1201174281', 'MEYLIZA GUSANDI', 2),
('1201174282', 'ALIF AULIA', 2),
('1201174284', 'PRAYOGI TRI MULYANA', 2),
('1201174286', 'MUHAMMAD SOHIBUL WAFA', 2),
('1201174287', 'FAHMI RIZAL SAMLISTIYA', 2),
('1201174288', 'MUHAMMAD FADILLAH ADHITAMA', 2),
('1201174289', 'CHELDRIC PRADITYA GEORDANNIE', 2),
('1201174293', 'RAHMAD DWI PUTRA SUHANDA', 2),
('1201174294', 'RISMADA KRISNA ANUGRAH', 2),
('1201174295', 'ALIF AFTHARIQ', 2),
('1201174298', 'SHEILA SEKAR SOKA', 2),
('1201174300', 'SULTHAN MUHAMMAD ZAIDAN', 2),
('1201174302', 'MUHAMMAD AL FAJRI KURNIA', 2),
('1201174304', 'CHAVIA ZAGITA REZKI NARWASTU', 2),
('1201174306', 'MOHAMAD RAFIKI ZULQITSY', 2),
('1201174310', 'MOCHAMMAD RIFKY FADILLAH', 2),
('1201174311', 'DHIA IRFAN RAMADHANY', 2),
('1201174313', 'SHOLEKAH DWI SAPUTRI', 2),
('1201174316', 'CHARLI MARTINABELLA', 2),
('1201174317', 'FITRIYA AYUNINGTYAS RUMANDA', 2),
('1201174318', 'MUHAMMAD ARI YASIN', 2),
('1201174319', 'ANINDHITA PUTRI AULIA', 2),
('1201174320', 'JERRICO NASE NATALIN', 2),
('1201174322', 'MUHAMMAD RAKA ADITYA', 2),
('1201174323', 'AULIA NAUFAL RAMADHAN', 2),
('1201174324', 'KIRANA RIZKY AMALIA DIANI SUPNADI', 2),
('1201174325', 'IMAM NURHAQ FADHLI', 2),
('1201174327', 'MUHAMMAD ALDI SAPUTRA', 2),
('1201174328', 'MOCHAMAD RAVIOLI SUBUR', 2),
('1201174329', 'ARIEFTYARTO TAUFIQ RAMADHAN', 2),
('1201174334', 'RARAS FARRISA DEARY', 2),
('1201174335', 'RYU FAJAR HARMAWAN', 2),
('1201174336', 'JESSICA NINDYA PUTRI', 2),
('1201174337', 'MUHAMMAD FARIZ HAFIZHUDIN', 2),
('1201174338', 'ARGA DIPTA PUTRATAMA', 2),
('1201174339', 'ALGHIFARI NURONI', 2),
('1201174341', 'LAILA RIZKYA NUR LATIFAH', 2),
('1201174342', 'ANINDIYA DEWI ARTANTI', 2),
('1201174343', 'AULIA AGHNIA NURILMIANTI', 2),
('1201174344', 'GIBRAN MAKARIM MUHAMMAD', 2),
('1201174349', 'MUHAMMAD ALFI FAUZI', 2),
('1201174350', 'MUHAMMAD RAFIENDRA KHAIR', 2),
('1201174352', 'GENTA YUSUF MADHANI', 2),
('1201174355', 'ALFATH GHANI SAMSIAR', 2),
('1201174356', 'NOVIANTO FAJAR RAHMAT', 2),
('1201174358', 'DITA AYU WANDIRA', 2),
('1201174359', 'BION FARHAN WIDIRAHARJANTO', 2),
('1201174361', 'MUHAMMAD FAUZI AULIA RAHMAN', 2),
('1201174363', 'GIMNASTYAR ALGHIFARI HERLAN', 2),
('1201174364', 'ELIZABETH ELKA NOVIA AJENG NASTITI', 2),
('1201174366', 'MUFLIH FATTAH HERAWANTO', 2),
('1201174367', 'FELLICIA AMANDA DINDA HAPSARI', 2),
('1201174369', 'NUR IKHSAN ASHARI R', 2),
('1201174370', 'LIA YULIANA', 2),
('1201174371', 'ASRI SUKMA ISABARI', 2),
('1201174375', 'MUHAMMAD GHANI RIZQULLAH', 2),
('1201174376', 'MICHAEL SAMUEL SIMATUPANG', 2),
('1201174379', 'KEVIN AHMAD AUFARRIZKY', 2),
('1201174380', 'VIONA JESSIE OLIVIA BANGUN', 2),
('1201174382', 'SABILA HAYYU FAUZIA', 2),
('1201174384', 'ALVIERA SUCI DAMAYANTI', 2),
('1201174385', 'RINO WICAKSONO', 2),
('1201174389', 'MUTIA RAHMA NIZA', 2),
('1201174393', 'GUSTI AYU DWITYA SARI', 2),
('1201174395', 'RAFFI MULYA AL GHIFARI', 2),
('1201174398', 'ARIA PERMANA MULUK', 2),
('1201174399', 'DAVID YOSAFAT', 2),
('1201174401', 'CORIE ARIESTA ARBAY', 2),
('1201174403', 'BELLA PERTIWI ALIFIA PANDRA', 2),
('1201174404', 'ADISTY AZZAHRA NOEYA', 2),
('1201174409', 'IMAN ROZIQ', 2),
('1201174411', 'ZAHRAN TIASUFA', 2),
('1201174412', 'TENGKU RYAN FAKHRY', 2),
('1201174413', 'MOCHAMAD VALIANT DHIYAULHAQ', 2),
('1201174416', 'RACHMA AGUSTYORINI', 2),
('1201174417', 'M. FACHRI HUSAMUDDIN', 2),
('1201174419', 'DIMAS WIDO PRASETYO', 2),
('1201174421', 'FAREL TRISA ALGIFFARY', 2),
('1201174423', 'INTAN KUSUMAWARDANI', 2),
('1201174425', 'FIRLAN SBASTIAN', 2),
('1201174427', 'YONI SOTYA BASWARA', 2),
('1201174429', 'MUHAMMAD RADIFAN IZZUDIN AKBAR', 2),
('1201174431', 'MUHAMMAD FOURA GARINDA', 2),
('1201174432', 'HAIKAL MUHAMMAD FARHAN', 2),
('1201174434', 'IVAN SATRIO HANINDITO', 2),
('1201174436', 'RAMA YUDHA PRATAMA KARIWIRA', 2),
('1201174444', 'HERU HENDRAWAN', 2),
('1201174447', 'FAYI FIRZATULLAH ACHMAD', 2),
('1201174449', 'AMMAR GHIFARY ABDILLAH', 2),
('1201174452', 'MOCHAMAD RIZKY ANALKA', 2),
('1201174453', 'BENNY AZIZ AGITSNA', 2),
('1201174455', 'FATYA HAFIZHA AULIA RAHMA', 2),
('1201174456', 'FIRSTYO DEWO WICAKSONO', 2),
('1201174458', 'MALIK ENDANG ZUANA', 2),
('1201174462', 'BOBBY HIMAWAN', 2),
('1201174465', 'SATRIA NUGRAHA', 2),
('1201174468', 'RAFI FAUZAN SASMITAPRAJA', 2),
('1201174469', 'DINNIA NAHLIA PUTRI', 2),
('1201174470', 'MOCHAMMAD DIMAS NAUVAL', 2),
('1201174471', 'ZA`IMATUL HAKIMAH SEPTIANI', 2),
('1201180003', 'SEPTY NUR AULIA DARMANTYA', 2),
('1201180008', 'SULTHAN ARAFAT BRIFIAN', 2),
('1201180009', 'I MADE ARDY WIRYATAMA', 2),
('1201180019', 'SHALMA ZAHRA NABILAH', 2),
('1201180022', 'WALI HAKIM PRADANA', 2),
('1201180024', 'MUHAMAD ALFARIZI FADIANDI LUKMANA', 2),
('1201180027', 'NURUL ARIFIN ARISTARINI', 2),
('1201180028', 'SEBRIELLA AULIA SIREGAR', 2),
('1201180031', 'RAFLI WAHID ARASYAD', 2),
('1201180037', 'TIRTA CANDRA PARIPURNA', 2),
('1201180060', 'MUCHAMMAD IZDIHAR ZALFA AULIA', 2),
('1201180068', 'MUHAMMAD FAUZAN BAIHAQI', 2),
('1201180072', 'TIARA PUTRI NABILA', 2),
('1201180082', 'FARDA AINAYYA HASEENA ZIA', 2),
('1201180088', 'NADILA ATTIN MIFTAH', 2),
('1201180097', 'QONITA AFIFA SALSABILA', 2),
('1201180098', 'ARLIETA KIRANA BRAHMANISWARI', 2),
('1201180103', 'SANDIKA LAFALDI SUGANI', 2),
('1201180104', 'MUTIARA PRAMUTI JAYA', 2),
('1201180105', 'AFIFAH NABILA', 2),
('1201180106', 'MIFTAH AMINNUL HAQ', 2),
('1201180108', 'CATUR WILLIAM IMMANUEL TAMBUN', 2),
('1201180113', 'RIEFALDY NADIVKHA SUBROTO', 2),
('1201180115', 'SYAFIQ FATIH BASALAMAH', 2),
('1201180119', 'MUFQI DIANA RAMANDA', 2),
('1201180126', 'FAJAR ABDILLAH PERMANA', 2),
('1201180129', 'REYHAN RIZKY MAHADIKA', 2),
('1201180130', 'MUHAMMAD ZAKI WIBOWO', 2),
('1201180133', 'RIZKY PRANCA BANGUN', 2),
('1201180134', 'MUTIA AL MASRI', 2),
('1201180136', 'DWI CAHYA PRASETYA', 2),
('1201180141', 'RADHITA NINDA AZANI YURISMAN', 2),
('1201180144', 'OLIVIA AKMA CHANITA', 2),
('1201180146', 'ICHSAN RAMADHAN MUCHLIS', 2),
('1201180148', 'MUHAMMAD RIFQY', 2),
('1201180149', 'HERFAIDA NADIA NINGRUM', 2),
('1201180150', 'ALFIANDIKA NURSANTIKA', 2),
('1201180151', 'FEBRY AKBAR WIBISONO', 2),
('1201180161', 'MALIK DAFFA ABDILLAH', 2),
('1201180162', 'AHMAD IZZAN GUNAWAN', 2),
('1201180163', 'IRFAN AKMAL DIASTYONO', 2),
('1201180170', 'RAYHAN MUHAMMAD NAUFAL', 2),
('1201180171', 'MOHAMAD RIZKY OKTAVA', 2),
('1201180172', 'ALLAM RAIHAN PUNTODEWO', 2),
('1201180174', 'TAUFAN MAULANA RIZALDY', 2),
('1201180176', 'MUHAMMAD ALFIAN DHARMAWAN', 2),
('1201180179', 'MUHAMMAD ALFARIZI REIZEL', 2),
('1201180180', 'PATRICIA REGINA BATSYEBA', 2),
('1201180185', 'WIRANANDRA SASTRAMIHARDJA', 2),
('1201180197', 'CALISTA DAMARA', 2),
('1201180199', 'NAUFAL MAHDI FADHILLAH', 2),
('1201180201', 'DIANA SALSABILA', 2),
('1201180205', 'DIMAS FATURRAHMAN KUSUMO NUGROHO', 2),
('1201180206', 'ADRIAN IRFANA', 2),
('1201180207', 'FAHREZI AHMAD AZWARI', 2),
('1201180210', 'EVAN RADITYA', 2),
('1201180213', 'ALIF SULTHAN RASSYA WINOTO', 2),
('1201180217', 'ADINDA DIASTININGRUM', 2),
('1201180219', 'MITA AZWARI', 2),
('1201180225', 'ENUNG SRI SUKMAWATI', 2),
('1201180226', 'DHAMASTANA DHARMA DENIANTARA', 2),
('1201180235', 'HANIF RIZQI FALAH', 2),
('1201180236', 'HILMAN FAUZY AKBAR', 2),
('1201180240', 'YOSEPH CAESARIO NUGROHO SINAGA', 2),
('1201180242', 'IRHAM YURAHMAJI', 2),
('1201180243', 'MOH RIFKI PUTRA PERDANA', 2),
('1201180245', 'RADEN FATHUR RAHMAN', 2),
('1201180246', 'HAFIYYAN FAZA', 2),
('1201180248', 'RUSDAVINA ROMAULI SIREGAR', 2),
('1201180253', 'ANDIKA DEANNA RAHMA', 2),
('1201180268', 'RAKHA RAIHAN ALAMSYAH', 2),
('1201180270', 'AKHDAN RAFI MAULANA', 2),
('1201180273', 'PUTU PANJI LESMANA', 2),
('1201180274', 'I PUTU PRAMANA ARIVIANTO', 2),
('1201180278', 'I NYOMAN ARI SUPUTRA', 2),
('1201180281', 'ANISYA ISTIADZAH CANDRANINGTYAS', 2),
('1201180285', 'KUKUH TRIASBUDI', 2),
('1201180291', 'HANIF RAFI AUFA', 2),
('1201180292', 'MUHAMMAD GIAN NAUFAL IHSAN', 2),
('1201180298', 'RAISHA AZHARI GHANIYYAH TANRA', 2),
('1201180299', 'NAJLA ATHIRA KHAIRUNNISA', 2),
('1201180302', 'ERTZA HAFIZAN WIRYADINATA', 2),
('1201180307', 'SONDANG EKO IRAWANTO', 2),
('1201180309', 'FATHIA NAFILA GHINA', 2),
('1201180310', 'JOVITA AILEEN TRISTIE', 2),
('1201180311', 'MUHAMMAD EGASKARA MAHAGNYANAPUTRA', 2),
('1201180313', 'BACHTIAR ARYA PRAJA', 2),
('1201180314', 'ETANIA RAMADHANTY', 2),
('1201180315', 'BOY DIVA SENA', 2),
('1201180323', 'BIMA ANANTO STYOWANDI', 2),
('1201180333', 'YASINTA NADIA KURNIA', 2),
('1201180334', 'NURUL HIKMAH SABILA', 2),
('1201180335', 'VHANQA NOVTANA SENDINI', 2),
('1201180348', 'VIGHO SHEVCHENKO', 2),
('1201180349', 'MICHAEL YESAYA TOREH', 2),
('1201180350', 'WIDYA HANGGANA RARAS', 2),
('1201180352', 'ROSALYA AZZAHRA NURFIRDAUSI', 2),
('1201180356', 'MUHAMMAD IHSAN CANIAGO', 2),
('1201180358', 'RADIN RADITO HERLAMBANG', 2),
('1201180361', 'LUTHFI IMAM FAUZI', 2),
('1201180362', 'DAFFA RAIHAN DITYO', 2),
('1201180370', 'REDI ISMAN LISTRIANTO', 2),
('1201180372', 'MOCHAMAD FADHLAN ADLANA', 2),
('1201180378', 'MAYANG DAESI SABILLA', 2),
('1201180384', 'TANIA ALYA ANDRIANINGRUM', 2),
('1201180386', 'AMANULLAH IRSYAD', 2),
('1201180388', 'FIKRI ARYAGUNA DAFA', 2),
('1201180390', 'MUHAMMAD DIPONEGORO ST ROPAWIRO', 2),
('1201180391', 'NADA LINGGA AFRILI', 2),
('1201180393', 'DARA CAHAYA NABILA', 2),
('1201180397', 'NURUL FITRI DWI ANDINI', 2),
('1201180400', 'SISKA RATNA ANGGRAENI', 2),
('1201180404', 'SONIA NABILA ANNISA', 2),
('1201180405', 'MATTHEW EWALDO AMANIPUTRA', 2),
('1201180407', 'VINSA ARINALDI', 2),
('1201180412', 'PUTU SURYADIKA PRAMUDYA', 2),
('1201180414', 'ANAK AGUNG GEDE AGUNG DAMA MAHATMA PUTRA', 2),
('1201180415', 'MUHAMMAD FACHRI DHIFA', 2),
('1201180419', 'HERRY DWI CHAHYONO', 2),
('1201180420', 'SOLIYAN RAMA DEWA', 2),
('1201180431', 'JIHAN SALMA RAMADHANTI WIDODO', 2),
('1201180443', 'DIMAS GHIFARI PRIANDONI', 2),
('1201180444', 'LUTFI IBRAHIM PRATAMA ROSMAN', 2),
('1201180448', 'RANGGA GALUH RIZAL RIFAI', 2),
('1201181050', 'MUHAMMAD RIF`AT REIHAN AULA ARIFIN', 2),
('1201181137', 'MARIA EMERALD NAINGGOLAN', 2),
('1201181142', 'RIEFDA FAIZATUL AULIA', 2),
('1201181233', 'FIRMAN RAMADHAN PUTRA', 2),
('1201181238', 'GHIFARY ADINEGORO', 2),
('1201181249', 'HANINAIDAR HASNA F', 2),
('1201181375', 'RIZAL RENALDI LEYN', 2),
('1201182337', 'HARYO KRESNO AJI', 2),
('1201182341', 'REGGIE NURAVIANTA HAEDAR', 2),
('1201182406', 'DHEA TRULLYANI SAVITRI', 2),
('1201182410', 'ALDARHENA PUTRI DEWANTY', 2),
('1201182449', 'MUHAMMAD RIDZKY ADITYA', 2),
('1201182450', 'NISRINA SOFIA RAHMAN', 2),
('1201182451', 'NADIA KHAIRUNNISA', 2),
('1201182452', 'RANI AFIFAH PUTRI', 2),
('1201182453', 'INDAH CAMELIA FADHILA', 2),
('1201182454', 'TAUFIQ PRAMU BENTAR', 2),
('1201182455', 'MUHAMMAD FARHAN AJI ALDINO', 2),
('1201182456', 'YOLA HAJI SYMON', 2),
('1201182457', 'SHIDQI RIZQULLAH FERIANSYAH', 2),
('1201182458', 'ZIDAN IBRAHIM ZAMZAMI', 2),
('1201182459', 'MUHAMMAD HARIZKY ADITIA', 2),
('1201182460', 'NADYA CALISTA SIAHAAN', 2),
('1201182461', 'NUR HAPSAH MAULIDIA', 2),
('1201182462', 'DHIYAN FAUZAN RACHMATULLAH', 2),
('1201182463', 'NUR AFIAH HUTARI', 2),
('1201182464', 'FERRO ARIEF NURRAHMAN', 2),
('1201182465', 'MUHAMMAD MILZAM AKBAR', 2),
('1201182466', 'AHMAD RASYID IBRAHIM ARSY', 2),
('1201182467', 'SYAHRASTANI AYASA', 2),
('1201182468', 'DIANSAH HIDAYAT', 2),
('1201182469', 'ADAM AWALUDIN', 2),
('1201182470', 'RESTU FADHILLAH', 2),
('1201182472', 'RYAN ARIS HIDAYATULLAH', 2),
('1201182473', 'RAFLY AHMAD NURFIKRI', 2),
('1201182474', 'KEVIN HOSEA', 2),
('1201182475', 'SYIFA SALSABILA', 2),
('1201182476', 'REYHAN SENOPUTRI', 2),
('1201182479', 'RIFALDI YUDHA RAMADHAN', 2),
('1201182480', 'AZIZ FAUZAN LISKIYANTO', 2),
('1201183006', 'MUHAMMAD GHAFARI NURFATHONI', 2),
('1201183010', 'MUHAMMAD DAFFA ALFARRASI', 2),
('1201183015', 'ILZA AZHAR RADYA', 2),
('1201183020', 'MUHAMMAD GIGA RIZKY ARSYADI', 2),
('1201183021', 'DEVINRIZA ELIANSYAH', 2),
('1201183025', 'INTEN AYUNING GHAISANI', 2),
('1201183305', 'ANGGI STEPANI BR SIPAYUNG', 2),
('1201183308', 'NAILA KHOIRUN NISA', 2),
('1201183318', 'ARYA FEBIAN ANUGRAH', 2),
('1201183319', 'BRIAN CHRISTIAN SARNIEM', 2),
('1201183321', 'NESIA PAULINE ANGGIPANGIHUT THANTY SIREGAR', 2),
('1201183332', 'RAEGAN AMMAR PRAWIRA', 2),
('1201183336', 'NI MADE AMRITHA DEVI PRATIWI', 2),
('1201183339', 'BETARA CHURRAERA', 2),
('1201183340', 'NAUFAL AULIA MEIKA', 2),
('1201183344', 'OKTAVICHA SALSABILA INDARTI', 2),
('1201183345', 'NURAINI NISA MAHARANI', 2),
('1201183346', 'FARIDAH MUTHIA AZZAHRA', 2),
('1201183347', 'RAHMI NUR AFIFAH', 2),
('1201183351', 'ZULA ANSELMA', 2),
('1201183355', 'ANDI MUHAMMAD FACHRI CHAERUDDIN', 2),
('1201183357', 'LALU ANANTA GIFARI ROBANI', 2),
('1201183376', 'M FIRMANSYAH', 2),
('1201183377', 'MEYLIASA DANIRA', 2),
('1201183382', 'ADE ACHMAD FAISAL', 2),
('1201183385', 'RAHMA SABILLA ASHAR', 2),
('1201183389', 'ALIFIA RANYA ATALLAH RIZKY', 2),
('1201183392', 'IRISH ILLENIA MARTHA AYUDYA', 2),
('1201183394', 'AFRA NASTITI UTAMI', 2),
('1201183395', 'HAFIZHAH KHAERANI', 2),
('1201183403', 'EVAN YURI PRIAMBODO', 2),
('1201183418', 'ATHIYYAH AYUNINGPUTRI', 2),
('1201183422', 'MELINIA WULANDARI', 2),
('1201183425', 'ASYIFA FREDA SALSA BILLA', 2),
('1201183427', 'KINANTHI PARASDYA SISTA', 2),
('1201183438', 'BAIHAKI HAKIM FIRDAUS', 2),
('1201183439', 'MOCHAMAD REIGY DWI F', 2),
('1201183441', 'CHANDIKA IVANO', 2),
('1201183445', 'MUHAMMAD DZAKY PRASETYO', 2),
('1201183481', 'HELIO FREITAS PEREIRA', 2),
('1201184002', 'MAHDAR ARIANTO', 2),
('1201184004', 'SHINTA NAMIRA', 2),
('1201184005', 'VINI AVIOLINA', 2),
('1201184007', 'MUHAMMAD ALDIO ROZAN PUTRA', 2),
('1201184011', 'ARINDA LAYLA ALFIRA', 2),
('1201184012', 'VIETRA SHAUMA RANABILLA', 2),
('1201184013', 'LAELATUL MUCHAROMAH CITA SARI', 2),
('1201184014', 'TENGKU KHALIDA ZIA GIOVANNY', 2),
('1201184016', 'GIESTA AYUNDA SEKAR KINASIH', 2),
('1201184017', 'SEKAR ARUM PRAMESTI', 2),
('1201184018', 'AFRA GHAIDA HANA', 2),
('1201184023', 'MUHAMMAD EVAN RISMAWAN', 2),
('1201184026', 'SYAVINA MI`RAJ ISKANDAR', 2),
('1201184029', 'ALMAYDA REZA MAHENDRA', 2),
('1201184030', 'BELLA KHARISMA APRILIA', 2),
('1201184032', 'ANWAR FIRDAUS ASH-SHIDDIQ', 2),
('1201184033', 'AULIA ANANTA SIREGAR', 2),
('1201184034', 'FIRDA AMALIA WIDYANINGRUM', 2),
('1201184035', 'SHAKILA HAMIDI', 2),
('1201184036', 'DITA KUSUMA NINGSIH', 2),
('1201184038', 'CHARISMA ZAAFIRA ABDULLAH', 2),
('1201184039', 'AGNES NABILA', 2),
('1201184040', 'POPY NOPIA', 2),
('1201184041', 'AFIFAH NURLAYALIA', 2),
('1201184042', 'NOPINA SARI PUTRI SARAGIH', 2),
('1201184043', 'BRYANNE RAFA LEVINA', 2),
('1201184044', 'PRATIWI NOVAYANTI', 2),
('1201184045', 'THORIQ BARAMBILLAH', 2),
('1201184046', 'ANGGUN SUSILAWATI', 2),
('1201184047', 'VARYNA AYU RAHMALISA WIBOWO', 2),
('1201184048', 'VERONA MARSHA ALVINIA BANGUN', 2),
('1201184049', 'FIRZA KHALISHA RINJANY', 2),
('1201184051', 'ANDHINI AMALIA PUTRI', 2),
('1201184052', 'YOLLA SYAIDINA DEOZY', 2),
('1201184053', 'DYAH MUMPUNI INDAH PALUPI ASIH LESTARI', 2),
('1201184054', 'NAURA RIZKA CAMELIA', 2),
('1201184055', 'SITI HANA FAJARWATI', 2),
('1201184056', 'TARIZA FITRIA', 2),
('1201184057', 'AJENG YUNITA', 2),
('1201184058', 'RAHMI SALSABILA', 2),
('1201184059', 'ELVIRA PARINDING', 2),
('1201184061', 'IRFAN WISNU NADHIF PUTRA', 2),
('1201184062', 'ANNAS KHOIRUL MAJID', 2),
('1201184063', 'HAFIZH HARIAJI', 2),
('1201184064', 'ANWAR AZHAR', 2),
('1201184065', 'RAFIF MUJADID', 2),
('1201184066', 'ALYA NURUL MUTHIA', 2),
('1201184067', 'RAIHAN NURFITRI HASANAH', 2),
('1201184069', 'ADITIAS FAUZI AHMAD', 2),
('1201184070', 'ASIH AULIA PUTRI', 2),
('1201184071', 'NOVIA WALRAHMADANI', 2),
('1201184073', 'REZIALDY RAYHAN WIHARDIPUTRA SASMITA', 2),
('1201184074', 'MUHAMMAD ILHAM PRATAMA', 2),
('1201184075', 'VIKA OCTAVIANA PUTRI', 2),
('1201184076', 'WIWIT AGI YUNIAR', 2),
('1201184077', 'WINA NISRINA NALINI', 2),
('1201184078', 'SALSABILA HARUMI WICAKSONO', 2),
('1201184079', 'ARYA PUTRA PRATAMA', 2),
('1201184080', 'RAISA AFIFAH', 2),
('1201184081', 'TANTYA DEGA WAHYU MAHARANI', 2),
('1201184083', 'GHINA ATHA FEBRIANTI', 2),
('1201184084', 'AGNES PANJAITAN', 2),
('1201184085', 'NAUFAL ABIYYU ZAHRAN SUKMANA', 2),
('1201184086', 'NAUFAL HESANTRA HARIJADI', 2),
('1201184087', 'NABILLA MUTIA DEVI', 2),
('1201184089', 'MUSTIKA PERMATA CAHAYA', 2),
('1201184090', 'SITI SOLEHAH RAHMAH TUNISA', 2),
('1201184091', 'ANASTASYA MAHENDRA PUTRI', 2),
('1201184092', 'ARIF FADILAH RIZKI', 2),
('1201184093', 'LARAS ATI', 2),
('1201184094', 'MUHAMMAD EKO YURIANTO', 2),
('1201184095', 'MOH DAFFA AL AZMI', 2),
('1201184096', 'ASTRI MERLINA', 2),
('1201184099', 'RAHADY INDRA', 2),
('1201184100', 'NADIA LUCKY PRISTIKA', 2),
('1201184101', 'ADE MULYONO', 2),
('1201184102', 'DEO FATURRAHMAN', 2),
('1201184107', 'RAUSAN FIKR MAULANA HAJJ', 2),
('1201184109', 'MUHAMMAD AL FATIH', 2),
('1201184110', 'MOCH NAUFAL THORIQ MASRA', 2),
('1201184111', 'DESYA PUTRI', 2),
('1201184112', 'BARKAH AGUNG PANGESTU', 2),
('1201184114', 'YUDHA PERMANA', 2),
('1201184116', 'HABIB FANNANI AL FARIZI', 2),
('1201184117', 'TIMMY PERMANA PUTRA', 2),
('1201184118', 'MIKAIL ARMIYA', 2),
('1201184120', 'ARDHAN HARISH RAHADIAN', 2),
('1201184121', 'KADEK IVAN MAHENDRA DWIJANA', 2),
('1201184122', 'MUHAMMAD FIQRI APRILIAN ADRIANSYAH', 2),
('1201184123', 'I GUSTI PUTU AGUNG SUGIARTHA', 2),
('1201184124', 'ARDIANSAH', 2),
('1201184125', 'MUHAMMAD RIDHO', 2),
('1201184127', 'REDI AHMAD PUTRA NURANTO', 2),
('1201184128', 'RIDHO SEPTIADI HAKIM', 2),
('1201184131', 'RETINDA LIANDYA GITA', 2),
('1201184132', 'RAMADHAN FIRDAUS', 2),
('1201184135', 'ARIA ZEIN SYAMSI ASTANTO', 2),
('1201184138', 'GANIS WORO AYUNINGTYAS', 2),
('1201184139', 'NAUFAL HABIBILLAH', 2),
('1201184140', 'DEYANA PRASTIKA PUTRI', 2),
('1201184143', 'FARIDA HANUM', 2),
('1201184145', 'DIAN KUSUMA DAMAYANTI', 2),
('1201184147', 'PAUL AZARYA', 2),
('1201184152', 'RIZKY FERDENAL PUTRA', 2),
('1201184153', 'GRADY DHIYAA SUYUD', 2),
('1201184154', 'M TAUFIQ ISMAIL', 2),
('1201184155', 'FARIZ INDRA ALHAKIM SIREGAR', 2),
('1201184156', 'M PRIMA ZE', 2),
('1201184157', 'FADILLA ZARA LARASHATI', 2),
('1201184158', 'NADIA PUTRI FEBRIANTI', 2),
('1201184159', 'ADELIA SEKAR APSARI', 2),
('1201184160', 'MUHAMAD HIRAM INDARYANI PUTRO', 2),
('1201184164', 'IRSYAD THALIB ABDILLAH', 2),
('1201184165', 'AMANI AULIA HUSNA', 2),
('1201184166', 'R. YUAN ABDIEL GAMA BANDORO', 2),
('1201184167', 'MUHAMMAD AGRIDZADHANA', 2),
('1201184168', 'RINO DWI HARDIAWAN', 2),
('1201184169', 'FAJAR SATRIO PAMUNGKAS', 2),
('1201184173', 'MUHAMMAD AGRITYO PRIMAPRAKOSO', 2),
('1201184175', 'MUHAMMAD YUSUF FAUZI', 2),
('1201184177', 'ARNANDA EKA SYAHPUTRA', 2),
('1201184178', 'MUHAMMAD KHALID ASY-SYAFII', 2),
('1201184181', 'RIFQI HADYAN', 2),
('1201184182', 'ARYA RIZQULLAH AZHARI', 2),
('1201184183', 'MUHAMMMAD IHSAN FANSURYA', 2),
('1201184184', 'HANNY SETYANINGRUM', 2),
('1201184186', 'CALISTA DWI LESTARI', 2),
('1201184187', 'ISNA JIHAN NAVI`A', 2),
('1201184188', 'TAMIMI TIZANI PUTRI', 2),
('1201184189', 'MELINDA SALEHA', 2),
('1201184190', 'ANDIKA YUDHISTIRA RAMADHAN', 2),
('1201184191', 'FIKRI MUHAMAD FAUZI', 2),
('1201184192', 'FADILA RAHMASARI', 2),
('1201184193', 'MIA AMELIA', 2),
('1201184194', 'HANIFAH PRILIA SEPNITA SUROSMAN', 2),
('1201184195', 'FAUZIA LATIFA AINAYA', 2),
('1201184196', 'ANGGUN NUR HIDAYAH', 2),
('1201184198', 'NABIILAH RAHMAH DITA', 2),
('1201184200', 'FASYA FATIMMA AZZHRA', 2),
('1201184202', 'FATUROCHMAN NIRWANA', 2),
('1201184203', 'ALDITAMA CHANDIKA', 2),
('1201184204', 'MUHAMMAD RIFKI OKTAVIANDI', 2),
('1201184208', 'MUHAMMAD IQBAL RAMDHANI', 2),
('1201184209', 'LUCKY MUHAMMAD TRIYUDANTO', 2),
('1201184211', 'FERDI SETYONO', 2),
('1201184212', 'MUHAMMAD ALIFAR ADVANNI', 2),
('1201184214', 'KRESNA NURFAJRI SETYA PUTRA', 2),
('1201184215', 'DHEA NUR SHAFIRA', 2),
('1201184216', 'JEEHAN HAFIZHA HERFI', 2),
('1201184218', 'INAYA IZZATI', 2),
('1201184220', 'MUHAMMAD HASYIM ASY`ARI NUR MAFUDI', 2),
('1201184221', 'EMELIAWATY', 2),
('1201184222', 'MUHAMMAD FIRDHO', 2),
('1201184223', 'FADHEL BAIHAQI', 2),
('1201184224', 'FARAH DELFA NURHANIFAH', 2),
('1201184227', 'ADICK MADE SURYA KENCANA SUWETA', 2),
('1201184228', 'SABIL ASYRAF ARIBOWO', 2),
('1201184229', 'KEVIN REVIALDY HANDOKO', 2),
('1201184230', 'WIRA ANDANI GALIH SETIAWAN', 2),
('1201184231', 'GUSTI NGURAH AGUNG KRISNA WICAKSANA', 2),
('1201184232', 'JUDITH DWILENDA', 2),
('1201184234', 'MUHAMMAD ARIQ DARMAWAN', 2),
('1201184237', 'FANDI ACHMAD', 2),
('1201184239', 'MUHAMMAD FARHAN MAULANA', 2),
('1201184241', 'TAUFIK RAHMAN NURUDDIN', 2),
('1201184244', 'MUHAMMAD RAYHAN', 2),
('1201184247', 'RADEN DIEVA QINTHARA', 2),
('1201184250', 'DWI CAHYANINGRUM', 2),
('1201184251', 'FATHIYA SAFIRA ARIANI', 2),
('1201184252', 'MUHAMMAD ILHAM FIRDAUS', 2),
('1201184254', 'MIRANDA CAHAYA REMBULAN BR SIHALOHO', 2),
('1201184255', 'NIKEN ARENSI', 2),
('1201184256', 'ARTAMEVIA SALSABILA RIZALDI', 2),
('1201184257', 'AFRA RANIYA YASSER', 2),
('1201184258', 'ADELA MEGA AGLINA', 2),
('1201184259', 'FADHIA NADHIRA PUTRI YULIANTO', 2),
('1201184260', 'HANIF FAIRUZ ISMAN', 2),
('1201184261', 'ABIYAN FAQIH', 2),
('1201184262', 'MUHAMMAD DIMAS FIRDAUS', 2),
('1201184263', 'FADHILAH MUHAMMAD HANIF', 2),
('1201184264', 'KHALID ABDULRAHMAN SAID', 2),
('1201184265', 'KHOIRUL RIZAL', 2),
('1201184266', 'YUSFI ACHMAD PRADANA', 2),
('1201184267', 'DES PRARAMA BETHA ROMAN', 2),
('1201184269', 'RAKAN FURQAN ADI PUTRA', 2),
('1201184271', 'DIMAS BAGUS SATRIO', 2),
('1201184272', 'ANDIKA SENO AJI', 2),
('1201184275', 'TANIA ISSABEL', 2),
('1201184276', 'FIET DIANA HANDAYANI', 2),
('1201184277', 'MUGI LESTARI', 2),
('1201184279', 'MUHAMMAD IHSAN HUSNI', 2),
('1201184280', 'ARIANNE DEAPATI INTIFADHAH', 2),
('1201184282', 'NAUFAL IRFANTO', 2),
('1201184283', 'REYNALDI RAMDHANI', 2),
('1201184284', 'HALIM ORNEST ASRIANDY PUTRA', 2),
('1201184286', 'GERIO ADITAMA PURWANTO', 2),
('1201184287', 'FADHLANI NURSANDI AKBAR', 2),
('1201184288', 'HERLAMBANG PRASETYO NUGROHO', 2),
('1201184289', 'HENDRAWAN ADI WIJAYANTO', 2),
('1201184290', 'RIZA ALDI SATRIA', 2),
('1201184293', 'ANANDA JULIAN NUGRAHA', 2),
('1201184294', 'RAHAYU ZAHWA PRATIWI', 2),
('1201184295', 'HANA QATRUNNADA', 2),
('1201184296', 'ANNISA HAQ', 2),
('1201184297', 'PUPUT AUDITYA FITRA', 2),
('1201184300', 'AZZAHRA PUTRI NURWAHYUDIN', 2),
('1201184301', 'ANINDA SATYA PRATIWI', 2),
('1201184303', 'REZA OCTAPRASETYA PERMADI', 2),
('1201184304', 'MUHAMAD IQBAL SYARIF', 2),
('1201184306', 'ANNISYA SYAPUTRI', 2),
('1201184312', 'MUHAMMAD DZAKI ALFANDI', 2),
('1201184316', 'GHEA MONIQUE UMAR JHITIA', 2),
('1201184317', 'INKA MAYANG FAHIRA', 2),
('1201184320', 'YUSUF SYARIF IQBAL', 2),
('1201184322', 'GHINA FADIYAH', 2),
('1201184324', 'MOCHAMMAD SINATRIYYA SURYANEGARA', 2),
('1201184325', 'NI PUTU PUTRI PRAMESTI', 2),
('1201184326', 'ARIF RAHMAN', 2),
('1201184327', 'GEVARA HAYKAL HEKMATYAR', 2),
('1201184328', 'REZA YURAMTO', 2),
('1201184329', 'SATYA ELANG YOGANTARA', 2),
('1201184330', 'MUHAMMAD RAFIF ADIGUNA', 2),
('1201184331', 'M. NAUFAL ANDINA PUTRA', 2),
('1201184338', 'LAVEANE HARIYANTO', 2),
('1201184342', 'MUHAMMAD HAFIZH NAUFAL FADHILAH', 2),
('1201184343', 'MUHAMMAD LUTHFI RAMADHAN', 2),
('1201184353', 'DENISSYA MAHARANI ADRIAN', 2),
('1201184354', 'MUHAMMAD ZALMAN ALFARIZY', 2),
('1201184359', 'RAKA ADITYA PRAYOGA', 2),
('1201184360', 'DZAKI REYNALDI', 2),
('1201184363', 'FARHAN ANWAR', 2),
('1201184364', 'ACHMAD AFFANDHY', 2),
('1201184365', 'NARA BAGAS TAMA', 2),
('1201184366', 'SYIFA MAARIF AL AZHAR', 2),
('1201184367', 'IRDAH BUJA PUTRA', 2),
('1201184368', 'MUHAMMAD ILYAS HERMAN', 2),
('1201184369', 'MUHAMMAD FAUZAN BADRUZZAMAN', 2),
('1201184371', 'I MADE AGUNG SAGITA ASTIWIGUNA', 2),
('1201184373', 'MOCHAMAD ERLAN ERLANGGA', 2),
('1201184374', 'INSAN ADITYO PAMBUDI', 2),
('1201184379', 'SHOLAHUDIN UMAR', 2),
('1201184380', 'BONATUA HIZKIA PUTRA MANALU', 2),
('1201184381', 'ALMER AHMAD DEVISON', 2),
('1201184383', 'FARIZ FATUROCHMAN', 2),
('1201184387', 'M AMIN MURTADHA S', 2),
('1201184396', 'ZERLIN ANGGRENI KEMBAREN', 2),
('1201184398', 'DANA AZIZAH RAHMAT', 2),
('1201184399', 'LUTHFIA SALMA GUMBIRA', 2),
('1201184401', 'LABIBAH ISNAINI CHOERONISSA', 2),
('1201184402', 'ADITA NAILATUL FADHILA', 2),
('1201184408', 'NADYA ALMIRA AMROH', 2),
('1201184409', 'DEA RIKA PUTRI PURBA', 2),
('1201184411', 'AGHNIYA RAHMADITA DAHTIAR', 2),
('1201184413', 'MUHAMMAD THARIQ ARRAZZAQ', 2),
('1201184416', 'ANISA PUTRI KURNIAWATI', 2),
('1201184417', 'RATIH SEKAR ARUM', 2),
('1201184421', 'AGAM FARREL FADHLURRAHMAN', 2),
('1201184423', 'ARVIA NISRINA EFENDI', 2),
('1201184424', 'ALVINIA SHAFIRA', 2),
('1201184426', 'THIFALYA NASYAHIRA', 2),
('1201184428', 'MUHAMAD DAFFA AMANULLAH', 2),
('1201184429', 'REZA PRATAMA', 2),
('1201184430', 'LATHIFAH NURULAINI SYAHPUTRI', 2),
('1201184432', 'ASSYIFA SHAFIRA RAMADHINI', 2),
('1201184433', 'FAKHRUL BURHAN MU`MIN', 2),
('1201184434', 'MUHAMMAD HAFIZH PUTRA ADHY PRATAMA', 2),
('1201184435', 'MARSA AL-MUSYAFFA', 2),
('1201184436', 'LUTHFI FAQIHUDDIN MULYANA', 2),
('1201184437', 'RADEN JOHAN FAHAL', 2),
('1201184440', 'GIORGY SATRIA MERDHIKA', 2),
('1201184442', 'ZAHRANISA NURAMALIA USWATUN HASANAH', 2),
('1201184446', 'DHIYO ARDHYAN HERFIRSTA', 2),
('1201184447', 'ALRIQ RAHMANSYAH FERI', 2),
('1201184471', 'NADYA AMALIA FITRI', 2),
('1201184477', 'YOHANA DEACHRIST', 2),
('1201184478', 'MUHAMMAD ARKAN WASKITA', 2),
('1202140033', 'GUSTI ANANDA RESPATI', 2),
('1202140034', 'NIKEN GALUH RAMADHANI', 2),
('1202140075', 'DIMAS ARIADI WIDODO', 2),
('1202140092', 'MUHAMMAD NAUFAL BUTAR BUTAR', 2),
('1202140144', 'AHMAD FAIZ AL FIKR', 2),
('1202140175', 'NOVEGHA YUSTIRA', 2),
('1202140184', 'BOYINGTON RONY OFSTAR PANJAITAN', 2),
('1202140189', 'FINKA AMALIA', 2),
('1202140198', 'FAJRI NUGRAHA', 2),
('1202140205', 'YASYFI ZEYD', 2),
('1202140224', 'BASKORO FADHLUR RAHMAN WISTJASONGKO', 2),
('1202140231', 'RAJA DWIKA GUSRI', 2),
('1202140235', 'M. ANGGIR AKHDAN F. HARAHAP', 2),
('1202140256', 'LARAS WIDIASTUTI', 2),
('1202140278', 'IDA MAHMUDAH', 2),
('1202141070', 'MUHAMMAD REZA IMADUDDIN', 2),
('1202142016', 'TRI YOGI LEDANI OCTOBILLY', 2),
('1202142262', 'TITA HARKIANTI AJNAZ', 2),
('1202144013', 'PRAYOGA SEPGRAENA', 2),
('1202144017', 'IGNASIUS BERNEO DWITAMA', 2),
('1202144021', 'M. FADHLAN AL HIRZI', 2),
('1202144026', 'BAHTERA ANUGRAH', 2),
('1202144028', 'FARAH FATIMAH', 2),
('1202144029', 'DIBYO SUVENDRI', 2),
('1202144046', 'RINI NUR\'AINI', 2),
('1202144051', 'REZA RIZKI RAMADHAN', 2),
('1202144052', 'FANI PUTRI UTAMI', 2),
('1202144058', 'INDRA PRAMANA MAAJID', 2),
('1202144072', 'DANU RIDWANTO', 2),
('1202144078', 'RD. LUGINA LUDIRAPRAWIRA UTAMA', 2),
('1202144084', 'HERZA PARAMAYUDHANTO', 2),
('1202144087', 'APRIDHO DARANI', 2),
('1202144104', 'RAMADHAN HADIATMA', 2),
('1202144112', 'AFAN TAUFIQURROHMAN SHOLEH', 2),
('1202144114', 'ALFIAN MULYA RACHMANDANY', 2),
('1202144117', 'MOHAMAD RIZKY ADI BINTORO', 2),
('1202144119', 'M ZAKY BANGKIT AL WAHID', 2),
('1202144120', 'DYNASTY TANSA PANAMA', 2),
('1202144152', 'MUHAMMAD FARHAN', 2),
('1202144167', 'LUTHFIANINGRUM KHRISTANTI MAHARDHIKA', 2),
('1202144187', 'MUHAMMAD RIDWAN TAWAKAL', 2),
('1202144188', 'NABILLAH PUSPITA RAHMAH', 2),
('1202144191', 'IBNU TEGUH GHIFARY', 2),
('1202144193', 'RANDI EKA SETIAWAN', 2),
('1202144195', 'SHEHBY RAHMA AFIFAH', 2),
('1202144203', 'KHOIRUN NISA', 2),
('1202144208', 'ALTHEA ARIANI PUTRI', 2),
('1202144209', 'GAGAH MERUDANDA', 2),
('1202144212', 'ABDUL RAZAQ FATHONY', 2),
('1202144217', 'DIMAS FAUZI MOCHAMMAD ZEAN', 2),
('1202144220', 'MUHAMAD IHSAN SUSANTO', 2),
('1202144226', 'ADITYA MAULANA', 2),
('1202144252', 'LINGGA PRIYADI', 2),
('1202150001', 'SYABATRA HASAID', 2),
('1202150002', 'RONALD LOIS SEPTIAN SIANTURI', 2),
('1202150004', 'MOH.AKBAR ANSHORY', 2),
('1202150005', 'ENGGAR PUTRA ARIYAN', 2),
('1202150006', 'PRIMA ADITYA SADOSO', 2),
('1202150007', 'DAMAR AURIGA DANISWARA', 2),
('1202150009', 'PANDU ARY WIJAYA', 2),
('1202150010', 'FERDINAN GINTING MANIK', 2),
('1202150011', 'SATRIA REFDI ARDIGUNA', 2),
('1202150012', 'MUHAMMAD SUBHAN AL AZMI', 2),
('1202150013', 'I GUSTI PUTU YOGA ADHI KARISMA', 2),
('1202150014', 'HARRY ANDRIAN', 2),
('1202150015', 'RESTU KUATNO', 2),
('1202150016', 'BERLIANTO PARLINGGOMAN SARAGIH', 2),
('1202150017', 'TAUFAN FADHILAH ISKANDAR', 2),
('1202150018', 'FIRZA VENANDA', 2),
('1202150019', 'RIFQI MAHFUZH', 2),
('1202150020', 'MUHAMMAD IRFAN LUTHFI', 2),
('1202150022', 'FANHARIL ARDIAN', 2),
('1202150023', 'ASRI NOVIANTO', 2),
('1202150024', 'ROBBY DWI HARTANTO', 2),
('1202150025', 'I GUSTI PUTU TRESNANATA', 2),
('1202150026', 'AKBAR ANGGIT PAMBUDI', 2),
('1202150029', 'HIKAM HAIKAL RADYA HANS ANANZA', 2),
('1202150030', 'HAFIZ AFANDI', 2),
('1202150031', 'EGA FIRMANSYAH HARAHAP', 2),
('1202150032', 'AJI NUR LAKSONO', 2),
('1202150033', 'FARREL RAMADHIKA PUTRA', 2),
('1202150034', 'ANTHONIUS ONGKO WIJOYO', 2),
('1202150035', 'FADEL FACHREZI', 2),
('1202150036', 'YOEL FEBRYAN TAMPUBOLON', 2),
('1202150037', 'AULIA RAVI', 2),
('1202150038', 'WILDAN ADITYA PERMADI', 2),
('1202150041', 'AHMAD FAKHRI RIZALDI', 2),
('1202150042', 'ANGGI PRIATNA', 2),
('1202150043', 'RAI ADI KRISNA', 2),
('1202150044', 'ELROY YEHEZKIEL S', 2),
('1202150046', 'HERDIAWAN NUR EFFENDY', 2),
('1202150049', 'MUHAMMAD ILHAM', 2),
('1202150052', 'BREGAS ARIA WICAKSANA', 2),
('1202150054', 'I MADE DWIMA GITA DIRTANA', 2),
('1202150055', 'FAIZ MUHAMMAD HERMAWAN', 2),
('1202150057', 'JAFAR HARITSAH', 2),
('1202150058', 'MUHAMAD NUR ICHSAN', 2),
('1202150059', 'MOHAMAD AFIFUDIN', 2),
('1202150060', 'HAGANTA BREMA BANGUN', 2),
('1202150061', 'I MADE DWI MARTHAYANA', 2),
('1202150062', 'SYAH ADJI MUHAMAD YUSRON', 2),
('1202150063', 'AULIA HERYANOV', 2),
('1202150064', 'M. RASYID RIDHO TOBING', 2),
('1202150065', 'RAHMANDA AFRIALDI', 2),
('1202150066', 'SAYYID PRATAMA SHIDDIQ', 2),
('1202150067', 'SARDHIKA JANAR PRASETYO', 2),
('1202150068', 'GINANJAR WIDYA PAMUNGKAS', 2),
('1202150069', 'MIFTAH ACHMAD AFWAN', 2),
('1202150070', 'IRHAM FAKHRI', 2),
('1202150071', 'ACHMAD TAUFIK RIZKI', 2),
('1202150072', 'AULIA RAMADHAN', 2),
('1202150073', 'LUTHFI RAUDHA SURI', 2),
('1202150074', 'FAIZAL SUDRAJAT', 2),
('1202150075', 'AMRI HANIF', 2),
('1202150076', 'GALUH WISNU PAMBAYUN', 2),
('1202150077', 'ARYA WIRASANDI', 2),
('1202150079', 'FILHAN DENNIS', 2),
('1202150080', 'MUHAMMAD KEVIN DEFIANTO', 2),
('1202150081', 'DESFARI ADITIAN ARIF', 2),
('1202150082', 'APRIANIL SESTI RANGGA', 2),
('1202150083', 'FADHLURRAHMAN AFIF', 2),
('1202150084', 'MUHAMAD IKHSAN LAISA', 2),
('1202150085', 'FAJAR BAGASKARA DWISATRIO', 2),
('1202150086', 'FIKRI ALFITRA RAHADI', 2),
('1202150087', 'MUHAMMAD ARI RAMDHANY', 2),
('1202150088', 'RIFYANDARU WIBISONO', 2),
('1202150089', 'REGIN RIDHOPUTERA', 2),
('1202150091', 'JIMLY ASSHIDDIQY', 2),
('1202150092', 'IRFAN HAMDANI', 2),
('1202150093', 'ARDI TRI YUNANSYAH', 2),
('1202150094', 'MUHAMMAD FARHAN DANY', 2),
('1202150095', 'FARHAN FAIZ AKBAR', 2),
('1202150096', 'SATRIO HANDITYO', 2),
('1202150097', 'YUDANTO ANAS NUGROHO', 2),
('1202150098', 'FARHAN PUTRA RIANTONO', 2),
('1202150099', 'MOHAMMAD ZAKKY FAUZAN', 2),
('1202150100', 'EPIFANIO JUANG VICTORIUS', 2),
('1202150101', 'HISYAM AILATAT', 2),
('1202150103', 'ADHITYA', 2),
('1202150104', 'ALDI ROSTIAWAN', 2),
('1202150107', 'GHUNIYU FATTAH ROZAQ', 2),
('1202150108', 'JIMMY', 2),
('1202150109', 'RENNO RIFALDO PALAPESSY', 2),
('1202150110', 'WILDAN FAUDZAN MAULANA HARYONO', 2),
('1202150111', 'AHMAD BAHRI AL-ANWAR', 2),
('1202150112', 'ANANDIKA NUR IMAN', 2),
('1202150236', 'NI MADE PRADNYA DIANITA WIDYANTARI', 2),
('1202150237', 'GITA DESTRIANTI', 2),
('1202150238', 'PAULIN YOHANESTA FERNANDA TUKAN', 2),
('1202150239', 'NADYA YULI PRATAMA', 2),
('1202150240', 'BERLIANA FEBRIANTI PUTRI HERMAWAN', 2),
('1202150242', 'NUR FITRIYANI', 2),
('1202150243', 'VENY AMILIA FITRI', 2),
('1202150244', 'RATIH AULIA NINDYASTITI', 2),
('1202150245', 'ADILA CHUSNUL FATIYAH', 2),
('1202150246', 'ZAHRA MAIDA FATHI', 2),
('1202150247', 'VENESSA VISINTRY', 2),
('1202150248', 'AMALIA INTAN SAFURA', 2),
('1202150249', 'SYARAH NUR LATIFAH', 2),
('1202150250', 'HANA NUR FAUZIAH', 2),
('1202150251', 'IRA SYAFIRAH FAUZIAH', 2),
('1202150252', 'ATHAYA PUTRI SLAVIA', 2),
('1202150253', 'NABILA AMALIA KHAIRANI', 2),
('1202150254', 'DHEA KHAIRANI ZAHRA', 2),
('1202150255', 'RARAS YUSVININDYA', 2),
('1202150256', 'NYOMAN DIAH KUMARA DEWI', 2),
('1202150257', 'ARETHA FATHARANI', 2),
('1202150258', 'DWI RATNA SARI', 2),
('1202150259', 'TIARA SABRINA', 2),
('1202150260', 'DAHLIA RAITANA', 2),
('1202150261', 'ANGELA MALAU', 2),
('1202150263', 'MARISA ARIESTI', 2),
('1202150264', 'FITRIANI', 2),
('1202150265', 'DEWI ZSAQIA', 2),
('1202150266', 'SUCI WULANDA AGUSTI', 2),
('1202150267', 'DINA NOVALIA PUSPITA', 2),
('1202150268', 'SRI WULANDARI', 2),
('1202150270', 'ANNISA RIFQI MU`AFAH', 2),
('1202150271', 'RAHMANIA ARINA ALKHA SAPUTRI', 2),
('1202150272', 'GABRIELLA APRILIANA', 2),
('1202150273', 'LOLLY ASRI WIDYASTRI', 2),
('1202150274', 'FIRDA NURUL A', 2),
('1202150275', 'TSARA SYAFIERA', 2),
('1202150276', 'APRILIANTI PUTRI', 2),
('1202150277', 'KARINA FEBRIYANA', 2),
('1202150278', 'EDITHA DEWI PURNAMA SARI', 2),
('1202150279', 'SHAHNIZ KAULIKA FIRDAUS', 2),
('1202150280', 'IDA AYU GEDE ANILA SUKMA MURTI', 2),
('1202150282', 'KHALIDA ZIA AMRINA', 2),
('1202150283', 'REGINA YUSTICIA FIRDAUS', 2),
('1202150284', 'FINA SRI PUTRI', 2),
('1202150285', 'KHAIREN NIZA MEFID', 2),
('1202150286', 'RINDU YUNA PUTRI', 2),
('1202150287', 'MIA DWI AULIA', 2),
('1202150288', 'ANNISA AYU WAHDINI FATIMAH', 2),
('1202150289', 'INA INDAH HAPSARI', 2),
('1202150366', 'MUHAMMAD NAUFAL CAHYO BASKORO', 2),
('1202150372', 'FADHLI AULIA SYALFINAF', 2),
('1202150373', 'SRI RAHAYU', 2),
('1202150379', 'RIZKI ANANDA', 2),
('1202151228', 'WIRADHIKA DWI PUTRA', 2),
('1202151230', 'HARRI MARGONO', 2),
('1202151231', 'BAGAS SAADILAH', 2),
('1202151232', 'AFRIZAL RIZKY PUTRA PAMUNGKAS', 2),
('1202151233', 'RANGGA AYESHA', 2),
('1202151234', 'HALIM AFIF HUSFI', 2),
('1202151364', 'SITI AULIA NOOR', 2),
('1202151365', 'SITI RAFTIANA PUTRI', 2),
('1202152157', 'EKKY RIZKI PRATAMA', 2),
('1202152158', 'ARFIA ARI PRABOWO', 2),
('1202152159', 'FARHAN RIZKY FIRDAUS', 2),
('1202152160', 'MUHAMMAD FERDI KURNIAWAN', 2),
('1202152161', 'FAUZAN EKAPUTRA', 2),
('1202152162', 'MUHAMMAD RINADHI PUTRA', 2),
('1202152163', 'TEUKU MUHAMMAD RAZA IQBAL', 2),
('1202152164', 'INDRA AJIPUTRA', 2),
('1202152165', 'RIZALDI SUJUD HAQIKI', 2),
('1202152166', 'DIMAS DWI CAHYA', 2),
('1202152167', 'THORIQ AHMAD EPLIN', 2),
('1202152168', 'MUHAMMAD DENNES FERDYANSYAH PRAWIRANEGARA', 2),
('1202152169', 'MUHAMAD ABDURRAHMAN RIFAI', 2),
('1202152171', 'CATUR SENA NUGRAHA', 2),
('1202152172', 'YOGA ADITAMA DIPAWIKARTA', 2),
('1202152173', 'HANS GRACIA ANDERSON SIHOMBING', 2),
('1202152174', 'MUHAMAD ILHAM FAUZI', 2),
('1202152175', 'HIMAWAN ALIM', 2),
('1202152176', 'RIFQY IRSYAD PUTRA', 2),
('1202152178', 'AHMAD TAUFIQ HIDAYAT', 2),
('1202152179', 'AGUNG BUDI PRASETYO', 2),
('1202152180', 'ARARIKO REZEKI PASA', 2),
('1202152181', 'NICO ALMANSYA ELLSADAAI', 2),
('1202152322', 'FARAH URFANI NUGRAHA', 2),
('1202152323', 'BINAR BINARI AHYA', 2),
('1202152324', 'LEVIE SYAFIRALIANY', 2),
('1202152325', 'HELEN OKTAVIA SIAHAAN', 2),
('1202152326', 'RADEN CYNTHYA JANNATUNNISA JULYANTI', 2),
('1202152327', 'SYANAZ TASIA', 2),
('1202152328', 'OCTA KARLINA', 2),
('1202152329', 'IVANA TYORA OKTAVIAN', 2),
('1202152330', 'LABBAIKA PUTRI TIOVANI', 2),
('1202152331', 'LARAS AYU SAFITRI', 2),
('1202152332', 'ALIKA WULANSARI', 2),
('1202152333', 'WIDI SETIA CAHYANI', 2),
('1202152334', 'ANNISA ANINDITYA', 2),
('1202152335', 'ELVIERA MAHAYATI HARIS', 2),
('1202153367', 'DICKY ADITAMA', 2),
('1202153368', 'TOMMY SYAMRANATA', 2),
('1202153371', 'AZKYA TELISHA HARTONO', 2),
('1202153381', 'DELIA FARIZKI PUTRI', 2),
('1202154116', 'PRIMA POSMA RYAN', 2),
('1202154117', 'AUFA TESAR RAMADHAN', 2),
('1202154118', 'MOCHAMAD RISKI', 2),
('1202154119', 'YOSAFAT DHIMAS KURNIA ADI', 2),
('1202154120', 'JULIAN DWI NUGRAHA', 2),
('1202154121', 'SANNY PUTRA HENDARSYAH', 2),
('1202154122', 'ALDY LORENZO SUTAN', 2),
('1202154123', 'FIQIH MUHAMMAD HAEKAL ROSYADI', 2),
('1202154124', 'MUHAMMAD TSANY MALIK ATHA NUR', 2),
('1202154125', 'MOCHAMMAD QOYUM AL KAHFI', 2),
('1202154126', 'ALIF NOORACHMAD MUTTAQIN', 2),
('1202154127', 'BAYU ARIANTIKA IRSAN', 2),
('1202154129', 'MOHAMMAD REZA EFFENDY', 2),
('1202154130', 'MOCHAMMAD RIZA NAUFAL', 2),
('1202154131', 'IQBAL ADITYA SALAM', 2),
('1202154132', 'PRADIKA ADHEA GEVANI LAKSANA', 2),
('1202154133', 'M. YUZAR HASPANI', 2),
('1202154134', 'ADI PURNOMO SIDIK', 2),
('1202154135', 'MUHAMMAD YUEDHITIA', 2),
('1202154136', 'ZULFIKAR ANSHARI OKTAFINAWAN', 2),
('1202154138', 'MOHAMAD IKHSAN ZULFADLY', 2),
('1202154139', 'ADITYA EKA SAPUTRA', 2),
('1202154140', 'FIKRI ADITYA MOESTAFA', 2),
('1202154141', 'NAUFAL ABIDIN', 2),
('1202154142', 'PRADIPTA RAMADHAN', 2),
('1202154143', 'CHANDRATYA NAFIANTO', 2),
('1202154144', 'HELMI KHAIRULLAH SETIANA', 2),
('1202154145', 'ANANTYA KHRISNA SETA', 2),
('1202154146', 'ARKAN TARA MUHAMMAD', 2),
('1202154147', 'MUHAMAD AFIF ABDURRAHIM', 2),
('1202154148', 'KHAERUL UMAM', 2),
('1202154149', 'MUHAMMAD FARIZ NAUFAL', 2),
('1202154150', 'AJI RAHMAT MUHAJIR', 2),
('1202154151', 'PRIMADI ANINDITO', 2),
('1202154152', 'LEONARDO', 2),
('1202154153', 'SAHRUL EVENDI', 2),
('1202154154', 'FAHMI ANANDA PRADANA', 2),
('1202154155', 'ABEL JUNANDO', 2),
('1202154156', 'NURCAHYADI PERDANA', 2),
('1202154182', 'MIFTAH FAJAR ASY`ARI', 2),
('1202154183', 'ZAILANI SINABARIBA', 2),
('1202154184', 'ACHMAD IRJIK UBAY', 2),
('1202154185', 'RIZKY ALAMSYAH', 2),
('1202154186', 'VIAN RASYID DIYATMA', 2),
('1202154188', 'RYAN FAIZAL ANDRIYANTO', 2),
('1202154189', 'BRIAN ARGYA RESPATI', 2),
('1202154191', 'RANDY HIDAYAT', 2),
('1202154192', 'ADIB FAKHRI MUHTADI', 2),
('1202154193', 'ILHAM AKBAR FITRIANSAH', 2),
('1202154194', 'SANDY SETIAWAN', 2),
('1202154195', 'MUHAMMAD IKHSAN', 2),
('1202154196', 'M.ZAHID SYAFNEL', 2),
('1202154197', 'HARIS YUNANTO', 2),
('1202154198', 'AGITA OKTAVIAN BANGUN', 2),
('1202154199', 'JAYSYURAHMAN', 2),
('1202154200', 'M.ALFIAN AZHARI', 2),
('1202154201', 'MUHAMMAD YUSUF M', 2),
('1202154203', 'YUDHA BHAKTI ISLAMI', 2),
('1202154204', 'M GILANG BAGASKARA', 2),
('1202154205', 'MUHAMMAD ARIF WICAKSONO', 2),
('1202154208', 'ACHMAD FARHAN F', 2),
('1202154209', 'MUHAMMAD BREDA TAFTAYANI', 2),
('1202154210', 'DIMAS KOMARA RAMADHANI RIYANTO', 2),
('1202154211', 'PANGESTU TITAN MAHAYASA', 2),
('1202154212', 'MUHAMMAD RIDWAN AAM', 2),
('1202154213', 'HAKIM RIZKI PRATAMA', 2),
('1202154214', 'CHAIRIANDI PUTRA YUDA', 2),
('1202154215', 'KAHFI AHADIAN MUTAQIN', 2),
('1202154216', 'MAULANA HABIBIE', 2),
('1202154217', 'AFIF RAMADHAN', 2),
('1202154218', 'POLTAK HASUDUNGAN PURBA', 2),
('1202154219', 'ACHMAD MUHAIMIN AZIZ', 2),
('1202154220', 'REZKY AULIA EFENDY', 2),
('1202154221', 'PRADIPTA PRIYA ADYATMIKA', 2),
('1202154222', 'MUH. RIDWAN', 2),
('1202154223', 'WASKITO', 2),
('1202154224', 'MUHAMMAD SATRIA WIBAWA', 2),
('1202154225', 'RIZKI NUZULI', 2),
('1202154227', 'RANGGA ARDIANSYAH', 2),
('1202154290', 'AYU SARASWATI OKTAVIANI', 2),
('1202154291', 'DEVITA AYU WULANDARI', 2),
('1202154292', 'EXA PARMITA PUTRI', 2),
('1202154293', 'PUTRI PUSPITA PURWIRANDA', 2),
('1202154294', 'MUGIDYA MAFARIENTH ILMI', 2),
('1202154295', 'NOVI RIYANTI PUSPASARI', 2),
('1202154296', 'NADIA ARDHIANIE', 2),
('1202154297', 'NIKEN FEBRIANI KUSUMAWATI', 2),
('1202154298', 'RANTI DWITA PUTRI', 2),
('1202154299', 'ISTY RACHMI WARDHANI', 2),
('1202154300', 'RIZKY CHERTHIO ANNISYAH', 2),
('1202154301', 'AMALIA YOVADIANI', 2),
('1202154302', 'PRESI NILLA ALFRISTA', 2),
('1202154303', 'AYU PRIYAMBODO', 2),
('1202154304', 'DEVALIA MESHA', 2),
('1202154305', 'RIZKA NURSYAHDILLA PUSPITASARI', 2),
('1202154306', 'EGA SILVANA ALMUNADIA', 2),
('1202154307', 'TASYA FAUZIA', 2),
('1202154308', 'ERNADILA SUKMADINATA', 2),
('1202154309', 'DZATIN HIMMATI ALIYA', 2),
('1202154310', 'GHINA TRESNA SORAYA', 2),
('1202154311', 'SHINTHYA YODA PUTRI', 2),
('1202154312', 'KHALISA VIRRA', 2),
('1202154313', 'GUSTARINA NURFADILAH', 2),
('1202154314', 'PRATIWI IKA KARTIKANINGRUM', 2),
('1202154315', 'SAFIRA AINI', 2),
('1202154316', 'DAYANE KAMILA HAFIFAH', 2),
('1202154317', 'MUTIARA RIZKA NASUTION', 2),
('1202154318', 'DINAR AMANI LAKISTA RITONGA', 2),
('1202154320', 'ONE TIKA SURYATI', 2),
('1202154321', 'TRI HANDAYANI', 2),
('1202154337', 'ANAWAHIDAH RIZKY MANURUNG', 2),
('1202154338', 'HIR NANDA PUTRI', 2),
('1202154339', 'RIZKI ANIK TIA SUKOCO', 2),
('1202154340', 'T.MAISHA SHAHRANI', 2),
('1202154341', 'RAHMADINA ARIFAZHARI', 2),
('1202154342', 'ALIF MIFTAHUL JANNAH', 2),
('1202154343', 'LEIDY KURNIA HATIKA', 2),
('1202154345', 'SILVIA FIRDAUS', 2),
('1202154346', 'HYLDA RIZQA AUGINA', 2),
('1202154347', 'IRMAYANTI SYAM', 2),
('1202154348', 'DHUWI AMBAR WATI', 2),
('1202154349', 'LINDA NUR ANISA AMALIA', 2),
('1202154350', 'KHANIA PUTRI KUSUMA DEWI', 2),
('1202154351', 'INTAN GANTIRA MIRA', 2),
('1202154352', 'RAESA TANYA MAQFIRAH', 2),
('1202154353', 'ASTRID SHOFI DZIHNI RIESTA', 2),
('1202154354', 'NYIMAS MARISSA GITA FITRI', 2),
('1202154355', 'I DEWA AYU LALITA MARMIKA', 2),
('1202154356', 'ALIYYA NUR RAMDHANIA', 2),
('1202154357', 'QORY UMMU HANIFAH', 2),
('1202154358', 'RERY SURYANI', 2),
('1202154359', 'LENNI PATIMA HARAHAP', 2),
('1202154360', 'IKE WAHYUNING WULANDARI', 2),
('1202154361', 'DEWI PURNAMA SARI', 2),
('1202154362', 'ANGGIT NUR FITRIA', 2),
('1202154363', 'PIPIT LIANDANI', 2),
('1202154377', 'AKBAR ADRIANSYAH', 2),
('1202154378', 'FIRDAUS ADI NUGROHO', 2),
('1202154380', 'DICKY YUDHA HANDIKA', 2),
('1202160002', 'AULIA NURI IKHSANATI', 2),
('1202160009', 'RAFLY ZULFI ROBBIANSYAH', 2),
('1202160011', 'OKSYA AFIFAH', 2),
('1202160013', 'CAHYANTO AJI NUGROHO', 2),
('1202160015', 'AWANDA PUTRI PERDANA', 2),
('1202160019', 'FADLIL MUHAMMAD', 2),
('1202160023', 'GUSTI AYU FRISCA FRIDAYANTHI', 2),
('1202160024', 'AGUNG PRABOWO', 2),
('1202160028', 'AZKY AKMAL', 2),
('1202160030', 'MOHAMMAD RAGA BAWAZIER', 2),
('1202160034', 'HANIF RAMADHAN ABDILLAH', 2),
('1202160041', 'KARINA FARIZKI SALMAWATI', 2),
('1202160043', 'IRENE IRAWATY S', 2);
INSERT INTO `student` (`nim`, `student_name`, `student_status`) VALUES
('1202160044', 'M. ASRI FADLURRAHMAN', 2),
('1202160045', 'NURIN TASYRIFA', 2),
('1202160046', 'AHMAD AL BANNA', 2),
('1202160047', 'YUSRIL IQBAL', 2),
('1202160048', 'KENDRY AYU LAKSANA', 2),
('1202160050', 'RIZKA FADHILAH', 2),
('1202160051', 'STEFI MUTIA SARI', 2),
('1202160052', 'THIO FAUZI', 2),
('1202160054', 'NI MADE PUSPITA NOBIANI SAVITAR', 2),
('1202160055', 'REZA NUGROHO', 2),
('1202160057', 'AGISTI DEA SAVANA', 2),
('1202160059', 'YOGA SAKTI PRATAMA', 2),
('1202160061', 'NUNE ELGA PURNAMA AJI', 2),
('1202160062', 'REVA SETIA LESMANA', 2),
('1202160063', 'ZALINA FATIMA AZZAHRA', 2),
('1202160066', 'ADITYO SATRIO BAGASKORO', 2),
('1202160067', 'OZI WIRAJATI', 2),
('1202160070', 'NADA TRY PASHA JULIAN', 2),
('1202160074', 'MUHAMMAD RAFIDAN', 2),
('1202160080', 'WAHYU AFRIZAL', 2),
('1202160082', 'RINALDY JABAR SETIA', 2),
('1202160083', 'FRITASYA DWIPUTRI SURYOPUTRO', 2),
('1202160084', 'ALBERT AGUNG WEASURYA', 2),
('1202160086', 'MONICA AREZA PUTRI', 2),
('1202160088', 'BASRIYAL', 2),
('1202160089', 'ADILLA AMALIA AFRI', 2),
('1202160093', 'ANGGUN MARIZA', 2),
('1202160095', 'ZALNA SALSABILA', 2),
('1202160096', 'GHINA NADIAH', 2),
('1202160098', 'APRILIA ARI WIDYASTUTI', 2),
('1202160101', 'FAWQA NURRA RIZQIA', 2),
('1202160103', 'VINDHA NOVRIANI TANJUNG', 2),
('1202160105', 'DEN YUSUF RAMDHANI', 2),
('1202160107', 'HAFIDZ RIZKY RAMADHITYA', 2),
('1202160110', 'ARVA ABHYOSO HAMENGKUBUDI', 2),
('1202160111', 'SUZANNA RIZKA HANDAYANINGTYAS', 2),
('1202160112', 'ERVINA SISKAWANI SIPAYUNG', 2),
('1202160117', 'HAFIDA NOOR AZIZAH', 2),
('1202160118', 'ALYA YUSHANITA DELLA', 2),
('1202160120', 'DHIYA FATHIA', 2),
('1202160121', 'RENEITA RAHMA CHAIDIR', 2),
('1202160124', 'DARA SHAVIRA', 2),
('1202160126', 'KESYA ASIH ZARINISA', 2),
('1202160127', 'ARRASYID KAMIL', 2),
('1202160130', 'ANISYA ANGGITA FEBRYANTI', 2),
('1202160132', 'JELITA PUTRI DEVIARINDA', 2),
('1202160133', 'EGI CHAYATUNNUFUS', 2),
('1202160134', 'MUHAMMAD ROBI MUNAWIR', 2),
('1202160135', 'HILDA AINI SYIFA', 2),
('1202160138', 'SEVIRA HENDARI PRATIWI', 2),
('1202160141', 'QATRUN NADA', 2),
('1202160145', 'LIEM AGUNG RISKY SANJAYA PUTRA', 2),
('1202160148', 'NADIRA ALIFIA RAHMAN', 2),
('1202160151', 'RAZAN LANTANG RAHARDJO', 2),
('1202160153', 'MUHAMMAD ALDI NUGRAHA', 2),
('1202160154', 'DANTI PUJI YUHERISNA', 2),
('1202160155', 'AULIA IRSYAD FAHMY', 2),
('1202160160', 'ROWITA ELIESLINA GIRSANG', 2),
('1202160167', 'FAKHRI RAMADHAN', 2),
('1202160169', 'MOHAMMAD FAHRUL DATU', 2),
('1202160171', 'AZOLLA DHIGO PRASETYA', 2),
('1202160173', 'WIN DANY NOVAN', 2),
('1202160178', 'DODI YUSUP HARAHAP', 2),
('1202160179', 'DENNIS NIGEL CUNONG', 2),
('1202160180', 'RAHMAT DANI SETIAWAN', 2),
('1202160182', 'RAFA MAULANA FADLILA', 2),
('1202160183', 'IZZ ABDUR RAHMAN', 2),
('1202160184', 'ALIF NUGROHO', 2),
('1202160185', 'SANG PUTU SANTIKA WIRANATHA', 2),
('1202160186', 'ABDURRAHMAN YASKUR', 2),
('1202160190', 'DIMAS ABDUL ROHIM', 2),
('1202160192', 'NURMANSYAH RADITYA MUSLIM', 2),
('1202160195', 'MARINTA FANI BR TARIGAN', 2),
('1202160196', 'FAJAR SIDIQ TAZKIYYAH', 2),
('1202160197', 'MICHAEL ADDRYAN LIWE', 2),
('1202160200', 'EKKI RIZKI RAMADHAN', 2),
('1202160202', 'FADEL ACHMED GANESHA', 2),
('1202160205', 'MADE ADIDHARMA TORUTAMA', 2),
('1202160206', 'MUHAMMAD TRISNA FIRMANSYAH', 2),
('1202160210', 'IRWAN ADITAMA', 2),
('1202160212', 'CHANDRA WARDANA', 2),
('1202160214', 'ACHMAD INDRA FAUZAN', 2),
('1202160215', 'FADHILAH DIAN UTAMI', 2),
('1202160216', 'ROBBY DIDI PRAWIRA', 2),
('1202160222', 'RIDOH GUSTI MARHO', 2),
('1202160227', 'SYAHRIL J GUGERE', 2),
('1202160229', 'CHANDRA ADHITYA', 2),
('1202160232', 'HARDITYO NUR KUNCORO', 2),
('1202160234', 'VRESELIANA AYUNINGTYAS', 2),
('1202160236', 'FAHRI HAMZALAH', 2),
('1202160237', 'SAFIRA DWI SOFIANA', 2),
('1202160240', 'ISMU HANIAN', 2),
('1202160248', 'BAYU HERDIAN', 2),
('1202160251', 'MUHAMMAD IQBAL GHAUZHI FEBRIANTO', 2),
('1202160253', 'RETNA TAQIYYAH ADIBA', 2),
('1202160255', 'HARRY WAHYU RAMADHAN', 2),
('1202160256', 'HARYASENA PANDUWIYASA', 2),
('1202160257', 'LUTHFI FERNANDA ASNEL', 2),
('1202160258', 'VIDIYA KRESNAWATI', 2),
('1202160262', 'FEBRIAN RIZKY', 2),
('1202160264', 'AUDI AULIA F', 2),
('1202160265', 'DIMAS MAULANA FASYA', 2),
('1202160266', 'REVO RAMA DEWANGGA', 2),
('1202160267', 'RIZQIE MAULIDAN FIRDAUS', 2),
('1202160268', 'KHOIROTUN NISA`', 2),
('1202160269', 'ARIEF RYAN RISBAYA', 2),
('1202160277', 'FIRDHA UTAMI', 2),
('1202160278', 'DAFFA NAUFAL MAULUDDANI', 2),
('1202160281', 'RIANDI PRATAMA', 2),
('1202160282', 'IHWANUL IKHSAN', 2),
('1202160283', 'ACHMAD GABRIEL GLOWDY', 2),
('1202160288', 'ALIF SHOFA DANUTIRTA', 2),
('1202160292', 'FITRIANAWATI TRI PALUPI', 2),
('1202160293', 'SILVIA ANGELINA LINGGA', 2),
('1202160294', 'IAN DZILLAN MALIK', 2),
('1202160295', 'NOVRIANDA MARZA', 2),
('1202160297', 'NANDA AULIA RIFKI', 2),
('1202160299', 'SYIHAN QAES YAMANI', 2),
('1202160300', 'BRANDON', 2),
('1202160303', 'DICKSON PERDANAKUSUMA', 2),
('1202160308', 'FARHAN PRASETIA', 2),
('1202160313', 'SANDI PUTRA PRATAMA', 2),
('1202160316', 'ABEL NATHALIA WIDYASTORO', 2),
('1202160320', 'MUHAMMAD NAZRI', 2),
('1202160321', 'MUHAMMAD FARHAN ZUHDY', 2),
('1202160322', 'MOHAMAD FADEL AL-FARIZI', 2),
('1202160324', 'NAVY HARUMI NING ERTO', 2),
('1202160325', 'HANIF YOGA A', 2),
('1202160326', 'MUHAMMAD AZZAM IMADUDDIN', 2),
('1202160327', 'NABILA CHAIRUNNISA', 2),
('1202160330', 'MUHAMMAD RIZKI SEPTIAWAN', 2),
('1202160332', 'MAR`IE CHASARA MEIZIR', 2),
('1202160333', 'SASKIA NABILA PUTRI', 2),
('1202160338', 'BRILIANT MARISTA ZAKKA BILLY', 2),
('1202160339', 'YUSUF BAHTIAR', 2),
('1202160340', 'SHALAHUDIN FADILAH BHAKTI', 2),
('1202160341', 'MAHSYA FAJRIANI', 2),
('1202160342', 'M.FAISAL ADIMARANGGA', 2),
('1202160347', 'HASAN ADIB ALATAS', 2),
('1202160353', 'M LUTHFI RIDHWAN', 2),
('1202160355', 'SHIDRATUL KHODRI', 2),
('1202160358', 'RICKY YUDISI DWIARANDA', 2),
('1202160360', 'REVO FARIS SAIFUDDIN', 2),
('1202160362', 'RADEN ICHSAN ACHMAD FALACH', 2),
('1202160365', 'PANGERAN YUDHISTIRA MUHAMAD', 2),
('1202160370', 'ALFI SYAHRI CAN', 2),
('1202160372', 'MOHAMMAD AUFAR', 2),
('1202160375', 'TIANSYAH MUHAMMAD SALMAN KHAIRRIZAL', 2),
('1202160380', 'LEONARDO TAUFAN SONTANI', 2),
('1202160381', 'YOHANES ALFANDI', 2),
('1202160382', 'RIZKY PRATAMA', 2),
('1202160383', 'GRASE OKTAVIA HUTASOIT', 2),
('1202160385', 'HUMAIRAH', 2),
('1202160396', 'MUHAMMAD TUBAGUS ALIMUDIN', 2),
('1202160398', 'TEGAR KURNIA FAJAR', 2),
('1202160400', 'MOCHAMMAD DAFFA JOVIAN', 2),
('1202161228', 'MUHAMMAD ROZZAQ YUSALIANO', 2),
('1202162004', 'FAUZAN KHAIRY PULUNGAN', 2),
('1202162006', 'BAL-YA HARIS AL-FAJRI', 2),
('1202162042', 'ANISA AGUSTINA', 2),
('1202162097', 'ILHAM FANNANI', 2),
('1202162137', 'RANGGA PATRA PRATIKTIO', 2),
('1202162144', 'AJENG RAKHMAWATI', 2),
('1202162175', 'FERRYANSA', 2),
('1202162252', 'ICHWAN HABIBIE', 2),
('1202162274', 'REVANDIKA PRATAMA SIAHAAN', 2),
('1202162310', 'ZENITHO MADYAGANTANG HAKIKI', 2),
('1202162319', 'ADILLA PUNKY MEYDA SUHANDA', 2),
('1202162336', 'GREENHARD SITORUS', 2),
('1202162337', 'TUBAGUS RAHMAN RAMADAN', 2),
('1202162343', 'DENDY ARMANDIAZ AZIZ', 2),
('1202162356', 'ZAYED IFFAT MAHDI', 2),
('1202162369', 'HENDRIKE ALQARNI', 2),
('1202162376', 'NIGA SATRIO KUMARA', 2),
('1202162378', 'KEVIN REYNALDI', 2),
('1202162384', 'ROGER ALEXSANDER SIBURIAN', 2),
('1202162386', 'ASTRID NATANIA MENTANG', 2),
('1202162389', 'PRILIDINTA MEIDIANTI', 2),
('1202163018', 'RAHKMAH NABILA', 2),
('1202163060', 'NURSANIA ARISTAWIDYA', 2),
('1202163099', 'FARHAN YUZARLI', 2),
('1202163104', 'FIANA FAZRIANI', 2),
('1202163115', 'SALMAN NUZULI', 2),
('1202163119', 'NUKI PRATAMA', 2),
('1202163163', 'TRY ASPUTRI PANE', 2),
('1202163170', 'ANINDYA TYAS WULANDARI', 2),
('1202163239', 'LIFIANNISA MAUDY NURDIANA', 2),
('1202163246', 'SULTAN ARIF MARUF', 2),
('1202163259', 'M FAJRI KHAIRI', 2),
('1202163291', 'MUHAMAD ANFASA AKBAR', 2),
('1202163296', 'MUHAMMAD RIZKI ADI MULYADI', 2),
('1202164001', 'AMELLIA BRILIANT OKTAVIA', 2),
('1202164003', 'MUHAMMAD FUAD ZULFIKAR', 2),
('1202164005', 'DICKY DWI KURNIAWAN PUTRA', 2),
('1202164007', 'RAIHANAH ISMAH RAMADHANI', 2),
('1202164012', 'SYASYA SAHIRA', 2),
('1202164014', 'RIMADHINA CHOIRU NISA', 2),
('1202164016', 'RAHADHITYA SAMUDRA ANURAGA', 2),
('1202164017', 'AGUNG RIANSYAH', 2),
('1202164021', 'NI MADE GITA PARAMITHA', 2),
('1202164025', 'NAUFALDI YUSUF HENDRIAWAN', 2),
('1202164027', 'MUHAMMAD FARHAN ADITYA', 2),
('1202164029', 'FATHAN ALI MUHAMMAD', 2),
('1202164031', 'POLTAK ANDREAS MARBUN', 2),
('1202164032', 'FAATHIR MUHAMMAD', 2),
('1202164033', 'MAS TAUFIQ DIRGA PRASTICARYA', 2),
('1202164035', 'NOVRISA DIAS PURANTIA', 2),
('1202164037', 'NABILA TENZELLYANI', 2),
('1202164038', 'ROSALIA ENDRI SINTIA', 2),
('1202164039', 'ANNISA RAHMA MELYANTA', 2),
('1202164040', 'MEIDIANI JUWITA RACHMAWATI', 2),
('1202164056', 'NAURA GHASSANI MUTI', 2),
('1202164058', 'ALIF JAFAR FATKHURROHMAN', 2),
('1202164064', 'AULIA SHAFA NAFISAH', 2),
('1202164065', 'MELLIA ARYA AMINNANDA', 2),
('1202164068', 'RIZKA REFINA JOSHA INTAN', 2),
('1202164069', 'BELLANOFI BUDIYAWATI', 2),
('1202164071', 'CYNTIA ROSSI SANTIKA IMSYAWAN PUTRI', 2),
('1202164072', 'AYU FITRIANI', 2),
('1202164073', 'DESTY HARISDAYANTI', 2),
('1202164077', 'EPTA RIZKY ALFIYYAH', 2),
('1202164078', 'MUHAMMAD ALBAIHAQY', 2),
('1202164079', 'FAHREZA MUHAMMAD GHIFFARI', 2),
('1202164081', 'ADIFA NURUL RAMADHANTI', 2),
('1202164085', 'RIFQI ROSIDIN', 2),
('1202164087', 'ATHO` NOVIAN AWLARIJAL', 2),
('1202164090', 'GANAR NUGRAHA MAHENDRASTA', 2),
('1202164091', 'KRESNAUFAL NUR FADHILLAH', 2),
('1202164092', 'AULIA FAKHRI', 2),
('1202164094', 'MIKOLA ANANDA', 2),
('1202164102', 'DODY ALPIANSYAH', 2),
('1202164106', 'INDAH NUR FITRI ASTUTI', 2),
('1202164109', 'ALYA LATHIFA DINAR', 2),
('1202164113', 'TANNI MAISARI', 2),
('1202164114', 'VERA ADELIA', 2),
('1202164116', 'SHELLA PUTRI WIDYATAMA', 2),
('1202164121', 'ANNISA DWIAYU RAMADHANTY', 2),
('1202164122', 'KURNIA DWI WIRANTI RAHAYU', 2),
('1202164123', 'LYVIA WINIYANTI L', 2),
('1202164125', 'NESYA IRIANIS', 2),
('1202164128', 'MARTZAEL SULTAN ABDULLAH', 2),
('1202164129', 'SESILLIA FAJAR KRISTYANTI', 2),
('1202164131', 'WAFIQA PRIMASURI', 2),
('1202164136', 'ISYE S ADHIWINAYA', 2),
('1202164139', 'RYSKI MARDINA KRISTI MONITA', 2),
('1202164140', 'DWI CAHYA SETYAWAN', 2),
('1202164142', 'RATIH DWI LESTARI', 2),
('1202164143', 'DEBBY RIANI LISDA AYU PUTRI', 2),
('1202164146', 'RIZKY RAHMAT HAKIKI', 2),
('1202164147', 'IRMA NINA FAUZIAH RITONGA', 2),
('1202164149', 'INNES AULI SUKMA', 2),
('1202164150', 'HAIDAR ALVINANDA SULISTYO', 2),
('1202164152', 'KAZAN ALFAN IHSAN', 2),
('1202164156', 'IMMANUELA CHRISTIANTARI PERDANA', 2),
('1202164157', 'DEFNY YUTAMA ALFINDA LEWENUSSA', 2),
('1202164158', 'CAHYO AJI TRIANDHIKA', 2),
('1202164159', 'MUHAMMAD AZWAR ERIZAL', 2),
('1202164161', 'ANDINA SALAMAH', 2),
('1202164162', 'NOVIAH PUTRI HAERUNYSAH', 2),
('1202164165', 'ATHAYA FATAHA TALIKA', 2),
('1202164166', 'I PUTU YOGI NUGRAHA', 2),
('1202164168', 'MUHAMMAD ATHALLARIQ RABBANI', 2),
('1202164172', 'FADHILAH AMANI ALAM AULIA', 2),
('1202164174', 'SAJIDAH RACHMAWATI', 2),
('1202164176', 'NADIYA MARDIYANTI', 2),
('1202164177', 'WIDYA AYU AGUSTANIA', 2),
('1202164181', 'SATRIA DWI WIDIYANTO', 2),
('1202164187', 'GHALIB MAHENDRA', 2),
('1202164188', 'KARINA TARIGAN', 2),
('1202164189', 'NUR LATIFAH PRIHARTINI', 2),
('1202164193', 'HENNRY SYAHREZA ARIFIN', 2),
('1202164194', 'DEWANGGA PUTRA YUDHISTIRA', 2),
('1202164201', 'MAULANA MUHAMMAD FATHONI', 2),
('1202164203', 'AYUVIRA KUSUMA MULADI', 2),
('1202164204', 'MOHAMAD AZKA JULDA SUPARMAN', 2),
('1202164207', 'MUHAMMAD ARIQ NAUFAL', 2),
('1202164208', 'IBNU FATAH HASTA LUBIS', 2),
('1202164209', 'MUHAMMAD IQBAL.ZUNAEDI', 2),
('1202164211', 'FERNANDO REDONDO', 2),
('1202164213', 'FIKRI MIFTAH MAULANA', 2),
('1202164221', 'KINANTI ANDIARY', 2),
('1202164223', 'ANASTISYA DRATINA', 2),
('1202164224', 'CHAERUNNISA VITHALOKA RISWANTO', 2),
('1202164225', 'INAS MUTHIA', 2),
('1202164226', 'ISMARIA SEKAR MUSTIKA', 2),
('1202164230', 'ENGGAR MUHAMMAD AVICENNA', 2),
('1202164231', 'DIMAS ADI NUGROHO', 2),
('1202164233', 'HERYAN CHOIRUL FIKRI', 2),
('1202164235', 'MUHAMMAD AZHAR PRISETIAHADI', 2),
('1202164238', 'UNTARI FADHILATUL KHUSNIAH', 2),
('1202164241', 'MUHAMMAD IQBAL', 2),
('1202164242', 'HELMI FARRAS HAIDAR PRAMUDIANTO', 2),
('1202164243', 'KEVIN VALENCIA SIMAMORA', 2),
('1202164244', 'ATIKA RAHMAWATI HUSNA', 2),
('1202164245', 'ENGLA RAAFI', 2),
('1202164249', 'DANIEL HASAHATAN', 2),
('1202164250', 'FAJAR SIDDIQ', 2),
('1202164254', 'DEWI AYU PARASWATI', 2),
('1202164260', 'MUHAMMAD IQBAL MUTTAQIN', 2),
('1202164261', 'JANNATUL RAHMADIANI', 2),
('1202164263', 'SAFYRA SUWANTY', 2),
('1202164270', 'RAFI GEMA ADHA', 2),
('1202164271', 'BAHAR ADI PURNOMO', 2),
('1202164272', 'DEVY OCTAVIANY PUTRI HARIS', 2),
('1202164273', 'FIKO REDHA FEBIANSYAH', 2),
('1202164275', 'TITIS MAHARDIKA', 2),
('1202164276', 'MUHAMMAD FATHONI', 2),
('1202164279', 'MELANI SINAGA', 2),
('1202164280', 'CESAR AINI SOEKENDRO', 2),
('1202164284', 'ABDUL AZIES MUSLIM', 2),
('1202164285', 'LUCKY ARDIANTO MANIK', 2),
('1202164286', 'BEN HUGHIE REZANDA', 2),
('1202164287', 'IKHSAN HERMAWAN', 2),
('1202164289', 'LEO DIKKARDO SAGALA', 2),
('1202164290', 'RESTU MEIFITRAH', 2),
('1202164301', 'BAGAS ADI NUGROHO', 2),
('1202164302', 'AVISA GAVRILLA', 2),
('1202164304', 'HERI SULTAN FRANSISCUS SITINJAK', 2),
('1202164305', 'NADYA MAULIDINA RUSDI', 2),
('1202164306', 'NURCHAIRUL AKBAR SAAD', 2),
('1202164307', 'SYIFA ARIZALLU DISKAPAMA', 2),
('1202164311', 'RIFKY YUDHISTIRA', 2),
('1202164312', 'AHMAD GHIFARI AKBAR', 2),
('1202164314', 'AMALIA FIQHIYAH', 2),
('1202164315', 'IRNI DWI ESTIKA', 2),
('1202164317', 'KUKUH YUDHA PRASETYO', 2),
('1202164323', 'FEBRIANSYAH NASUTION', 2),
('1202164328', 'ERNY NURSETYAWATI', 2),
('1202164329', 'MUHAMMAD FIKRI MAKMUR', 2),
('1202164331', 'ALMA SYAFIRA', 2),
('1202164334', 'BOBBY ABDULLAH', 2),
('1202164335', 'NESYA VIOLA SAHARAH', 2),
('1202164344', 'MUHAMMAD HAFIZH SURIAGANDA', 2),
('1202164345', 'ILHAM SATRIA AJI PRATAMA', 2),
('1202164346', 'HIRZAN GHUFRAN', 2),
('1202164348', 'SAMUEL PUTRA HARI', 2),
('1202164349', 'DZULFIKRI MARDIANSYAH', 2),
('1202164350', 'DZAKI RAMADHAN', 2),
('1202164351', 'MUH.RESKY.S', 2),
('1202164359', 'SATYA WIRA YANOTTAMA', 2),
('1202164363', 'RACHMA WIDYA', 2),
('1202164364', 'RIZQI PRIMA HARIADHY', 2),
('1202164366', 'SILVIA AFRIMA CHANDRA', 2),
('1202164367', 'YOGIE PRABOWO WINOTO', 2),
('1202164368', 'BAKIATUS SARIFAH', 2),
('1202164371', 'MUHAMMAD ISHAK SYUKRI', 2),
('1202164373', 'KRISFIAN ADJI BRATA', 2),
('1202164374', 'ILNA NUZLA PUTRI', 2),
('1202164377', 'HESTI BERNADET SURIPATTY', 2),
('1202164387', 'YASNITA', 2),
('1202164390', 'SYLVIA', 2),
('1202164391', 'MARETHA FITRIE PURUHITA', 2),
('1202164392', 'RIFKY RAMDHIANIS PUTRA', 2),
('1202164393', 'M. AIDIL SYAHPUTRA ARITONANG', 2),
('1202164395', 'FIRAS', 2),
('1202164397', 'SULTHANI AZIS WANDA', 2),
('1202164399', 'NAUFAL AL HAKIM', 2),
('1202170006', 'SHINTA EKA RISA SINURAYA', 2),
('1202170010', 'COKORDA AGUNG JAYA LAKSMANA PRAKASA', 2),
('1202170011', 'RAFIF FAKHRI RAMADHAN', 2),
('1202170015', 'M IKHSAN PRATAMA P', 2),
('1202170018', 'DINDA SONIA TIARA', 2),
('1202170022', 'DIMAS SAMODRA BIMAPUTRA', 2),
('1202170023', 'SITI RAFIQAH BALQIS', 2),
('1202170025', 'AFIFAH YUSRI SALSABILA', 2),
('1202170026', 'RIRI ANISA ARISDILA', 2),
('1202170029', 'RANGGA SULTAN TAWAKKAL', 2),
('1202170030', 'ALDO RIANTO', 2),
('1202170035', 'IVAN PRIYAMBUDI', 2),
('1202170038', 'ABDULLAH', 2),
('1202170042', 'MUHAMMAD RAFI RAHARJO', 2),
('1202170044', 'HILDA ARIES WIDIYANTI', 2),
('1202170046', 'TANIA TARYONO', 2),
('1202170050', 'MUHAMMAD GHAZI RASYID', 2),
('1202170058', 'RANGGA AHSANA', 2),
('1202170062', 'THORIQ IKBAR', 2),
('1202170063', 'TIKA ASTRIANI', 2),
('1202170066', 'MUH. DWI SATYA', 2),
('1202170069', 'DIMAS NASHIRUDDIN AL FARUQ', 2),
('1202170077', 'RAGA HARITZ PRATAMA', 2),
('1202170080', 'ARDISA TSANIYA PUTRI', 2),
('1202170081', 'NIRWANA ANGGIE SINAGA', 2),
('1202170092', 'RADITA NAJMI KAMILIA', 2),
('1202170093', 'MAULIDA RAHMI', 2),
('1202170097', 'WAFIUDDIN AKBAR', 2),
('1202170099', 'ALEXANDER VINI ADHITYA BAGASKARA', 2),
('1202170101', 'ARIF MARZUQ SYAHBANI', 2),
('1202170106', 'BELLA TRIYANNUR MAULIA', 2),
('1202170108', 'EGA ARDELIA MAHARANI', 2),
('1202170109', 'INES INDAH PUTRI', 2),
('1202170110', 'SURYA SANJAYA', 2),
('1202170115', 'GLORIANI EKA SARI', 2),
('1202170117', 'MUHAMMAD IQBAL MUFLIHUDDIN', 2),
('1202170118', 'LUKMAN RIYADI', 2),
('1202170121', 'DIVA JIHAN SAFIRA', 2),
('1202170130', 'YUDANTO EKA PUTRA', 2),
('1202170131', 'BAYU TRI ANGGORO', 2),
('1202170132', 'MUHAMMAD RAFLY ARACHMAN', 2),
('1202170133', 'GEDE SUDANTA NETHAN KURU', 2),
('1202170136', 'DWI YASTI FACHRUNNISA SUHERMAN', 2),
('1202170140', 'SATRIA YUDA WIRADHANA', 2),
('1202170148', 'MUHAMAD IBRAHIM', 2),
('1202170154', 'ALVAN ATHALLAH KAMAL', 2),
('1202170156', 'LUTHFAN ALFAJRI PATRA', 2),
('1202170160', 'MUHAMMAD NOUFAL AJRIYA SIDDIK', 2),
('1202170162', 'JOCIKA CHANDRA DEWI', 2),
('1202170163', 'RIYAN MUDA KARANA PUTRA', 2),
('1202170165', 'IRFANANDO WIRANATHA', 2),
('1202170166', 'SABILA CHANIFAH', 2),
('1202170168', 'SETYA BUDI P', 2),
('1202170169', 'DISA ALFANIA', 2),
('1202170173', 'HARYO DEWANTO', 2),
('1202170180', 'IBRAM MOSZARDO', 2),
('1202170182', 'FEBI TITANIA', 2),
('1202170187', 'BIMA SYAFTIAAN', 2),
('1202170188', 'FAUZAN RADIFAN SHIDIQ KAMALUDIN', 2),
('1202170190', 'MUHAMMAD YUSUF TANTU', 2),
('1202170193', 'RENAL NUR RACHMAN', 2),
('1202170207', 'NANDA MILHAN MAKARIM', 2),
('1202170211', 'ADINDA INEZ SANG', 2),
('1202170213', 'DIMAS AGUNG WICAKSONO', 2),
('1202170215', 'RISKY NOVENDRI', 2),
('1202170217', 'SABIL NARARYA', 2),
('1202170226', 'NURZAMI NOVRIAN', 2),
('1202170229', 'MUHAMMAD VALEN', 2),
('1202170232', 'TOMI MULHARTONO', 2),
('1202170234', 'CHANDRA MILLA FITRIANA', 2),
('1202170236', 'M ADITYA PRATAMA CHAN', 2),
('1202170240', 'LALA ARIF FATURAHMAN', 2),
('1202170242', 'NABIL DIRHAM GHIFARY', 2),
('1202170243', 'DHUHADMYA ANGGIYA KIRANA', 2),
('1202170244', 'NADHIFAH SALSABILA', 2),
('1202170248', 'DWI KURNIA', 2),
('1202170249', 'IRFANI FAHRI', 2),
('1202170250', 'RAHADIAN ALDI NUGROHO', 2),
('1202170251', 'PRADITYA AGUNG LAKSMANA', 2),
('1202170256', 'M.HABIB JAUHARI', 2),
('1202170257', 'RIZKI AL FATWA', 2),
('1202170258', 'PUTU DELA APSARI MERTADEWI', 2),
('1202170260', 'ANDI AIDIL FITRAWAN', 2),
('1202170262', 'TRAHTANDWINA LINA AYWANDARI', 2),
('1202170265', 'RIAN BIMO ANKHAL', 2),
('1202170268', 'MARYATI PUJI LESTARI', 2),
('1202170270', 'RAHARJO PUTRA KURNIADI', 2),
('1202170272', 'RIFQI ZAIN NAUFAL', 2),
('1202170279', 'RAFIK KUMALA ZAI', 2),
('1202170280', 'DITA APRILLIA RAHMANI', 2),
('1202170283', 'SYIFA ARIA SALSABILA', 2),
('1202170285', 'ANGGIT MOCHAMMAD GALANG SAMUDRA', 2),
('1202170286', 'FIRNA MUNINGGAR KISTIANTI', 2),
('1202170289', 'NABILA NUR NAJMI LAILA', 2),
('1202170293', 'LULU FAIRUZ HUSNIAH PANGERANG', 2),
('1202170298', 'MUKHAMAD FURQON', 2),
('1202170301', 'SIRAJUDDIN ABDUL HAKIM', 2),
('1202170303', 'MUHAMMAD FAIZ RADITYA', 2),
('1202170305', 'ADHYAKSA SETIABUDI', 2),
('1202170306', 'ARRIZAL FAUZAN BARLIANA', 2),
('1202170314', 'MUHAMMAD FARIZQI SETIAWAN', 2),
('1202170315', 'ZAKIYAH SALSABILA', 2),
('1202170317', 'RONALDO SUBIANTO PANJAITAN', 2),
('1202170319', 'ALWI HIDAYAT HARAHAP', 2),
('1202170323', 'JOSE ARMANDO PRATAMA', 2),
('1202170327', 'JUVENTA NOVISTAKOLINA WANDA', 2),
('1202170329', 'SANDY FINANDRA', 2),
('1202170330', 'MADE DARMA WIJAYA', 2),
('1202170332', 'OCTAVIANA TENNISSA POETRY', 2),
('1202170333', 'SULTAN SYAH BILLAL M.A', 2),
('1202170336', 'MOCHAMMAD FIKRIANSYAH MAULANA', 2),
('1202170337', 'ROBBY ALEXANDER SIHOTANG', 2),
('1202170338', 'RAYHAN BUDI KUSWARDANA', 2),
('1202170343', 'RAFIF EQSA BUDI ANGGONO', 2),
('1202170344', 'ANDI SETIAWAN', 2),
('1202170346', 'MUJA KALAGUN BARAYA', 2),
('1202170349', 'ENRICO LAZAWARDI', 2),
('1202170353', 'JOSHUA BONARDO JUNIOR', 2),
('1202170356', 'WILFA DWI RAHMI', 2),
('1202170357', 'SALEH HASAN B', 2),
('1202170360', 'NURUL ASYFA', 2),
('1202170364', 'M ADHI PRADANA', 2),
('1202170365', 'AURA NAFARENA SYARIFAH', 2),
('1202170366', 'MOHAMMAD AQIEL ILHAMY', 2),
('1202170367', 'RIZKY AZIS JAYASUTISNA', 2),
('1202170369', 'IQBAL TIARA PUTRA', 2),
('1202170371', 'VALDIS RAEVAN ALIF RENGKUNG', 2),
('1202170381', 'ALFIAN JULIANDI', 2),
('1202170382', 'HATTA MURSYIDAL GHAIST', 2),
('1202170385', 'RAKHA LABIB RAMADHAN', 2),
('1202170386', 'HILMAN BUDIMAN', 2),
('1202170389', 'MUHAMMAD DAFFA RAYANDI', 2),
('1202170401', 'AKBAR NURWAHYU ARIFIN PUTRA', 2),
('1202171049', 'AHMAD SHOHIBUS SULTHONI', 2),
('1202171098', 'MUHAMMAD ZAQLUL', 2),
('1202171116', 'NABILA ZHAFIRAH PUTRI', 2),
('1202171119', 'RIFQI RAMADHAN TUSSARDI', 2),
('1202171120', 'I MADE INDRA KUSUMA', 2),
('1202171139', 'ANANDA FIQRI FIRDAUS', 2),
('1202171186', 'ERZA PUTRA ALBASORI', 2),
('1202171206', 'SYFA NUR LATHIFAH', 2),
('1202171331', 'DENNY FITRIANSYAH PERDANA', 2),
('1202172001', 'MISBACHUL FIQKRI', 2),
('1202172009', 'MUHAMMAD FAUZAN', 2),
('1202172014', 'VINA DWIANA PUTRI', 2),
('1202172017', 'DUSEF HAGANTA PANDIA', 2),
('1202172019', 'FAHMI NURALIMI', 2),
('1202172024', 'PRAISE SETIAWAN SARAGIH', 2),
('1202172041', 'DIPA LASMAWARDHANA', 2),
('1202172045', 'MAIZIAH AZKA NURHAKIM', 2),
('1202172047', 'NARITA AYU PRAHASTIWI', 2),
('1202172051', 'BAGUS RIZAL DARMAWAN', 2),
('1202172054', 'CHRISHERYANDA EKA SAPUTRA', 2),
('1202172055', 'MUHAMMAD ARDAN AL FAREZI ARIFIN', 2),
('1202172060', 'AHMAD SAMBANG SETYA TAMA', 2),
('1202172064', 'KUSUMAH ANGGRAITO', 2),
('1202172073', 'ANNISA SYAFARANI CALLISTA', 2),
('1202172094', 'MUHAMAD GILANG GINANJAR', 2),
('1202172100', 'NOVAL ALTAF', 2),
('1202172141', 'ICCA MITA MONICA', 2),
('1202172144', 'EKY CAHYA PUTRA WITJAKSANA', 2),
('1202172152', 'SETYA AJI NURFAIZI', 2),
('1202172176', 'MUHAMMAD SATRIADI DESTIAN', 2),
('1202172192', 'SINGGIH AJI SASONGKO', 2),
('1202172230', 'MUHAMMAD RIFKI RUSANDI', 2),
('1202172276', 'FAKHRI RIFQI FIRDAUS', 2),
('1202172300', 'FIERI CAREZA', 2),
('1202172312', 'MUHAMMAD ARIDHA ARAHMAN', 2),
('1202172341', 'MOHAMMAD AJIE SUKMA WINANGUN', 2),
('1202172348', 'ANDIKA SIDDIQ GUMELAR', 2),
('1202172350', 'FAIZ SUKMA DANII', 2),
('1202172358', 'IRFAN WIRA ADHITAMA', 2),
('1202172361', 'F.X.ANDREW PRIYONO', 2),
('1202172362', 'WIDIA FEBRIYANI', 2),
('1202172370', 'RENALDI TRI ANANDA MINKA', 2),
('1202172373', 'IRMALISTIA ALFIANI', 2),
('1202172379', 'RANGGA ARDHI KESUMA', 2),
('1202172391', 'MOHAMAD KHALIF NOER', 2),
('1202172398', 'KEMAL INDRA KUSUMA', 2),
('1202173095', 'RIFKI AULIADA', 2),
('1202173102', 'NABILA ZAIRA ULFA ABABIL', 2),
('1202173112', 'NAURATUL ULFAH', 2),
('1202173123', 'RIZKI AULIA AKBAR LUBIS', 2),
('1202173147', 'SINDY ARTA SUTARMAN', 2),
('1202173150', 'WIGUNA RAMADHAN', 2),
('1202173177', 'SHERLY FRATISTA', 2),
('1202173178', 'ILHAM PRIMAYADI', 2),
('1202173184', 'MUHAMMAD RIZALDI FADILLAH', 2),
('1202173194', 'EZRA CHRISMYRALDA SIANIPAR', 2),
('1202173222', 'DIMAS AJI WIRATAMA', 2),
('1202173231', 'IRFAN NAUFAL ARIFDA', 2),
('1202173247', 'MUHAMMAD KADDAFI NASUTION', 2),
('1202173263', 'AULIA FERINA SENDHITASARI', 2),
('1202173277', 'YUSUF HUSEN', 2),
('1202173287', 'FADHIL NAUFAL', 2),
('1202173291', 'DARMA WARDI SITANGGANG', 2),
('1202173297', 'MUHAMMAD FAHRIZAL RAHMAWAN', 2),
('1202173304', 'MUHAMMAD FADWA MUFRIZ', 2),
('1202173307', 'WINDRI ALICIA SITOMPUL', 2),
('1202173328', 'SALMA JUMAIZAR HANIF', 2),
('1202173339', 'HABIEB AR-RACHMAN', 2),
('1202173377', 'AFIF FATUR RAHMAN', 2),
('1202173383', 'SHINTA SARAHAZNA ULFA', 2),
('1202173384', 'MUHAMMAD THOMI RASYID ZULKARNAIN', 2),
('1202173393', 'KUTBIDDINOV ALISHERKHON', 2),
('1202174002', 'THALITA SHAFFAH BRATANDARI', 2),
('1202174003', 'MUH. FAWAZ NAJIB RISAL', 2),
('1202174004', 'WINDY ASTUTI', 2),
('1202174005', 'NAVYA KIRANA SAFITRI', 2),
('1202174007', 'EFLIN TRINOVA LIMBONG', 2),
('1202174008', 'KOMANG GUSTIANA SUGOSHA', 2),
('1202174012', 'MUHAMMAD AXL BAYU PRATAMA', 2),
('1202174013', 'SANDI SATRIA PRABOWO', 2),
('1202174016', 'RANGGA RAY IRAWAN', 2),
('1202174020', 'QIRANI FADHILA RAMADHANI', 2),
('1202174021', 'RIZKY ADAM PANGESTU', 2),
('1202174027', 'R. A. NADA TAQIYYA IZAZI', 2),
('1202174028', 'HASAN MUHAMMAD DIPOHUTOMO', 2),
('1202174031', 'MAULI ARFAN RAMBE', 2),
('1202174032', 'FERNANDA ADITYA NUGRAHA', 2),
('1202174033', 'REZSHAL HIDAYAH', 2),
('1202174034', 'BIMA SUSILA MUKTI', 2),
('1202174036', 'WIBI ADITAMA', 2),
('1202174037', 'MUFTI ALIE SATRIAWAN', 2),
('1202174039', 'VENNY YERIA MONARES', 2),
('1202174040', 'MOHAMMAD ALIF AL-FAJRI', 2),
('1202174048', 'SYIFA ANNASTASIA', 2),
('1202174052', 'FARHAN HASAN AL-AMUDI', 2),
('1202174053', 'APRIZAL M RIZQAN', 2),
('1202174057', 'GREDA AGENG LUQMAN HAKIM', 2),
('1202174059', 'KINTAN ERIDANI PUTRI', 2),
('1202174061', 'CHYNTIA THENY EFY NANDA M', 2),
('1202174065', 'MUHAMMAD FIKRI AZHAR', 2),
('1202174068', 'ALWAN ALYAFI MULYAWAN', 2),
('1202174070', 'SENO PRIAMBUDI WIBOWO', 2),
('1202174071', 'SYAFIRAH ABDULLAH', 2),
('1202174072', 'AHMAD KURNIAWAN', 2),
('1202174074', 'MUHAMMAD RIFKI OKTOVA', 2),
('1202174075', 'INTANIA EKA YANTI', 2),
('1202174076', 'YUDHI SATRIO WIBOWO', 2),
('1202174078', 'BINTANG BHARA MUKTI', 2),
('1202174079', 'YANEU NURUL AZIZZA', 2),
('1202174082', 'UMI ZAHROH', 2),
('1202174083', 'TANIA AYU SEKAR ARUM', 2),
('1202174084', 'FAIRUZ ZAHIRAH LIDANTA', 2),
('1202174085', 'YOSEPHINE MAYAGITA TARIGAN', 2),
('1202174086', 'KHOFIFAH RACHMA PRABAWATI', 2),
('1202174087', 'HANAVING', 2),
('1202174088', 'ANISA WIDIA DINI PUTRI', 2),
('1202174089', 'KHADIJAH HALIMAH ASSA`DIYAH', 2),
('1202174090', 'KHAIRUNISAK', 2),
('1202174091', 'NURUL FARIKHAH', 2),
('1202174096', 'FAIDATUL HIKMAH', 2),
('1202174103', 'AVEICENA KEMAL ADRIANSYAH', 2),
('1202174104', 'MUHAMMAD ABIYYU MUNIF', 2),
('1202174105', 'NORAYANTI SIHOMBING', 2),
('1202174107', 'RURI FADHILAH', 2),
('1202174111', 'ARSIKE CIPTA PELANGI', 2),
('1202174113', 'SKOLASTIKA KURNIA DEWANTI', 2),
('1202174114', 'KIRANA DHIATAMA AYUNDA', 2),
('1202174122', 'I GEDE BAGUS PRASETYAWAN', 2),
('1202174124', 'FAHMI DWI ABDURRAHMAN', 2),
('1202174125', 'RAHMAT FAUZI PANE', 2),
('1202174126', 'INDAH FARADHILA PUTRI', 2),
('1202174127', 'FIKRI ABDULLAH', 2),
('1202174128', 'AINUNNISA IQLIMA IFFATUSYSYAKILA', 2),
('1202174129', 'FARHANDI MAULANA PUTRA', 2),
('1202174134', 'DANNY NAUFAL PRATAMA', 2),
('1202174135', 'DELIMA AYU WULANDARI', 2),
('1202174137', 'MADE ADHITYA KUSUMADINATHA SANTIKA', 2),
('1202174138', 'LAYLA SYIRIANI AMBARSARI', 2),
('1202174142', 'I GEDE ARYA DEVA NARAYANA', 2),
('1202174143', 'FADLAN FIKRI DZULFIKAR', 2),
('1202174145', 'NANCY CRESTASIA BR. HUTAURUK', 2),
('1202174146', 'RADEN HASNA FADHILA', 2),
('1202174149', 'IKHWAN HADI', 2),
('1202174151', 'NASSYFA ALFIRDA RIANI', 2),
('1202174153', 'PUTU ADIMERTHA KRISNAAJI DARSANA', 2),
('1202174155', 'NEILA FADHILA PUTRI', 2),
('1202174157', 'DEVITA WULANDARI', 2),
('1202174158', 'DHIMAS ARFIAN PRABANTORO', 2),
('1202174159', 'MUHAMMAD RIZKI HARDIYANTO', 2),
('1202174161', 'ALDO PRAKASA AFDYA', 2),
('1202174164', 'INDRIYANI', 2),
('1202174167', 'NUR AFDHALIYAH FAHRI', 2),
('1202174170', 'AYTA BOANGMANALU', 2),
('1202174171', 'MUHAMMAD RICKY CHANDRA DINATA', 2),
('1202174172', 'M.RANANTA LUTHFIKA', 2),
('1202174174', 'THESAPNA DWI ANGGITA OKVANTI', 2),
('1202174175', 'WASIS WARDANA', 2),
('1202174179', 'EZZA RAMADHANTA MACHMUD RAZAQ', 2),
('1202174181', 'RAISUL AMIN ZULFIKRI', 2),
('1202174183', 'FAHRIZAL HANIF DARMAWAN', 2),
('1202174185', 'PRAMESTI MAUDIPUTRI', 2),
('1202174189', 'TASYA RONAULY', 2),
('1202174191', 'SUBHAN ARI RAKA PRADANA', 2),
('1202174195', 'G N KRESNA ADIPUTRA', 2),
('1202174196', 'HARI NUR SUPRIYADI', 2),
('1202174197', 'AMORY OCTOVIO', 2),
('1202174198', 'DAVA ADITYA PERDANA', 2),
('1202174199', 'YUNAN SUKHO ADITYA', 2),
('1202174200', 'BANYU RIZKIKA UTARY', 2),
('1202174201', 'NURAHDIATNA SUBAGYA', 2),
('1202174202', 'RAISYA AVRIANI ISKANDAR', 2),
('1202174203', 'ALIFIANI SYAHRUNI QOTRUNNISA', 2),
('1202174204', 'TIARA ADONIA', 2),
('1202174205', 'MUHAMMAD IRWANDA IRAWAN', 2),
('1202174208', 'YUNI ARIYANI ARIFIN', 2),
('1202174209', 'ALDA ANDITA NURANI', 2),
('1202174210', 'SUCI NUR ALIFA', 2),
('1202174212', 'AFINA RAMADHANI', 2),
('1202174216', 'M.FADHIL AFIF', 2),
('1202174218', 'KEVIN H NAINGGOLAN', 2),
('1202174219', 'GHERALDI MUHAMMAD SINALOAN', 2),
('1202174220', 'YUNIS FEMILIA NUGRAINI', 2),
('1202174221', 'PUTU MINIA DEWI', 2),
('1202174223', 'IKA RAHMAYANTI TAMBUNAN', 2),
('1202174224', 'ALLISYA NASHFATI JUSTINE', 2),
('1202174225', 'HANDAYANI OKTAVIA', 2),
('1202174227', 'RIZKIA SITI AFIFAH', 2),
('1202174233', 'AHMAD ZEN FADILAH', 2),
('1202174235', 'FRISCA FEBRIYANI KURNIAWAN', 2),
('1202174238', 'NAILUL MAROM', 2),
('1202174239', 'SALSABILLA SHAFA ADZRA', 2),
('1202174241', 'SINGGIH KRISMARWANTONI SADINO', 2),
('1202174245', 'NURAINI RACHMA ARDIANTI', 2),
('1202174246', 'MUHAMMAD ZIKRI', 2),
('1202174252', 'HAMDAN DZIKRUROBBI', 2),
('1202174253', 'MUHAMMAD ZAKI', 2),
('1202174254', 'DAMAS AGRYAN PERMANA', 2),
('1202174255', 'JESSY ANUGERAH VINDRAGGETA PARTOSENTONO', 2),
('1202174259', 'SHITA WIDYA NINGSIH NASIR', 2),
('1202174261', 'DEKY NUZUL RAMDHANI', 2),
('1202174264', 'WIWINDA JUNED PURBA', 2),
('1202174266', 'LARASATI VALENSIA', 2),
('1202174267', 'NURAINI IKA PRATIWI KALINGARA', 2),
('1202174269', 'GRACE R SIMANJUNTAK', 2),
('1202174271', 'MUHAMMAD ARRASYID RAKHMADASZAN', 2),
('1202174273', 'ACHMAD FABIAN AMADEA', 2),
('1202174274', 'MUHAMMAD OKI ANGGA FAIRUZ', 2),
('1202174275', 'IZHA MAHENDRA', 2),
('1202174278', 'ITSAR SALSABILA ALKHANZA', 2),
('1202174281', 'GHOZALI ANDRI WINADA', 2),
('1202174282', 'AZIFAH DHAFIN RIZQULLAH ALDI', 2),
('1202174284', 'HILDA ATHIFAH FAISAL', 2),
('1202174288', 'NUR AZIZAH HARUN', 2),
('1202174290', 'BAYU REZA PAMUNGKAS', 2),
('1202174292', 'CHIKA ENGGAR PUSPITA', 2),
('1202174294', 'RATIH SYAIDAH', 2),
('1202174295', 'ROSANICHA', 2),
('1202174296', 'YUDHA ALFARID', 2),
('1202174299', 'ROBI DEWI ASIH PRAMESTI', 2),
('1202174302', 'FAMYUDHA MERIM PURBA', 2),
('1202174309', 'NADYA AMALIA PURWANINGTYAS', 2),
('1202174310', 'LASTRI M.A DOLOKSARIBU', 2),
('1202174311', 'VALEN DEANDRA', 2),
('1202174313', 'SRY INTAN VALENCIA NAINGGOLAN', 2),
('1202174318', 'AUDIA DITSYA RAMADHAN', 2),
('1202174320', 'MAJANGGA', 2),
('1202174321', 'ALIFIA ZAHRA FIRDAUS', 2),
('1202174322', 'NADIA FITRI SAFIRA', 2),
('1202174324', 'NAFIDZAH KIASATI SHADRINA', 2),
('1202174325', 'I KOMANG GEDE ANDHI KURNIAWAN', 2),
('1202174326', 'ILHAM NURYANTO', 2),
('1202174335', 'ERADO FATA SANJAYA', 2),
('1202174340', 'SIGIT TRI APRIYANTO', 2),
('1202174342', 'JANGKAH WICAKSONO', 2),
('1202174345', 'KHANSA` NADHIFAH RABBANIAH AL HABSYI', 2),
('1202174351', 'REFZA KURNIAWAN', 2),
('1202174352', 'M. ILHAM SETIA BUDI', 2),
('1202174354', 'PUTU PRIYANKA SONIA DEWI', 2),
('1202174355', 'TANIA NIELSANY SIMBOLON', 2),
('1202174359', 'DESITA NUR ROSYIDIANA', 2),
('1202174368', 'FATIN HANIFAH', 2),
('1202174372', 'IDELLIA MUTHIA NURBAISA', 2),
('1202174374', 'JEREMIAH FERDINAND LOMBOGIA', 2),
('1202174375', 'MUHAMMAD LUTHFI TRIYANA', 2),
('1202174376', 'MUHAMMAD NAUFAL', 2),
('1202174378', 'HENA HAFRANI', 2),
('1202174380', 'MUHAMMAD SYARIF YUSRON', 2),
('1202174387', 'RAVIV TUANKU ALSAID', 2),
('1202174388', 'CANDRA EKA LAKSANA', 2),
('1202174390', 'RIFQI NAUFALHANIF SATRIO WIBOWO', 2),
('1202174399', 'NYKE PUTRI GREACECITA RAUNG', 2),
('1202180001', 'M NURHADI WAHYU', 1),
('1202180009', 'DARA KENNY PEBRINA SITEPU', 1),
('1202180031', 'SHAFA TATHYA LARASATI', 1),
('1202180032', 'ELYSIA ESTININGTYAS', 1),
('1202180037', 'FARIS AUFAR PUTRA', 1),
('1202180041', 'MUHAMMAD NAUFAL ADAM', 1),
('1202180042', 'NURFADILAH', 1),
('1202180049', 'RIZKY AULIA ZARFI', 1),
('1202180067', 'TASYA IZDIANAZIA', 1),
('1202180068', 'MUHAMMAD FAHMY SYAHPUTRA YULIHARTO', 1),
('1202180074', 'KRISNA AJI WICAKSONO', 1),
('1202180078', 'ACHMAD ADAM AZZURI', 1),
('1202180092', 'JODY MARDIKA', 1),
('1202180095', 'DARIOSANY NUR IQLAL RAHMAN', 1),
('1202180097', 'FIRYAL MUTHIA NADHIFAH', 1),
('1202180099', 'PARAMITA', 1),
('1202180106', 'MUHAMMAD RAJAB', 1),
('1202180107', 'HIJAZI LUBIS', 1),
('1202180110', 'MUHAMMAD RAFI PRAKOSO', 1),
('1202180113', 'JESICA ELISABETH SITORUS', 1),
('1202180118', 'MOCH RAFI FAWAJI', 1),
('1202180119', 'M.RIFADH ASJAD', 1),
('1202180122', 'ANANDA DELINA SINURAT', 1),
('1202180123', 'RUTH SESILYA AMBARITA', 1),
('1202180127', 'ABDURRAHMAN AZIZ', 1),
('1202180139', 'SYAILENDRA ALZANA PUTRA', 1),
('1202180141', 'I MADE RICO ARYANGGA', 1),
('1202180152', 'ANDI SAYID MUHAMMAD QOYYUM', 1),
('1202180156', 'RUDI GUNA PRAMUDIA', 1),
('1202180157', 'PRAYOGI SHOLIHUL INSAN', 1),
('1202180164', 'SHAFIRA NAFTANIA', 1),
('1202180167', 'MUHAMMAD CANDRA SEPTIAN FAHLEFI', 1),
('1202180179', 'FARAH LUTHFIA', 1),
('1202180181', 'ANNISAA FAUZIYAH KINADI', 1),
('1202180182', 'ACHMAD AKBAR HIDAYATULLAH', 1),
('1202180191', 'ADITYA PERMADI', 1),
('1202180192', 'JULIANT DANIEL LATUARY', 1),
('1202180195', 'FARHAN ANGGARA PUTRA PRATAMA', 1),
('1202180198', 'ARIFATHUL FABIAN', 1),
('1202180199', 'JUAREZ SULTAN SHABA', 1),
('1202180206', 'AGISTRA FEBRIANDI', 1),
('1202180225', 'M HARTSA QINTHAR', 1),
('1202180229', 'IFEN FARIDIAN RAHMADAN', 1),
('1202180240', 'TAUFIQURRAHMAN LUBIS', 1),
('1202180245', 'RIZAL INDERA', 1),
('1202180247', 'MUHAMMAD ILMAN FADILLAH', 1),
('1202180268', 'TAUFIQ MAULANA FIRDAUS', 1),
('1202180273', 'WULUNG WAHYU WITONO', 1),
('1202180280', 'SAFINATY YANDY PUTRI', 1),
('1202180282', 'MUHAMMAD ALDI NUGRAHA', 1),
('1202180285', 'AMAR RIFKI HABIBIE', 1),
('1202180286', 'FADHIL ALREYHAN PAHREVI', 1),
('1202180287', 'EVAN RESWARA', 1),
('1202180294', 'AYU SYAFIRA ALFAIN', 1),
('1202180296', 'MUHAMMAD RIZKY JUNIANWAR', 1),
('1202180305', 'FARRAS NAIM', 1),
('1202180308', 'MAULANA MALIK IBRAHIM', 1),
('1202180311', 'ADAM SATYA KENCANA', 1),
('1202180333', 'RIVALDI ABDUL JABBAR', 1),
('1202180338', 'MUHAMMAD KEVIN YUDISTIRA', 1),
('1202180339', 'MUHAMMAD RIZKY BALIA', 1),
('1202180341', 'BERLIAN AKBAR RUSMANA', 1),
('1202180342', 'SYAHREN ADIL HAKIM', 1),
('1202180348', 'MUHAMAD NAUFAL ALIM', 1),
('1202180356', 'DHAIFULLAH SHIDQI AKBARSYAH', 1),
('1202180359', 'DZAKI RACHMANDA MALIK IMANUDIN', 1),
('1202180362', 'RIZKA PUTRI WAHYUNI', 1),
('1202180368', 'DZAKY MUHAMMAD RAFI PERMANA', 1),
('1202180371', 'LUWIS FERNANDO', 1),
('1202180373', 'JUAN RIZKY MAULANA', 1),
('1202180374', 'ALLAN GHIFARI', 1),
('1202180377', 'FERRIAN ARDI NUGRAHA', 1),
('1202180378', 'ROBBY ILHAMI MULYADI', 1),
('1202180379', 'KHAERUL NUROHMAT', 1),
('1202180383', 'LEONARD LESMANA', 1),
('1202180387', 'MUHAMMAD LUTFI NAUFALDI IBRATA', 1),
('1202181038', 'WADER TRISEPA JONSON', 1),
('1202181054', 'KRISNA DWI PERMANA', 1),
('1202181061', 'DANIEL JULIUS PARSAORAN', 1),
('1202181065', 'ZAHWA ALIFAH AMMATULLAH', 1),
('1202181105', 'BONYFASIUS BENRY TARSISIUS LUMBANRAJA', 1),
('1202181213', 'JILE TAMARISKA', 1),
('1202181244', 'AMARILA ZAHRATUN NISA`', 1),
('1202181252', 'RIZKY ADITYA NUGROHO', 1),
('1202181263', 'DARIS RAIHAN DITYO', 1),
('1202181309', 'NAUFAL ALAM RASENDRIYA', 1),
('1202181349', 'FARHAN WAHYUDIN', 1),
('1202181372', 'JONATHAN BONAR', 1),
('1202181380', 'YASEER HIBATULLAH AKRAM', 1),
('1202182155', 'MUHAMMAD ZUHDI ZAIN', 1),
('1202182283', 'MOCHAMMAD HAIKAL FIKRI', 1),
('1202182284', 'BRYANO SANDY RIZKY', 1),
('1202183291', 'RIA RAHMAWATI', 1),
('1202183301', 'I MADE RICHARD PUTRA SUDIASA', 1),
('1202183302', 'FAUZI ARIFIN ALGHIFARI', 1),
('1202183313', 'DINA MELIANA SARAGI', 1),
('1202183317', 'SITI NIHAYATUL CHOIRIYAH', 1),
('1202183322', 'RIZALRASYD DWISELIA RIDWANAH', 1),
('1202183324', 'JASMINE AURELY SALSHABILLAH', 1),
('1202183325', 'ANISAH FREDELLA', 1),
('1202183328', 'NADYA ZAHRA', 1),
('1202183329', 'MARIA LAURANTSIA HELLENT WIJAYA', 1),
('1202183330', 'NATALIA VIOLI KRISTENA WIJAYA', 1),
('1202183334', 'RAFLI FIRDAUS AKBAR', 1),
('1202183343', 'MUHAMAD RIDWAN FIRDAUS', 1),
('1202183344', 'DARRYL BASTIAN', 1),
('1202183345', 'M MISBACHUL UMMAH AL` AROBI', 1),
('1202183346', 'AHMAD YAZID ARIF', 1),
('1202183350', 'MAURIZKA NABILA CHAIRUNNISA', 1),
('1202183351', 'RAMADHANU TADZKIER', 1),
('1202183352', 'NOLA ADHE SURY', 1),
('1202183353', 'NURUL AN`NISAA', 1),
('1202183354', 'NAZHARA AURELLIA HAKIM', 1),
('1202183357', 'MUHAMMAD HASBI JURI UTAMA', 1),
('1202183360', 'SYAFIQ DZAKY ABHIYASA', 1),
('1202183361', 'ANASTASSYA GUSTIRANI', 1),
('1202183363', 'RAFI ADINEGORO', 1),
('1202183364', 'LITA VIERYNA', 1),
('1202183366', 'BELA CITRA KARTIKA', 1),
('1202183367', 'ROFI AHMAD FAUZAN', 1),
('1202183370', 'AFIF PRIANDHIKA IZZULHAQ', 1),
('1202183388', 'AYUBA JOBARTEH', 1),
('1202183389', 'ABDESSALAM M. OTHMANE', 1),
('1202184002', 'HADINA WAWESI', 1),
('1202184003', 'DEWI ASTUTI', 1),
('1202184004', 'DESY FITRIANI', 1),
('1202184005', 'BELLA TANTRIANA DWI ANGGRAINI', 1),
('1202184006', 'TIOFENNY ANGELINA', 1),
('1202184007', 'PAXILLA CHAIRANY', 1),
('1202184008', 'MAIZURA WINDA ARUNA', 1),
('1202184010', 'AZZAHRA SITI RAMADHANI', 1),
('1202184011', 'WIKA FAJRIAH RAHMAH', 1),
('1202184012', 'NABILA TAFTA ALFINA', 1),
('1202184013', 'ANGGITA KHAERUNISA', 1),
('1202184014', 'KINANTI TIARA NINGTYAS', 1),
('1202184015', 'HIZA MU\'MINATUL FITRIANI', 1),
('1202184016', 'DANIEL ABICHECA HUTOMO', 1),
('1202184017', 'NURUL AFIFAH', 1),
('1202184018', 'RISYA HASNA MASYTAH', 1),
('1202184019', 'SHAHNAZ KAMILAH', 1),
('1202184020', 'HILDA NURALIZA', 1),
('1202184021', 'IRA PUSPA NINGTYAS', 1),
('1202184022', 'MELINSYE HERLIANI AHAB', 1),
('1202184023', 'INDAH TRIAWATI', 1),
('1202184024', 'STEFANO CHRISTIAN SARUMPAET', 1),
('1202184025', 'MUHAMMAD FAISHAL FARRAS', 1),
('1202184026', 'AKBAR AFFARUK KHUZAIMI AHMADANI', 1),
('1202184027', 'LINA ZULAIKAH', 1),
('1202184028', 'LATHIFA ARTAMINATI', 1),
('1202184029', 'MUHAMMAD FADLI BAHRUDIN', 1),
('1202184030', 'ANIS FITRIA', 1),
('1202184033', 'QINTHARA AYU RAIHAN', 1),
('1202184034', 'MONICA SURYATAMA DEBY', 1),
('1202184035', 'DEVI NOVITASARI', 1),
('1202184036', 'WIRATAMA PUTRA PRAKOSA', 1),
('1202184039', 'YANDA NAFIRI', 1),
('1202184040', 'I GEDE PASEK PUNIA ATMAJA', 1),
('1202184043', 'HEIDEA YULIA FIRZANIA', 1),
('1202184044', 'THASYA UMMUL KULSUM', 1),
('1202184045', 'NI MADE MELIANA LISTYAWATI', 1),
('1202184046', 'MOCHAMMAD ALIFHA ARKHAN MASYON', 1),
('1202184047', 'RIZKY DWI NINGSIH', 1),
('1202184048', 'CLAERY JESSICA TAMPUBOLON', 1),
('1202184050', 'FUAD AL AFIF', 1),
('1202184051', 'NURSYAHBANI AMELIA PUTRI', 1),
('1202184052', 'NABILLA PRILYA NUGRAHA', 1),
('1202184053', 'IRFANDA WIRA ARNAWAMA', 1),
('1202184055', 'AKBAR AVERIAN', 1),
('1202184056', 'RAFI PRABASWARA', 1),
('1202184057', 'ANANDA ANGGIE NUR AINI', 1),
('1202184058', 'ANNISA NURKHAIRANI', 1),
('1202184059', 'KURNIATI BUNGA RINDU', 1),
('1202184060', 'SHINTA VALENINA FARAH', 1),
('1202184062', 'RISKI ANANDA WIDIYA PUTRI', 1),
('1202184063', 'YEHEZKIEL FERDINAND SIAGIAN', 1),
('1202184064', 'RISKA DWI YULIATI', 1),
('1202184066', 'JIHAN AUDIA MULYA', 1),
('1202184069', 'FAUZI ANANTA DWISAPUTRA', 1),
('1202184070', 'KIRANA WINI FAUZHIA SOLEHAH', 1),
('1202184071', 'SALMA IDA ANINDITA', 1),
('1202184072', 'EKKY CHANDRA WIBOWO', 1),
('1202184073', 'RIZKY FADILAH', 1),
('1202184075', 'SEPTIAN DWI HIDAYAT', 1),
('1202184076', 'FAISHAL RIZQI IRFANDI', 1),
('1202184077', 'NANDA ARFAN HAKIM', 1),
('1202184079', 'DHEA CLARISSA PUTRI', 1),
('1202184080', 'NAZMI ROBBIYANI', 1),
('1202184081', 'DAVID WILLIAM DA COSTA', 1),
('1202184082', 'CARLOS BUTAR BUTAR', 1),
('1202184083', 'I PUTU DHARMA YUDHA', 1),
('1202184084', 'NAYLA NAJA', 1),
('1202184085', 'ARDY RIKARDO', 1),
('1202184086', 'MUHAMMAD ILHAM ALHARI', 1),
('1202184087', 'TRIAS ZULFA NURAFIFAH', 1),
('1202184088', 'ALYA KHAERUNISSA WULANDARI', 1),
('1202184089', 'DESFIANA SUCI RACHMAHWATI', 1),
('1202184090', 'TSAMARA ARIFAH PRAWATI', 1),
('1202184091', 'IKA PRISILIA HELAHA', 1),
('1202184093', 'ROBERTUS ROTAMA MARBUN', 1),
('1202184094', 'RASYID RAMADHANI DHARMAWAN', 1),
('1202184096', 'CINDY RUTFANI HUTAURUK', 1),
('1202184098', 'KESSYA AZZAHRA RISMADEWI', 1),
('1202184100', 'MOCH.FAGLUIKA.KATENO', 1),
('1202184101', 'AURORA MARGARETA ROMPAS', 1),
('1202184102', 'LANANG BAGUS PRABOWO', 1),
('1202184103', 'MITTRA MARLINA YOLANDA HUTAPEA', 1),
('1202184104', 'TIMOTHY FELIXIVANO', 1),
('1202184108', 'RICO KASDIM', 1),
('1202184109', 'WAHYU LIMUTU', 1),
('1202184111', 'AUDHINI SALSABILLA SYAUQIE', 1),
('1202184112', 'YOVITA MARGARET ABIGAIL PURBA', 1),
('1202184114', 'ENGGELIN MEIYANE HARNICE PA`O', 1),
('1202184115', 'SITI FILDZAH NADHILAH SUHERMAWAN', 1),
('1202184116', 'MUTIARA NATIQOH PURWANTO', 1),
('1202184117', 'RAJA NANDA SATRYA', 1),
('1202184120', 'MUHAMMAD IQSAN WAHYUDIN', 1),
('1202184121', 'RANDY FAHREZA', 1),
('1202184124', 'MUHAMMAD AFFAN RAMADHANI YURIZIA', 1),
('1202184125', 'DIMAS RAIHAN ZEIN', 1),
('1202184126', 'GHUFRON FIKRIANTO', 1),
('1202184128', 'FARRIJ RULIANSYAH', 1),
('1202184129', 'MUHAMMAD HANIF ZAHRAN', 1),
('1202184130', 'DANDY RAY PANAHATAN MANURUNG', 1),
('1202184131', 'YOGI SANJAYA', 1),
('1202184132', 'ADITYA ZHAFIR DHIAULHAQ', 1),
('1202184133', 'ACHMAD HUSEIN MULYA WARDANA NH', 1),
('1202184134', 'SHOFIAN MUFTI ARDATAMA', 1),
('1202184135', 'DEWA MADE SURYA PERMANA MASTRA', 1),
('1202184136', 'DEVI SILVIANI', 1),
('1202184137', 'NILAM ERIA AZZAHRA', 1),
('1202184138', 'M. FAIZ TRIPUTRA', 1),
('1202184140', 'FAT-HAN', 1),
('1202184142', 'MUHAMMAD ASHRIL MAHARDIKA', 1),
('1202184143', 'ARDDHANA ZHAFRAN AMANULLAH', 1),
('1202184144', 'ARIA FAJAR RAMDHANY', 1),
('1202184145', 'ZAKKY AL ATTAR', 1),
('1202184146', 'HISYAM HAWARI', 1),
('1202184147', 'MUHAMMAD HAFIZ HAWARIZMI', 1),
('1202184148', 'FICO DAVIN ADRIYANSYAH', 1),
('1202184149', 'M. ZAELANI SIDIQ', 1),
('1202184150', 'RHEZA DEWANTARA', 1),
('1202184151', 'IMMANUEL ARYA', 1),
('1202184153', 'YUSUF HERIANTO MANIK', 1),
('1202184154', 'FEBRIAN FARERA IRAWAN', 1),
('1202184158', 'MUHAMMAD ADLI GHOZIAN', 1),
('1202184159', 'ILMA NUR HIDAYATI', 1),
('1202184160', 'FITRIA NIKMATUL HIDAYAH', 1),
('1202184161', 'DISA HAGAI TARIGAN', 1),
('1202184162', 'ZAHABIA', 1),
('1202184163', 'CANTIKA DEWI FORTUNA', 1),
('1202184165', 'SAVANNY PUTRI SAFRINA', 1),
('1202184166', 'APRILIA MEGA PUSPITASARI', 1),
('1202184168', 'MUHAMMAD RAYHAN ARJAKA', 1),
('1202184169', 'NURMALA', 1),
('1202184170', 'SONYA RISNENTRI', 1),
('1202184171', 'TITA ARUM PARAWASI', 1),
('1202184172', 'FIE ALFAIN NURIL HAQUE', 1),
('1202184173', 'IZZA ARIANI', 1),
('1202184174', 'RISMA NUR DAMAYANTI', 1),
('1202184175', 'DEA OKTAVIANI', 1),
('1202184176', 'NIDA TAQIYYAH', 1),
('1202184177', 'IGNAZIA NURMA AINNA', 1),
('1202184178', 'AULINA MEIDINAH KARIM', 1),
('1202184180', 'MAULIDYA ARDINI PANGESTU', 1),
('1202184183', 'FRISTA MILLENIA TRISUCIANA', 1),
('1202184184', 'FARAH SHERINA SALMA', 1),
('1202184185', 'DEVI PERMATA NINGRUM', 1),
('1202184186', 'SUCI FITRI LIANA ARIPIN', 1),
('1202184187', 'DINDA SEKAR CENDANI', 1),
('1202184188', 'NABILA CINDY PUTRI', 1),
('1202184189', 'AGRIVA DETTA GINTING', 1),
('1202184190', 'MUHAMMAD SYUKRON KAMIL', 1),
('1202184193', 'AISYAH FITRI', 1),
('1202184194', 'HAFIIZH HERDIAN', 1),
('1202184196', 'M YUSRIL RIGALDI', 1),
('1202184197', 'MOHAMAD FAUZI', 1),
('1202184200', 'M.ALWI ZEIN', 1),
('1202184201', 'HILMI ZULFAHMI', 1),
('1202184202', 'MOH AQSA ALMUBARAKS', 1),
('1202184203', 'MELINA PUTRI WIDYASARI', 1),
('1202184204', 'SYARAH TAZKIATUN NUPUS', 1),
('1202184205', 'ANNISA FITRIANI', 1),
('1202184207', 'EGGYALVIANO', 1),
('1202184208', 'SHAFIRA FATIMAH AZZAHRA', 1),
('1202184209', 'TITISARI RAMADHANE', 1),
('1202184210', 'MUHAMMAD AHDANI HIMAM MUTAALI', 1),
('1202184211', 'RIFKI MUHAMAD ADITAMA', 1),
('1202184212', 'FERI IRAWAN', 1),
('1202184214', 'FAREL AL-ROBBY', 1),
('1202184215', 'MUHAMMAD IKBAR AZINUDDIEN', 1),
('1202184216', 'ZIO DAFA', 1),
('1202184217', 'RAMA ARIANDI', 1),
('1202184218', 'YONATHAN BAGUS PRATAMA', 1),
('1202184219', 'ADELRI MUHAMMAD', 1),
('1202184220', 'RIZKI FAUZAN NASRULLAH', 1),
('1202184221', 'DWI KURNIANTO UTOMO', 1),
('1202184222', 'JALIS KARIM AHMAD', 1),
('1202184223', 'MUHAMMAD FARID FADLI', 1),
('1202184224', 'TODOAN JEHEZKIEL SANTANA MUARA SIREGAR', 1),
('1202184226', 'RYAN SUPRIADI RAMADHAN', 1),
('1202184227', 'MUHAMMAD AFIF RIZQI', 1),
('1202184228', 'RANDY FERDIAWAN', 1),
('1202184230', 'ALIFYA CALLISTA MAHESWARI', 1),
('1202184231', 'IKHSAN ABDURACHMAN', 1),
('1202184232', 'ADI INDRA PRATAMA', 1),
('1202184233', 'ALIF RAFI KURNIA', 1),
('1202184234', 'GINNA TRIGAMA', 1),
('1202184235', 'MUHAMMAD FAUDZAN KHAIRUNASI DZISYAUQI', 1),
('1202184236', 'ANDHIKA WICAKSONO', 1),
('1202184237', 'NUR INTAN SARI', 1),
('1202184238', 'MILENIA ARI OKTAVIANA', 1),
('1202184239', 'FAIZ PUTERA ANDIKA', 1),
('1202184241', 'M FARHAN HUSSAINI DERMAWAN', 1),
('1202184242', 'ASYIFA NUR YULIANTY', 1),
('1202184243', 'KEANSHIHAB IS`AD HAKIM', 1),
('1202184246', 'MOH. DIMAS ARIFIN MUSTOFA', 1),
('1202184248', 'RAYHANSYAH DAVA ACHMAD KURNIAWAN', 1),
('1202184249', 'GALIH RASHIF HUSAINI', 1),
('1202184250', 'CHAIRANI IRFIYANDA', 1),
('1202184251', 'ANJANI AULIA ZAHRA DJAMAL', 1),
('1202184253', 'ANGGA GIFERY MELLYANTO', 1),
('1202184254', 'MUHAMMAD RAIHAN JANUAR', 1),
('1202184255', 'FAIRUS ZILVAN ADHI PRAMANA', 1),
('1202184256', 'LUTHFI AHMAD MUHAIMIN', 1),
('1202184257', 'MUHAMMAD IRFAN AZMAN', 1),
('1202184258', 'M.IRFAN NURJIHAD', 1),
('1202184259', 'MUHAMMAD IQBAL', 1),
('1202184260', 'FADHIL ROZI HENDRAWAN', 1),
('1202184261', 'RANDA ABDURRASYID', 1),
('1202184262', 'MUHAMMAD FAKHRUL SAFITRA', 1),
('1202184264', 'HENRY AUGUSTA HARSONO', 1),
('1202184265', 'RAFIF RAMADHANY USMAN', 1),
('1202184266', 'NAUFAL M. FADILAH', 1),
('1202184267', 'MUHAMMAD IQBAL', 1),
('1202184269', 'ANDRE MAULANA PURBAYA', 1),
('1202184270', 'IRGI FAHREZI SALIM', 1),
('1202184271', 'BOKIE BUDA SINABA', 1),
('1202184272', 'ZAFIRA CHAIRUNNISA HERIANSJAH PUTRI', 1),
('1202184274', 'HANIF CATRIO WICAKSONO', 1),
('1202184275', 'AZMI LUTFI HIDAYAT', 1),
('1202184276', 'IKHSAN TASEF NUR FIKRI', 1),
('1202184277', 'HILMI SUFYAAN SATRIA SUJATMIKO', 1),
('1202184278', 'IRENE CALLISTA HAREFA', 1),
('1202184279', 'YUNI KARDILA', 1),
('1202184281', 'FAIZAL HUDYA RIZFIANTO', 1),
('1202184288', 'RIVERO NOVELINO', 1),
('1202184289', 'ALYA ARIFAH RIZQY', 1),
('1202184290', 'SALMA HANIYAH', 1),
('1202184292', 'ALFI ZAHRA HAFIZHAH', 1),
('1202184293', 'RESIENNO ISMI AZHARY', 1),
('1202184295', 'MEUTIA AULIA FITRI', 1),
('1202184297', 'FATMA KURNIA FEBRIANTI', 1),
('1202184298', 'AYU FARIDA GEBANG', 1),
('1202184299', 'RAIHAN ACHMAD SINANDHI', 1),
('1202184300', 'AL-HILAL JULIANDA', 1),
('1202184303', 'FAKHRIZAL SYAHRUL RAMADHAN', 1),
('1202184304', 'RAHMATSYAH YUSUF PRAWIRA PUTRA', 1),
('1202184306', 'FATHURRAHMAN', 1),
('1202184307', 'RIFKI ZAENUDIN', 1),
('1202184310', 'MUHAMMAD DIFAGAMA IVANKA', 1),
('1202184312', 'TASYA NOZUKA HASPRASI', 1),
('1202184314', 'VALDY RAHADIAN FAKHRIZAL', 1),
('1202184315', 'NATASYA KUSUMA PUTRI', 1),
('1202184316', 'YESSY PERMATASARI', 1),
('1202184318', 'ZULFA ULINUHA', 1),
('1202184319', 'MULIYA DEWI', 1),
('1202184320', 'GERRY JULIAN', 1),
('1202184321', 'ARYA BIMO BAGAS P.', 1),
('1202184323', 'GHINA KHAERUNNISA', 1),
('1202184326', 'MUHAMAD LUTFIE ALGHIFARY', 1),
('1202184327', 'ALSHA NABILLA HERNAWAN', 1),
('1202184331', 'MUHAMMAD LUTHFI AL-SHIFA', 1),
('1202184332', 'AFIF MOCHAMAD FAIZAL FAJRIANDI', 1),
('1202184335', 'FIRDY BARI RAYHADIN', 1),
('1202184336', 'TITOK AJI CAKRA', 1),
('1202184337', 'DIMAS RIZQY PANGESTU', 1),
('1202184340', 'KEN RANGGA DINAR', 1),
('1202184347', 'DANIEL ALEXANDER POLII', 1),
('1202184355', 'FARHAN ALIF BUDIANTO', 1),
('1202184358', 'NAUFAL HANIF R', 1),
('1202184365', 'ULI ARTHA', 1),
('1202184369', 'MUHAMMAD HIBBAN MIKHAIL', 1),
('1202184375', 'DIO ABDULLAH AMMAR', 1),
('1202184376', 'TENI TRIYANTI', 1),
('1202184381', 'MUHAMMAD GHIFFARY DHIYA ROBBANI', 1),
('1202184382', 'MUH.TAUFIQURRAHMAN', 1),
('1202184384', 'HIDAYATUL AJI ADIKA PUTRA', 1),
('1202184385', 'TRI GUSLIA HANDAYANI', 1),
('1202184386', 'MUHAMMAD ZIDAN ATHALLA ANINDRA LESMANA', 1),
('2201160001', 'ADI MARKUS RIYANTO', 2),
('2201160005', 'LIA AVITA SARI', 2),
('2201160007', 'RESHA AKBAR', 2),
('2201160008', 'RIZKI AFIF FINATA', 2),
('2201160011', 'PAHALA', 2),
('2201160013', 'RONY HARTONO', 2),
('2201162014', 'INDAH HAYATI', 2),
('2201162015', 'DIAH PUTRI DAMAYANTI', 2),
('2201171001', 'DEDI SETIAWAN', 2),
('2201171002', 'FAQIH AZKA WIDYAPUTRA', 2),
('2201171003', 'AGUNG SRIYONO', 2),
('2201171005', 'RADEA KARTIKA PUTRI', 2),
('2201171006', 'BEDI SUSANTO, S.T', 2),
('2201171008', 'YULIAN MUTIARA', 2),
('2201172009', 'AJIE AHMAD SAFARI', 2),
('2201172010', 'JODIE RIDHA ARROZAK', 2),
('2201172012', 'MUHAMMAD NUR', 2),
('2201172013', 'RONI KOSASIH', 2),
('2201181001', 'AGEAK RAPORTE BERMANO', 2),
('2201181002', 'PIPIN ANGGALIYA', 2),
('2201181003', 'VIA VIDYA', 2),
('2201181004', 'MOULI DE RIZKA DEWANTORO', 2),
('2201181005', 'AUDIRA ZURAIDA RAHARDJA SUKARSA', 2),
('2201181006', 'LENI NURAENI', 2),
('2201181007', 'SOFI HANIFAH HERMAWAN', 2),
('2201181008', 'NATHALEO MICHEL APON', 2),
('2201181009', 'MOHAMMAD ARYA WICAKSANA', 2),
('2201181010', 'DEMARSESKA HANDUNG GUNANTYO', 2),
('2201181011', 'NURUL SHOLIHAH EKOWATI', 2),
('2201181012', 'RATNAWIA', 2),
('2201181013', 'MUHAMAD HANIFAN GINGGI SUMAATMADJA', 2),
('2201181014', 'FERDIN MAULANA AL-MASYRIQ', 2),
('2201181015', 'ROOSDIANA NOOR ROCHMAH', 2);

-- --------------------------------------------------------

--
-- Table structure for table `system_menu`
--

CREATE TABLE `system_menu` (
  `id` tinyint(3) UNSIGNED NOT NULL,
  `parent_id` tinyint(3) UNSIGNED NOT NULL DEFAULT '0',
  `id_pm` int(11) NOT NULL,
  `menu_name` varchar(100) COLLATE latin1_general_ci NOT NULL,
  `url` varchar(100) COLLATE latin1_general_ci NOT NULL DEFAULT '',
  `menu_order` tinyint(3) UNSIGNED NOT NULL DEFAULT '0'
) ENGINE=MyISAM DEFAULT CHARSET=latin1 COLLATE=latin1_general_ci;

--
-- Dumping data for table `system_menu`
--

INSERT INTO `system_menu` (`id`, `parent_id`, `id_pm`, `menu_name`, `url`, `menu_order`) VALUES
(4, 0, 2, 'Cpanel', '', 5),
(6, 4, 2, 'Akun', 'cpanel/account', 3),
(11, 4, 2, 'Hak Akses', 'cpanel/access', 0),
(8, 4, 2, 'Menu', 'cpanel/menu', 4),
(26, 0, 5, 'Administration', '', 3),
(22, 21, 1, 'Student', 'database/student', 0),
(20, 0, 3, 'Recruitment', '', 2),
(21, 0, 1, 'Database', '', 1),
(25, 20, 3, 'Enroll', 'recruitment/enroll', 0),
(28, 26, 5, 'Open Recruitment', 'admin/oprec', 0),
(29, 0, 4, 'Dashboard', 'main/dashboard', 0),
(30, 26, 5, 'News', 'admin/news', 0),
(32, 30, 5, 'News', 'admin/news', 0),
(33, 0, 6, 'Assessment', '', 4),
(34, 33, 6, 'Assess Candidate', 'assessment/assess', 2),
(35, 33, 6, 'Setup', 'assessment/setup', 1);

-- --------------------------------------------------------

--
-- Table structure for table `system_module`
--

CREATE TABLE `system_module` (
  `id_pm` int(11) NOT NULL,
  `module_name` varchar(255) NOT NULL
) ENGINE=InnoDB DEFAULT CHARSET=latin1;

--
-- Dumping data for table `system_module`
--

INSERT INTO `system_module` (`id_pm`, `module_name`) VALUES
(1, 'Database'),
(2, 'Cpanel'),
(3, 'Recruitment'),
(4, 'Dashboard'),
(5, 'Administration'),
(6, 'Assessment');

-- --------------------------------------------------------

--
-- Table structure for table `system_user`
--

CREATE TABLE `system_user` (
  `id_user` int(11) NOT NULL,
  `username` varchar(255) NOT NULL,
  `password` varchar(255) NOT NULL,
  `display_name` varchar(255) NOT NULL,
  `display_path` varchar(255) NOT NULL,
  `level` int(2) NOT NULL
) ENGINE=InnoDB DEFAULT CHARSET=latin1;

--
-- Dumping data for table `system_user`
--

INSERT INTO `system_user` (`id_user`, `username`, `password`, `display_name`, `display_path`, `level`) VALUES
(1, 'admin', '21232f297a57a5a743894a0e4a801fc3', 'Admin Seminar-Go', '', 2),
(2, 'labapk', '25f9e794323b453885f5181f1b624d0b', 'APK&E', '-', 4),
(3, 'labbpad', '25f9e794323b453885f5181f1b624d0b', 'BPAD', '-', 4),
(4, 'labdaspro', 'b9e8ea2df21076a96b28d351251c26d1', 'DASPRO', '-', 4),
(5, 'labead', '81223cd088dfaec4e865a9aa18630362', 'EAD', '-', 4),
(6, 'laberp', '25f9e794323b453885f5181f1b624d0b', 'ERP', '-', 4),
(7, 'labensys', 'bcf227c6529925024fb058df412cad41', 'ENSYS', '-', 4),
(8, 'labgartek', '25f9e794323b453885f5181f1b624d0b', 'GARTEK', '-', 4),
(9, 'labitgrc', '25f9e794323b453885f5181f1b624d0b', 'ITGRC', '-', 4),
(10, 'labpdev', '25f9e794323b453885f5181f1b624d0b', 'PDEV', '-', 4),
(11, 'labpft', '25f9e794323b453885f5181f1b624d0b', 'PFT', '-', 4),
(12, 'labprosman', '25f9e794323b453885f5181f1b624d0b', 'PROSMAN', '-', 4),
(13, 'labsimbi', '25f9e794323b453885f5181f1b624d0b', 'SIMBI', '-', 4),
(14, 'labsisjar', 'f0264a44a85453a6501f938bd9ff9a8f', 'SISJAR', '-', 4),
(15, 'labsispromasi', 'b1f03c0eb88b04038be6f119cf84df6d', 'SISPROMASI', '-', 4),
(16, 'labsipo', '3264c97941099ea5072c3f6563b8f026', 'SIPO', '-', 4),
(17, 'labtekmi', '2d67bc80a3fa23746c9b32907ae5b8d8', 'TEKMI', '-', 4),
(99, 'raysoesanto', '938b4263f09b8b1dae8f027d06681ec9', 'Ray Soesanto', '', 1),
(102, 'riawanbangkit', 'c43907259418f2f31a67aebb0a5d2778', 'Bangkit Riawan', '', 1),
(103, '1102120140', '25f9e794323b453885f5181f1b624d0b', 'ALVIN FIRDAUS PRIBADI', '', 3),
(104, '1201164236', '5a7125749f8bbd927e5d030382d205f5', 'I GEDE WIRA RANATA', '', 3),
(105, '1102120007', '0cc175b9c0f1b6a831c399e269772661', 'M. ADHITYA EKA SEPTYAN', '', 3),
(106, '1202160105', '5c4259c7e9e23c006728b6bb09139137', 'DEN YUSUF RAMDHANI', '', 3),
(107, '1202160107', 'e002cab58b7c2b4ee67a939519f12b1c', 'HAFIDZ RIZKY RAMADHITYA', '', 3),
(108, '1202160288', 'e277bd9c33d8bf9f928012508c75d22f', 'ALIF SHOFA DANUTIRTA', '', 3),
(109, '1202160205', '7f025036eb09653c53226a07c244c1da', 'MADE ADIDHARMA TORUTAMA', '', 3),
(110, '1202164146', '3a4dc78ba1366bb9ac6b2b498ec16ddc', 'RIZKY RAHMAT HAKIKI', '', 3),
(111, '1202164213', '22bc66e791995c28aa0921057c2b7136', 'FIKRI MIFTAH MAULANA', '', 3),
(112, '1202164204', 'b748093902c9bc1ba4c83fc76e7f48ee', 'MOHAMAD AZKA JULDA SUPARMAN', '', 3),
(113, '1201170415', 'e172dd95f4feb21412a692e73929961e', 'APRILIANO LENTERA ARINANDA', '', 3),
(114, '1201173365', 'e8fbf3c4ccf4bcc237f5fdea97ef225d', 'FAUZIA ANINDYA SYAHIRA', '', 3),
(115, '1201170362', '4fb56e2ee8e6a1a51fe86c27631607e0', 'MUHAMMAD IQBAL TAWAKAL', '', 3),
(116, '1202174326', 'e885c8b58e4cba097ae00bb7f66ee1e2', 'ILHAM NURYANTO', '', 3),
(117, '1202174122', 'f94c3abf34a5d11e3543c932f8ea9dc7', 'I GEDE BAGUS PRASETYAWAN', '', 3),
(118, '1202172009', '83fbdea98660a35de24ae40dc605e317', 'MUHAMMAD FAUZAN', '', 3),
(119, '1202154132', '93463e67d9f50d63b34cfb624703671b', 'PRADIKA ADHEA GEVANI LAKSANA', '', 3),
(120, '1201164064', 'c062b23989be05c1986e63d70421d22a', 'MUHAMAD RIDWAN SUJUDI', '', 3),
(121, '1202172024', 'd004c5729ea63535c36e4ace35d37ad4', 'PRAISE SETIAWAN SARAGIH', '', 3),
(122, '1202171049', '4a2b4ac9cc2793b44c2a6d60573af8d9', 'AHMAD SHOHIBUS SULTHONI', '', 3),
(123, '1201164172', '42a1c25d61853c2fbbdb4b3ba3572bde', 'DWI RATNA MUGIA AMALIA', '', 3),
(124, '1202174082', 'f5b1b424cf68109f4d4e115bcef3301b', 'UMI ZAHROH', '', 3),
(125, '1201170315', '8564c04de81b426cbf6368ea6ef8cddb', 'PRISQIA AMANANDIANTI HANIFA', '', 3),
(126, '1201160396', '5ae6c2aba42df1b510e95ec5a0a45bac', 'FEILIANA', '', 3),
(127, '1201174200', '2a559044a321a42d13b447b265f7ae71', 'ARIFIANTO AJI PUTRO', '', 3),
(128, '1201164074', '776accf1dc54f08452f4b23a6bfd0d32', 'DINA DWI NOVELLA', '', 3),
(129, '1201164325', 'e85def55da1f90950aa9767dde16d68e', 'AULIA YOGI FACHLIVAN', '', 3),
(130, '1201164101', '50b77fa4ee8b1813eed83afbac98c1b7', 'RIZKA CAHYA SYAFITRI', '', 3),
(131, '1202164323', '7ea4f9148a2230396b1bf4317a1e6dc4', 'FEBRIANSYAH NASUTION', '', 3),
(132, '1201164297', '71cab24d8026bf964bd6d5c88da0f34d', 'BELLA YULIANTI', '', 3),
(133, '1201150043', 'cfc90c3c4ebcc0e2e11d0b07ad53c482', 'FARHAN FATUR RAHMAN', '', 3),
(134, '1201173058', '04f9f16e305edb19134525b29b77125d', 'AGI YOGASWARA', '', 3),
(136, '1201170424', '032a6cf6cd0a95f53f787494007c753f', 'RIZKY IBNU ABI CAHYONO', '', 3),
(137, '1201164166', '51dd21dc6c06be3b2eea709c24e023af', 'MUHAMMAD RIZKY ADITHYA TRIWARDHANA', '', 3),
(138, '1201164255', '1cd9079b3209a6761fd83fc84f48fc42', 'IRFAN RACHMAWAN', '', 3),
(139, '1201164205', '91dd3b79414df6351eaa46a2dd0f1389', 'REIRI AYU RISYANI', '', 3),
(140, '1201180210', '08c2cf0d73e484825488208725eaba70', 'EVAN RADITYA', '', 3),
(141, '1201164315', '71cab24d8026bf964bd6d5c88da0f34d', 'SEVTIAN NUR RACHMADI', '', 3),
(142, '1201174230', '1f2ba1b59cf484860c8abe37982b25f0', 'MUHAMAD HILMY ABDULLAH', '', 3),
(143, '1201164037', '105c6cf66b74effb03245ea718ec6b19', 'NADYA SANIYYA RAMADHANTI', '', 3),
(145, '1201174288', '1a5e5ef257662f767ab3a2248d12154e', 'MUHAMMAD FADILLAH ADHITAMA', '', 3),
(146, '1201170025', '5819e3e05af3c9446e86f5765256cac2', 'MELANIA AMANDA ALIFFIA SAVIRA', '', 3),
(147, '1201173043', 'f7d6394d3eef5639fb06ef49f6c66536', 'PUPUT NIDAUL CHOIRIYAH', '', 3),
(148, '1201164269', 'f99b928168513257119b241daea747bf', 'DESYAM ARDIANTO', '', 3),
(149, '1202174068', '38657e562fadaf680e4d91adb554aa13', 'ALWAN ALYAFI MULYAWAN', '', 3),
(150, '1202170280', '90b134586c4cc0c2e9ba7fc33079e0c6', 'DITA APRILLIA RAHMANI', '', 3),
(151, '1202170250', '23499f1f37ef031cb16299c74c59f7b9', 'RAHADIAN ALDI NUGROHO', '', 3),
(152, '1201174086', '4647d00cf81f8fb0ab80f753320d0fc9', 'ALAN RAMADHAN', '', 3),
(153, '1201162112', '8622d705aa9536103dfbf450d95af413', 'MSY CAHAYA DINDA PAMUNGKAS', '', 3),
(154, '1202170050', '8a64ae546e562ce6a6e4ab3506daa512', 'MUHAMMAD GHAZI RASYID', '', 3),
(155, '1202174037', '327bc4e22b649d47c4546a3ec93f376b', 'MUFTI ALIE SATRIAWAN', '', 3),
(156, '1202180287', '1afcaa48ded6b58b6347a833da6e3da8', 'EVAN RESWARA', '', 3),
(157, '1201184312', 'ffd2edb8292a2aec936a34babb2aff24', 'MUHAMMAD DZAKI ALFANDI', '', 3),
(158, '1201184138', '1b50bc2613d9055953c6f4dea6581f27', 'GANIS WORO AYUNINGTYAS', '', 3),
(159, '1201180008', 'bcaea1de8f37d1e9924b683a9984e622', 'SULTHAN ARAFAT BRIFIAN', '', 3),
(160, '1201180003', 'a50fc71d5e814378e136d3f9ad3c3374', 'SEPTY NUR AULIA DARMANTYA', '', 3),
(161, '1201184109', '8e3566ca60d6100ec0a21bbcdcae0f69', 'MUHAMMAD AL FATIH', '', 3),
(162, '1201164209', '4753296d67abf3a6c4dc8c366207c7d0', 'ROSULLAH KHAIRUNNISA', '', 3),
(163, '1201182458', '761c6c35a22175bf1510e34b0dda80d5', 'ZIDAN IBRAHIM ZAMZAMI', '', 3),
(164, '1202174137', '2d1661671b75d6e5bc27850c7929fdff', 'MADE ADHITYA KUSUMADINATHA SANTIKA', '', 3),
(165, '1201174071', '1d626fe43f41717b0f955b482d488c85', 'NAURA MAISAZAHRA', '', 3),
(166, '1202170365', 'fe7f7660c6b899c2f013c3178f2ddf76', 'AURA NAFARENA SYARIFAH', '', 3),
(167, '1201174313', 'e10adc3949ba59abbe56e057f20f883e', 'SHOLEKAH DWI SAPUTRI', '', 3),
(168, '1201164081', '614cebc3baa26d257e5056b93ffa8454', 'ASYSYIFA RAMADHAN', '', 3),
(169, '1201164371', 'e10adc3949ba59abbe56e057f20f883e', 'RAMADHANI KURNIAWAN', '', 3),
(170, '1201184145', '985e3f5f7a2c53ed949990e755a2b0ae', 'DIAN KUSUMA DAMAYANTI', '', 3),
(171, '1202173304', 'e1df45059b3a69e31f6d58ac389369eb', 'MUHAMMAD FADWA MUFRIZ', '', 3),
(172, 'fathin', '25f9e794323b453885f5181f1b624d0b', 'M Fathinuddin', '', 1),
(173, '1201180281', 'c44b18d65e4f8a346404df35f6143c01', 'ANISYA ISTIADZAH CANDRANINGTYAS', '', 3),
(174, '1202174153', 'c9beba55853e253349b1eebc2b71d71b', 'PUTU ADIMERTHA KRISNAAJI DARSANA', '', 3),
(175, '1202160215', '32bb160396acdf216fff7eb96f002267', 'FADHILAH DIAN UTAMI', '', 3),
(176, '1202174096', 'e173091aefe4c256fb78b8286a77bc9d', 'FAIDATUL HIKMAH', '', 3),
(177, '1202174281', '196583c0fa0ed025843508efca134e7f', 'GHOZALI ANDRI WINADA', '', 3),
(178, '1201161135', '7eaa7f152fa8b8da2bcdb4a4123a4730', 'FEBRYAN KHOIRUN YUSUF', '', 3),
(179, '1202170162', 'c74365ebcac6eb22bcd10afbb4c566d3', 'JOCIKA CHANDRA DEWI', '', 3),
(180, '1201174379', '461aad24b5c39d4f855364043cbeecea', 'KEVIN AHMAD AUFARRIZKY', '', 3),
(181, '1202174354', 'a183c09f5a57b6796c660d56d12d5608', 'PUTU PRIYANKA SONIA DEWI', '', 3),
(182, '1201174123', 'c97c8d46d20a663b2bfda1a9187483c1', 'NUR REZQI HANDHININGSARI', '', 3),
(183, '1201183382', '461bc19cf707c81a8cc326e8116223c2', 'ADE ACHMAD FAISAL', '', 3),
(184, '1201174255', '676e81230207d5d50c747e9460518be5', 'SANDY ARGYA PRADIPTA', '', 3),
(185, '1201164487', '8211d19409b643f825b5de498089429e', 'DESROSA MAULIZAR', '', 3),
(186, '1202174104', '336b78793189a84064127a0cac2ea179', 'MUHAMMAD ABIYYU MUNIF', '', 3),
(187, '1201174185', '085cd7e2df8d6c247aa73380b755dc52', 'HAFIZA APRILIA', '', 3),
(188, '1202160048', '6867ef4a8ac1e1acbc938a6aa2335703', 'KENDRY AYU LAKSANA', '', 3),
(189, '1201184214', 'b13a3d1f1bfde4f09a93b1e28a794283', 'KRESNA NURFAJRI SETYA PUTRA', '', 3),
(190, '1201170204', '9026a0114715be4c8211f9949f6733c5', 'MOHAMMAD HUSAIN RIFAI', '', 3),
(191, '1202174157', '987de6dc00bba6f8e45ffe15732138af', 'DEVITA WULANDARI', '', 3),
(192, '1201174370', 'f821daa6df7f01d28e07462076791ed9', 'LIA YULIANA', '', 3),
(193, '1201164330', '93110d9fc399f1fcdeceb696680c7e23', 'HANIF INSAN ILMAN', '', 3),
(194, '1201170237', 'dac368544b2b344c857fc4d106877707', 'HASYA SABILA', '', 3),
(195, '1202164029', 'b4cc9d480ec166335f837e1259ff7b45', 'FATHAN ALI MUHAMMAD', '', 3),
(196, '1202164031', '2bab6f02cc2a240e322e756dd218ddb7', 'POLTAK ANDREAS MARBUN', '', 3),
(197, '1201164197', 'd9611b73f6ae3d580d1c8a7017524fd7', 'HERVIN WIJAYA', '', 3),
(198, '1202164087', '0c9da3686c8d007cc7b63228909c06fe', 'ATHO` NOVIAN AWLARIJAL', '', 3),
(199, '1202170023', 'a2cfae47211bbdc08b32849d17d9de07', 'SITI RAFIQAH BALQIS', '', 3),
(200, '1201164431', '4debf2a13573398dbfaaac767957c482', 'EVELYN DEVIAN NOER', '', 3),
(201, '1202160251', '7333c3d73af0cf50f76bab6e5b88770d', 'MUHAMMAD IQBAL GHAUZHI FEBRIANTO', '', 3),
(202, '1202174085', '553e4615c7a58b6186009c275c435aff', 'YOSEPHINE MAYAGITA TARIGAN', '', 3),
(203, '1202164314', 'a2aefb1cbef47104124e3f121789532a', 'AMALIA FIQHIYAH', '', 3),
(204, '1202174114', '6aa51017b3f2afa2fae24b3031ed5722', 'KIRANA DHIATAMA AYUNDA', '', 3),
(205, '1202174313', '42f61402315eb28335a754b9a97b191a', 'SRY INTAN VALENCIA NAINGGOLAN', '', 3),
(206, '1201160109', 'e81502a921e78c4ddb017a555586664c', 'TIARA ANANDA HUSEN', '', 3),
(207, '1201174167', 'a64d44096122c5868399c592f22a5f0e', 'ANISSHA AYU PURWANTINA', '', 3),
(208, '1202170168', '85e8714dc21743fed8bf905c684da69c', 'SETYA BUDI P', '', 3),
(209, '1202170166', 'd00e3f20e45afe273b209c0566736074', 'SABILA CHANIFAH', '', 3),
(210, '1202172230', 'ce00c269e0295ddaf075986d6d62a7af', 'MUHAMMAD RIFKI RUSANDI', '', 3),
(211, '1202172064', 'b338eae3e1d0c62d496d8b2d7cf7559b', 'KUSUMAH ANGGRAITO', '', 3),
(212, '1202164225', '24db6218ff249299464cf9aab8a03196', 'INAS MUTHIA', '', 3),
(213, '1202170190', '83171115d2f30957e494010211d85199', 'MUHAMMAD YUSUF TANTU', '', 3),
(214, '1202160045', 'b6feae742f82c6b813a0be76faa7614b', 'NURIN TASYRIFA', '', 3),
(215, '1202163259', 'd6bbf7a3c9f2e2c4483a85c5f6103622', 'M FAJRI KHAIRI', '', 3),
(216, '1202164194', 'e368b0e06d2952a1745bf8bd9f5fe0d1', 'DEWANGGA PUTRA YUDHISTIRA', '', 3),
(217, '1202160132', '666e272bcec09d984a32b629121bc6df', 'JELITA PUTRI DEVIARINDA', '', 3),
(218, '1202174259', 'd1d228b7a7d6ca818185fab3e17d421f', 'SHITA WIDYA NINGSIH NASIR', '', 3),
(219, '1202164092', '3aba93eb05461108dd488595f8805581', 'AULIA FAKHRI', '', 3),
(220, '1202174020', 'da74dcc2bd5811c7f14e1d21733f0549', 'QIRANI FADHILA RAMADHANI', '', 3),
(221, '1202164007', '96ffc351a4aa3ca4c42b64a339c3c68c', 'RAIHANAH ISMAH RAMADHANI', '', 3),
(222, '1201174338', 'c3c586c6712652badf5bdf9d1dafc309', 'ARGA DIPTA PUTRATAMA', '', 3),
(223, '1202164121', 'ecb02cafd998f8de20dc7bbcbd3ed960', 'ANNISA DWIAYU RAMADHANTY', '', 3),
(224, '1202184347', '75242837e07dce0543898e076d2e4910', 'DANIEL ALEXANDER POLII', '', 3),
(225, '1202170323', '3d2d16975b5e0a0c198497b972ebe49b', 'JOSE ARMANDO PRATAMA', '', 3),
(226, '1202174071', 'f05e2ba9fa65ecf1e79c53ddb1dd5419', 'SYAFIRAH ABDULLAH', '', 3),
(227, '1202174246', '02533f16e9a16cd2cc142d44bb93874e', 'MUHAMMAD ZIKRI', '', 3),
(228, '1201180176', '2430e752f858bdeec803b0c96ce9379d', 'MUHAMMAD ALFIAN DHARMAWAN', '', 3),
(229, '1202164284', '7dc19f16e27b5feee9303202115e5894', 'ABDUL AZIES MUSLIM', '', 3),
(230, '1202164039', 'feb5f70e3d860f20208db341bf9c5210', 'ANNISA RAHMA MELYANTA', '', 3),
(231, '1202174269', '6ecf1c4a894113743861d0cbaa11555f', 'GRACE R SIMANJUNTAK', '', 3),
(232, '1202174355', '3d3417161882485f04716c697f7aa249', 'TANIA NIELSANY SIMBOLON', '', 3),
(233, '1202172373', '0083f5852747907aab37b2dce906a7d2', 'IRMALISTIA ALFIANI', '', 3),
(234, '1201160144', '4c9fae89c5108c53fe01cfb1a1aaf661', 'CITRA PUSPANINGRUM', '', 3),
(235, '1201174011', 'c3f6b02db9dc4d89c66f338b352b9623', 'DYAH PUTRI SARASWARI', '', 3),
(236, '1202174201', '331ff33e43075b5aa8f963b5921ff5f3', 'NURAHDIATNA SUBAGYA', '', 3),
(237, '1201164018', '4f2dde1e67a8c693ce48992b19614323', 'M IKHBAL EFENDI', '', 3),
(238, '1202170229', '6dbde8a6d555987b2c51368519d08210', 'MUHAMMAD VALEN', '', 3),
(239, '1202162175', 'b1e053f3c0dae4e41eae5a1ff9ba814c', 'FERRYANSA', '', 3),
(240, '1202183388', '3716c54c80d039d07401846cfa2fffcd', 'AYUBA JOBARTEH', '', 3),
(241, '1202184159', '38cfd25922b09682a4cfb944ae52e82f', 'ILMA NUR HIDAYATI', '', 3),
(242, '1202160382', 'de9b79682b51b0acefde31626fbfba0c', 'RIZKY PRATAMA', '', 3),
(243, '1202174183', '3e2efbc697f70a336c2569631ed8798e', 'FAHRIZAL HANIF DARMAWAN', '', 3),
(244, '1202174351', '8c4d5de4c588fe9c59eb3a5c7eaaa932', 'REFZA KURNIAWAN', '', 3),
(245, '1202170063', '025937b272dc761a325653b7c3395792', 'TIKA ASTRIANI', '', 3),
(246, '1202174089', '8ef8aee94a9cfdf3ec757fcf0c909b39', 'KHADIJAH HALIMAH ASSA`DIYAH', '', 3),
(247, '1202174241', '267cc0d66503cf812fbfd7b185261192', 'SINGGIH KRISMARWANTONI SADINO', '', 3),
(248, '1202174084', '71f540d5943d98d49ed152d6f82ef7fd', 'FAIRUZ ZAHIRAH LIDANTA', '', 3),
(249, '1202174004', 'a6c53fcc4fbad0978a63afba04ba74f7', 'WINDY ASTUTI', '', 3),
(250, '1201164390', 'f8651f6e67f0eb829501b16e2f88eb23', 'SHAFIRA AYU NURLITASARI', '', 3),
(251, '1201164365', 'f7efa0052e52c9e3678dd94cf98997c0', 'SOPHIA YASMINE AGNAPUTRI', '', 3),
(252, '1201174143', '83a7189a8712efa06d7a7aa4d17ec665', 'SALSABILAH PUTRI SUHARTO', '', 3),
(253, '1201164040', '16283a239f2403fb8f190a36bf2a0388', 'STEVANUS YUSTIAWAN', '', 3),
(254, '1201174137', 'e767043251b5f454514ff7fe39a12c07', 'OETARI WIRANDANY', '', 3),
(255, '1201170314', '08d1e2025252445c63753519cccb5640', 'ALYSSA LEONITA SAVITRI', '', 3),
(256, '1202160061', 'a9e35a6681b6c8b92cb06b5ab9f20aca', 'NUNE ELGA PURNAMA AJI', '', 3),
(257, '1201164013', 'fa0295ab58e25fcdddabc79c03616f72', 'ALDI RAHMAWAN', '', 3),
(258, '1202164390', '9bd13a2cccd6491c298f34073ae20e6f', 'SYLVIA', '', 3),
(259, '1201162071', '903accf80ca60fd93b05f78ba7a72588', 'SALSHA GILANG MADANI', '', 3),
(260, '1201164184', '6720720f21187ef4fbad6e5f7c5d9011', 'FIRDAH DIPI JUNI KURNIAWATI', '', 3),
(261, '1201174337', '7671b8b801ba13798f45361a88be9410', 'MUHAMMAD FARIZ HAFIZHUDIN', '', 3),
(262, '1201170394', 'af747d0ca99cda2ced47418306726e4d', 'TANIA AYU SUKMA', '', 3),
(263, '1202172014', 'f3a559d2c2d610f84ce0215318ce4b83', 'VINA DWIANA PUTRI', '', 3),
(264, '1201184173', '3c8337f97e9d77fc35697cb4ccd27b77', 'MUHAMMAD AGRITYO PRIMAPRAKOSO', '', 3),
(265, '1201184447', 'af2a20f715be8f35933968d3bb57caf3', 'ALRIQ RAHMANSYAH FERI', '', 3);

-- --------------------------------------------------------

--
-- Table structure for table `system_user_lab`
--

CREATE TABLE `system_user_lab` (
  `id_sul` int(11) NOT NULL,
  `id_user` int(11) NOT NULL,
  `id_lab` int(11) NOT NULL
) ENGINE=InnoDB DEFAULT CHARSET=latin1;

--
-- Dumping data for table `system_user_lab`
--

INSERT INTO `system_user_lab` (`id_sul`, `id_user`, `id_lab`) VALUES
(1, 2, 8),
(2, 3, 14),
(3, 4, 11),
(4, 5, 13),
(5, 6, 15),
(6, 7, 10),
(7, 8, 3),
(8, 9, 16),
(9, 10, 9),
(10, 11, 1),
(11, 12, 6),
(12, 13, 7),
(13, 14, 12),
(14, 15, 5),
(15, 16, 4),
(16, 17, 2);

-- --------------------------------------------------------

--
-- Table structure for table `system_user_level`
--

CREATE TABLE `system_user_level` (
  `id_level` int(11) NOT NULL,
  `level_name` varchar(255) NOT NULL
) ENGINE=InnoDB DEFAULT CHARSET=latin1;

--
-- Dumping data for table `system_user_level`
--

INSERT INTO `system_user_level` (`id_level`, `level_name`) VALUES
(1, 'Super Admin'),
(2, 'Admin ISIEM'),
(3, 'Kandidat Asisten'),
(4, 'PIC Laboratory');

-- --------------------------------------------------------

--
-- Table structure for table `system_user_privileges`
--

CREATE TABLE `system_user_privileges` (
  `id_up` int(11) NOT NULL,
  `id_level` int(11) NOT NULL,
  `id_pm` int(11) NOT NULL
) ENGINE=InnoDB DEFAULT CHARSET=latin1;

--
-- Dumping data for table `system_user_privileges`
--

INSERT INTO `system_user_privileges` (`id_up`, `id_level`, `id_pm`) VALUES
(1, 1, 1),
(2, 1, 2),
(3, 2, 1),
(10, 4, 1),
(12, 1, 4),
(13, 1, 5),
(14, 3, 3),
(15, 3, 4),
(16, 4, 4),
(18, 1, 3),
(19, 1, 6),
(20, 4, 6);

-- --------------------------------------------------------

--
-- Stand-in structure for view `view_asr`
-- (See below for the actual view)
--
CREATE TABLE `view_asr` (
`id_ar` int(11)
,`id_as` int(11)
,`nim` int(10)
,`score` int(3)
,`id_oprec` int(11)
,`id_lab` int(11)
,`labwork_name` varchar(100)
,`laboratory_name` varchar(255)
,`as_date` date
,`as_name` varchar(100)
,`as_weight` int(11)
,`pass_score` int(3)
,`as_desc` varchar(200)
,`student_name` varchar(255)
);

-- --------------------------------------------------------

--
-- Stand-in structure for view `view_candidate`
-- (See below for the actual view)
--
CREATE TABLE `view_candidate` (
`id_oprec_gen` varchar(8)
,`id_oprec` int(11)
,`id_major` int(11)
,`id_lab` int(11)
,`nim` int(10)
,`alamat` varchar(150)
,`tlp` varchar(12)
,`email` varchar(50)
,`motto` varchar(300)
,`gpa` float
,`motivation` varchar(500)
,`oprec_status` int(11)
,`student_name` varchar(255)
);

-- --------------------------------------------------------

--
-- Stand-in structure for view `view_labwork`
-- (See below for the actual view)
--
CREATE TABLE `view_labwork` (
`id_ll` int(11)
,`id_lab` int(11)
,`id_labwork` int(11)
,`laboratory_name` varchar(255)
,`short_name` varchar(10)
,`labwork_name` varchar(100)
);

-- --------------------------------------------------------

--
-- Stand-in structure for view `view_og`
-- (See below for the actual view)
--
CREATE TABLE `view_og` (
`id_oprec_gen` varchar(8)
,`id_oprec` int(11)
,`id_major` int(11)
,`id_lab` int(11)
,`nim` int(10)
,`motto` varchar(300)
,`gpa` float
,`motivation` varchar(500)
,`oprec_status` int(11)
,`major_name` varchar(100)
,`laboratory_name` varchar(255)
,`short_name` varchar(10)
,`status_name` varchar(100)
);

-- --------------------------------------------------------

--
-- Stand-in structure for view `view_oprec`
-- (See below for the actual view)
--
CREATE TABLE `view_oprec` (
`id_oprec` int(11)
,`semester` varchar(50)
,`run_year` varchar(9)
,`start_date` date
,`end_date` date
,`description` varchar(500)
,`id_lab` int(11)
,`id_labwork` int(11)
,`labwork_name` varchar(100)
,`laboratory_name` varchar(255)
,`short_name` varchar(10)
);

-- --------------------------------------------------------

--
-- Stand-in structure for view `view_oprec_master`
-- (See below for the actual view)
--
CREATE TABLE `view_oprec_master` (
`id_oprec` int(11)
,`semester` varchar(50)
,`run_year` varchar(9)
,`start_date` date
,`end_date` date
,`description` varchar(500)
);

-- --------------------------------------------------------

--
-- Structure for view `view_asr`
--
DROP TABLE IF EXISTS `view_asr`;

CREATE ALGORITHM=UNDEFINED DEFINER=`root`@`localhost` SQL SECURITY DEFINER VIEW `view_asr`  AS  select `a`.`id_ar` AS `id_ar`,`a`.`id_as` AS `id_as`,`a`.`nim` AS `nim`,`a`.`score` AS `score`,`b`.`id_oprec` AS `id_oprec`,`b`.`id_lab` AS `id_lab`,`d`.`labwork_name` AS `labwork_name`,`d`.`laboratory_name` AS `laboratory_name`,`b`.`as_date` AS `as_date`,`b`.`as_name` AS `as_name`,`b`.`as_weight` AS `as_weight`,`b`.`pass_score` AS `pass_score`,`b`.`as_desc` AS `as_desc`,`c`.`student_name` AS `student_name` from (((`assessment_result` `a` join `assessment` `b` on((`a`.`id_as` = `b`.`id_as`))) join `student` `c` on((`a`.`nim` = `c`.`nim`))) join `view_oprec` `d` on((`b`.`id_oprec` = `d`.`id_oprec`))) ;

-- --------------------------------------------------------

--
-- Structure for view `view_candidate`
--
DROP TABLE IF EXISTS `view_candidate`;

CREATE ALGORITHM=UNDEFINED DEFINER=`root`@`localhost` SQL SECURITY DEFINER VIEW `view_candidate`  AS  select `a`.`id_oprec_gen` AS `id_oprec_gen`,`a`.`id_oprec` AS `id_oprec`,`a`.`id_major` AS `id_major`,`a`.`id_lab` AS `id_lab`,`a`.`nim` AS `nim`,`c`.`alamat` AS `alamat`,`c`.`tlp` AS `tlp`,`c`.`email` AS `email`,`a`.`motto` AS `motto`,`a`.`gpa` AS `gpa`,`a`.`motivation` AS `motivation`,`a`.`oprec_status` AS `oprec_status`,`b`.`student_name` AS `student_name` from ((`oprec_general` `a` join `student` `b` on((`a`.`nim` = `b`.`nim`))) join `candidate` `c` on((`a`.`nim` = `c`.`nim`))) ;

-- --------------------------------------------------------

--
-- Structure for view `view_labwork`
--
DROP TABLE IF EXISTS `view_labwork`;

CREATE ALGORITHM=UNDEFINED DEFINER=`root`@`localhost` SQL SECURITY DEFINER VIEW `view_labwork`  AS  select `a`.`id_ll` AS `id_ll`,`a`.`id_lab` AS `id_lab`,`a`.`id_labwork` AS `id_labwork`,`b`.`laboratory_name` AS `laboratory_name`,`b`.`short_name` AS `short_name`,`c`.`labwork_name` AS `labwork_name` from ((`lab_labwork` `a` join `laboratory` `b` on((`a`.`id_lab` = `b`.`id_lab`))) join `labwork` `c` on((`a`.`id_labwork` = `c`.`id_labwork`))) ;

-- --------------------------------------------------------

--
-- Structure for view `view_og`
--
DROP TABLE IF EXISTS `view_og`;

CREATE ALGORITHM=UNDEFINED DEFINER=`root`@`localhost` SQL SECURITY DEFINER VIEW `view_og`  AS  select `a`.`id_oprec_gen` AS `id_oprec_gen`,`a`.`id_oprec` AS `id_oprec`,`a`.`id_major` AS `id_major`,`a`.`id_lab` AS `id_lab`,`a`.`nim` AS `nim`,`a`.`motto` AS `motto`,`a`.`gpa` AS `gpa`,`a`.`motivation` AS `motivation`,`a`.`oprec_status` AS `oprec_status`,`b`.`major_name` AS `major_name`,`c`.`laboratory_name` AS `laboratory_name`,`c`.`short_name` AS `short_name`,`d`.`status_name` AS `status_name` from (((`oprec_general` `a` join `major` `b` on((`a`.`id_major` = `b`.`id_major`))) join `laboratory` `c` on((`a`.`id_lab` = `c`.`id_lab`))) join `oprec_status` `d` on((`a`.`oprec_status` = `d`.`id_os`))) ;

-- --------------------------------------------------------

--
-- Structure for view `view_oprec`
--
DROP TABLE IF EXISTS `view_oprec`;

CREATE ALGORITHM=UNDEFINED DEFINER=`root`@`localhost` SQL SECURITY DEFINER VIEW `view_oprec`  AS  select `a`.`id_oprec` AS `id_oprec`,`d`.`semester` AS `semester`,`d`.`run_year` AS `run_year`,`a`.`start_date` AS `start_date`,`a`.`end_date` AS `end_date`,`a`.`description` AS `description`,`b`.`id_lab` AS `id_lab`,`a`.`id_labwork` AS `id_labwork`,`c`.`labwork_name` AS `labwork_name`,`c`.`laboratory_name` AS `laboratory_name`,`c`.`short_name` AS `short_name` from (((`oprec` `a` join `oprec_detail` `b` on((`a`.`id_oprec` = `b`.`id_oprec`))) join `view_labwork` `c` on((`a`.`id_labwork` = `c`.`id_labwork`))) join `academic_year` `d` on((`a`.`id_ay` = `d`.`id_ay`))) ;

-- --------------------------------------------------------

--
-- Structure for view `view_oprec_master`
--
DROP TABLE IF EXISTS `view_oprec_master`;

CREATE ALGORITHM=UNDEFINED DEFINER=`root`@`localhost` SQL SECURITY DEFINER VIEW `view_oprec_master`  AS  select `a`.`id_oprec` AS `id_oprec`,`d`.`semester` AS `semester`,`d`.`run_year` AS `run_year`,`a`.`start_date` AS `start_date`,`a`.`end_date` AS `end_date`,`a`.`description` AS `description` from (`oprec` `a` join `academic_year` `d` on((`a`.`id_ay` = `d`.`id_ay`))) ;

--
-- Indexes for dumped tables
--

--
-- Indexes for table `academic_year`
--
ALTER TABLE `academic_year`
  ADD PRIMARY KEY (`id_ay`);

--
-- Indexes for table `achievement_type`
--
ALTER TABLE `achievement_type`
  ADD PRIMARY KEY (`id_at`);

--
-- Indexes for table `assessment`
--
ALTER TABLE `assessment`
  ADD PRIMARY KEY (`id_as`),
  ADD KEY `id_oprec` (`id_oprec`),
  ADD KEY `id_lab` (`id_lab`);

--
-- Indexes for table `assessment_result`
--
ALTER TABLE `assessment_result`
  ADD PRIMARY KEY (`id_ar`),
  ADD KEY `id_as` (`id_as`);

--
-- Indexes for table `candidate`
--
ALTER TABLE `candidate`
  ADD PRIMARY KEY (`nim`);

--
-- Indexes for table `laboratory`
--
ALTER TABLE `laboratory`
  ADD PRIMARY KEY (`id_lab`),
  ADD KEY `id_lab` (`id_lab`),
  ADD KEY `laboratory_name` (`laboratory_name`),
  ADD KEY `short_name` (`short_name`),
  ADD KEY `pembina` (`pembina`);

--
-- Indexes for table `labwork`
--
ALTER TABLE `labwork`
  ADD PRIMARY KEY (`id_labwork`);

--
-- Indexes for table `lab_labwork`
--
ALTER TABLE `lab_labwork`
  ADD PRIMARY KEY (`id_ll`),
  ADD KEY `id_lab` (`id_lab`),
  ADD KEY `id_labwork` (`id_labwork`);

--
-- Indexes for table `major`
--
ALTER TABLE `major`
  ADD PRIMARY KEY (`id_major`);

--
-- Indexes for table `news`
--
ALTER TABLE `news`
  ADD PRIMARY KEY (`id_news`);

--
-- Indexes for table `oprec`
--
ALTER TABLE `oprec`
  ADD PRIMARY KEY (`id_oprec`),
  ADD KEY `id_ay` (`id_ay`),
  ADD KEY `id_labwork` (`id_labwork`);

--
-- Indexes for table `oprec_achievement`
--
ALTER TABLE `oprec_achievement`
  ADD PRIMARY KEY (`id_oprec_achievement`),
  ADD KEY `id_orpec_gen` (`id_oprec_gen`,`achievement_type`);

--
-- Indexes for table `oprec_detail`
--
ALTER TABLE `oprec_detail`
  ADD PRIMARY KEY (`id_od`),
  ADD KEY `id_lab` (`id_lab`),
  ADD KEY `id_oprec` (`id_oprec`);

--
-- Indexes for table `oprec_education`
--
ALTER TABLE `oprec_education`
  ADD PRIMARY KEY (`id_oprec_edu`),
  ADD KEY `id_oprec_general` (`id_oprec_gen`);

--
-- Indexes for table `oprec_file`
--
ALTER TABLE `oprec_file`
  ADD PRIMARY KEY (`id_of`),
  ADD KEY `id_oprec_gen` (`id_oprec_gen`);

--
-- Indexes for table `oprec_general`
--
ALTER TABLE `oprec_general`
  ADD PRIMARY KEY (`id_oprec_gen`),
  ADD KEY `id_oprec` (`id_oprec`,`id_lab`,`nim`),
  ADD KEY `id_major` (`id_major`);

--
-- Indexes for table `oprec_organization`
--
ALTER TABLE `oprec_organization`
  ADD PRIMARY KEY (`id_oprec_org`),
  ADD KEY `id_oprec_general` (`id_oprec_gen`);

--
-- Indexes for table `oprec_skills`
--
ALTER TABLE `oprec_skills`
  ADD PRIMARY KEY (`id_oprec_skills`),
  ADD KEY `id_oprec_gen` (`id_oprec_gen`);

--
-- Indexes for table `oprec_status`
--
ALTER TABLE `oprec_status`
  ADD PRIMARY KEY (`id_os`);

--
-- Indexes for table `software_lvl`
--
ALTER TABLE `software_lvl`
  ADD PRIMARY KEY (`id_sl`);

--
-- Indexes for table `student`
--
ALTER TABLE `student`
  ADD PRIMARY KEY (`nim`);

--
-- Indexes for table `system_menu`
--
ALTER TABLE `system_menu`
  ADD PRIMARY KEY (`id`);

--
-- Indexes for table `system_module`
--
ALTER TABLE `system_module`
  ADD PRIMARY KEY (`id_pm`);

--
-- Indexes for table `system_user`
--
ALTER TABLE `system_user`
  ADD PRIMARY KEY (`id_user`);

--
-- Indexes for table `system_user_lab`
--
ALTER TABLE `system_user_lab`
  ADD PRIMARY KEY (`id_sul`);

--
-- Indexes for table `system_user_level`
--
ALTER TABLE `system_user_level`
  ADD PRIMARY KEY (`id_level`);

--
-- Indexes for table `system_user_privileges`
--
ALTER TABLE `system_user_privileges`
  ADD PRIMARY KEY (`id_up`);

--
-- AUTO_INCREMENT for dumped tables
--

--
-- AUTO_INCREMENT for table `academic_year`
--
ALTER TABLE `academic_year`
  MODIFY `id_ay` int(11) NOT NULL AUTO_INCREMENT, AUTO_INCREMENT=3;

--
-- AUTO_INCREMENT for table `achievement_type`
--
ALTER TABLE `achievement_type`
  MODIFY `id_at` int(11) NOT NULL AUTO_INCREMENT, AUTO_INCREMENT=6;

--
-- AUTO_INCREMENT for table `assessment`
--
ALTER TABLE `assessment`
  MODIFY `id_as` int(11) NOT NULL AUTO_INCREMENT, AUTO_INCREMENT=9;

--
-- AUTO_INCREMENT for table `assessment_result`
--
ALTER TABLE `assessment_result`
  MODIFY `id_ar` int(11) NOT NULL AUTO_INCREMENT, AUTO_INCREMENT=6;

--
-- AUTO_INCREMENT for table `laboratory`
--
ALTER TABLE `laboratory`
  MODIFY `id_lab` int(11) NOT NULL AUTO_INCREMENT, AUTO_INCREMENT=17;

--
-- AUTO_INCREMENT for table `labwork`
--
ALTER TABLE `labwork`
  MODIFY `id_labwork` int(11) NOT NULL AUTO_INCREMENT, AUTO_INCREMENT=36;

--
-- AUTO_INCREMENT for table `lab_labwork`
--
ALTER TABLE `lab_labwork`
  MODIFY `id_ll` int(11) NOT NULL AUTO_INCREMENT, AUTO_INCREMENT=36;

--
-- AUTO_INCREMENT for table `major`
--
ALTER TABLE `major`
  MODIFY `id_major` int(11) NOT NULL AUTO_INCREMENT, AUTO_INCREMENT=4;

--
-- AUTO_INCREMENT for table `news`
--
ALTER TABLE `news`
  MODIFY `id_news` int(11) NOT NULL AUTO_INCREMENT, AUTO_INCREMENT=4;

--
-- AUTO_INCREMENT for table `oprec`
--
ALTER TABLE `oprec`
  MODIFY `id_oprec` int(11) NOT NULL AUTO_INCREMENT, AUTO_INCREMENT=20;

--
-- AUTO_INCREMENT for table `oprec_achievement`
--
ALTER TABLE `oprec_achievement`
  MODIFY `id_oprec_achievement` int(11) NOT NULL AUTO_INCREMENT, AUTO_INCREMENT=291;

--
-- AUTO_INCREMENT for table `oprec_detail`
--
ALTER TABLE `oprec_detail`
  MODIFY `id_od` int(11) NOT NULL AUTO_INCREMENT, AUTO_INCREMENT=20;

--
-- AUTO_INCREMENT for table `oprec_education`
--
ALTER TABLE `oprec_education`
  MODIFY `id_oprec_edu` int(11) NOT NULL AUTO_INCREMENT, AUTO_INCREMENT=334;

--
-- AUTO_INCREMENT for table `oprec_file`
--
ALTER TABLE `oprec_file`
  MODIFY `id_of` int(11) NOT NULL AUTO_INCREMENT, AUTO_INCREMENT=52;

--
-- AUTO_INCREMENT for table `oprec_organization`
--
ALTER TABLE `oprec_organization`
  MODIFY `id_oprec_org` int(11) NOT NULL AUTO_INCREMENT, AUTO_INCREMENT=474;

--
-- AUTO_INCREMENT for table `oprec_skills`
--
ALTER TABLE `oprec_skills`
  MODIFY `id_oprec_skills` int(11) NOT NULL AUTO_INCREMENT, AUTO_INCREMENT=492;

--
-- AUTO_INCREMENT for table `oprec_status`
--
ALTER TABLE `oprec_status`
  MODIFY `id_os` int(11) NOT NULL AUTO_INCREMENT, AUTO_INCREMENT=8;

--
-- AUTO_INCREMENT for table `software_lvl`
--
ALTER TABLE `software_lvl`
  MODIFY `id_sl` int(11) NOT NULL AUTO_INCREMENT, AUTO_INCREMENT=4;

--
-- AUTO_INCREMENT for table `system_menu`
--
ALTER TABLE `system_menu`
  MODIFY `id` tinyint(3) UNSIGNED NOT NULL AUTO_INCREMENT, AUTO_INCREMENT=36;

--
-- AUTO_INCREMENT for table `system_module`
--
ALTER TABLE `system_module`
  MODIFY `id_pm` int(11) NOT NULL AUTO_INCREMENT, AUTO_INCREMENT=7;

--
-- AUTO_INCREMENT for table `system_user`
--
ALTER TABLE `system_user`
  MODIFY `id_user` int(11) NOT NULL AUTO_INCREMENT, AUTO_INCREMENT=266;

--
-- AUTO_INCREMENT for table `system_user_lab`
--
ALTER TABLE `system_user_lab`
  MODIFY `id_sul` int(11) NOT NULL AUTO_INCREMENT, AUTO_INCREMENT=17;

--
-- AUTO_INCREMENT for table `system_user_level`
--
ALTER TABLE `system_user_level`
  MODIFY `id_level` int(11) NOT NULL AUTO_INCREMENT, AUTO_INCREMENT=5;

--
-- AUTO_INCREMENT for table `system_user_privileges`
--
ALTER TABLE `system_user_privileges`
  MODIFY `id_up` int(11) NOT NULL AUTO_INCREMENT, AUTO_INCREMENT=21;
COMMIT;

/*!40101 SET CHARACTER_SET_CLIENT=@OLD_CHARACTER_SET_CLIENT */;
/*!40101 SET CHARACTER_SET_RESULTS=@OLD_CHARACTER_SET_RESULTS */;
/*!40101 SET COLLATION_CONNECTION=@OLD_COLLATION_CONNECTION */;
