-- phpMyAdmin SQL Dump
-- version 4.8.4
-- https://www.phpmyadmin.net/
--
-- Host: 127.0.0.1:3306
-- Waktu pembuatan: 31 Mar 2019 pada 13.48
-- Versi server: 5.7.24
-- Versi PHP: 5.6.40

SET SQL_MODE = "NO_AUTO_VALUE_ON_ZERO";
SET AUTOCOMMIT = 0;
START TRANSACTION;
SET time_zone = "+00:00";


/*!40101 SET @OLD_CHARACTER_SET_CLIENT=@@CHARACTER_SET_CLIENT */;
/*!40101 SET @OLD_CHARACTER_SET_RESULTS=@@CHARACTER_SET_RESULTS */;
/*!40101 SET @OLD_COLLATION_CONNECTION=@@COLLATION_CONNECTION */;
/*!40101 SET NAMES utf8mb4 */;

--
-- Database: `intgr_iris`
--

-- --------------------------------------------------------

--
-- Struktur dari tabel `academic_year`
--

DROP TABLE IF EXISTS `academic_year`;
CREATE TABLE IF NOT EXISTS `academic_year` (
  `id_ay` int(11) NOT NULL AUTO_INCREMENT,
  `semester` varchar(50) NOT NULL,
  `run_year` varchar(9) NOT NULL,
  PRIMARY KEY (`id_ay`)
) ENGINE=MyISAM AUTO_INCREMENT=3 DEFAULT CHARSET=latin1;

--
-- Dumping data untuk tabel `academic_year`
--

INSERT INTO `academic_year` (`id_ay`, `semester`, `run_year`) VALUES
(1, 'Ganjil', '2018/2019'),
(2, 'Genap', '2018/2019');

-- --------------------------------------------------------

--
-- Struktur dari tabel `achievement_type`
--

DROP TABLE IF EXISTS `achievement_type`;
CREATE TABLE IF NOT EXISTS `achievement_type` (
  `id_at` int(11) NOT NULL AUTO_INCREMENT,
  `achievement_type_name` varchar(150) NOT NULL,
  PRIMARY KEY (`id_at`)
) ENGINE=InnoDB AUTO_INCREMENT=6 DEFAULT CHARSET=latin1;

--
-- Dumping data untuk tabel `achievement_type`
--

INSERT INTO `achievement_type` (`id_at`, `achievement_type_name`) VALUES
(1, 'Training'),
(2, 'Certification'),
(3, 'Seminar'),
(4, 'Conference'),
(5, 'Others');

-- --------------------------------------------------------

--
-- Struktur dari tabel `candidate`
--

DROP TABLE IF EXISTS `candidate`;
CREATE TABLE IF NOT EXISTS `candidate` (
  `nim` int(10) NOT NULL,
  `alamat` varchar(150) NOT NULL,
  `t_lahir` varchar(100) NOT NULL,
  `tgl_lahir` date NOT NULL,
  `email` varchar(50) NOT NULL,
  `tlp` varchar(12) NOT NULL,
  PRIMARY KEY (`nim`)
) ENGINE=InnoDB DEFAULT CHARSET=latin1;

--
-- Dumping data untuk tabel `candidate`
--

INSERT INTO `candidate` (`nim`, `alamat`, `t_lahir`, `tgl_lahir`, `email`, `tlp`) VALUES
(1201140033, 'Bojongsoang', 'Bandung', '0000-00-00', 'fik@ensyselab.com', '0815454455'),
(1201154229, 'kjkjk', 'Bali', '1993-05-18', 'arya@gmail.com', '0821177750');

-- --------------------------------------------------------

--
-- Struktur dari tabel `laboratory`
--

DROP TABLE IF EXISTS `laboratory`;
CREATE TABLE IF NOT EXISTS `laboratory` (
  `id_lab` int(11) NOT NULL AUTO_INCREMENT,
  `laboratory_name` varchar(255) NOT NULL,
  `short_name` varchar(10) NOT NULL,
  `icon` varchar(50) NOT NULL,
  `pembina` varchar(150) NOT NULL,
  PRIMARY KEY (`id_lab`),
  KEY `id_lab` (`id_lab`),
  KEY `laboratory_name` (`laboratory_name`),
  KEY `short_name` (`short_name`),
  KEY `pembina` (`pembina`)
) ENGINE=InnoDB AUTO_INCREMENT=11 DEFAULT CHARSET=latin1;

--
-- Dumping data untuk tabel `laboratory`
--

INSERT INTO `laboratory` (`id_lab`, `laboratory_name`, `short_name`, `icon`, `pembina`) VALUES
(1, 'Facilities Planning Laboratory', 'PFT', 'iconsi-pft', 'Ika Arum Puspita, S.T., M.T.'),
(2, 'Techno Economy Laboratory', 'TEKMI', 'iconsi-tekmi', 'Maria Della Rosawati, S.T., MBA'),
(3, 'Technical Drawing Laboratory', 'GTX', 'iconsi-gartek', 'Ayudita, S.T., M.Sc.'),
(4, 'Industrial Statistic & Operational Research Laboratory', 'SIPO', 'iconsi-sipo', 'Hilman Dwi Anggana., S.Si., M.Sc.'),
(5, 'Production System & Automation Laboratory', 'SISPROMASI', 'iconsi-sispromasi', 'Ir. Widia Juliani., M.T.'),
(6, 'Manufacturing Process Laboratory', 'PROSMAN', 'iconsi-prosman', 'Rino Andias Anugraha, S.T., M.M.'),
(7, 'Business Simulation Laboratory', 'SIMBI', 'iconsi-simbi', 'Dr. Femi Yulianti'),
(8, 'Work Design & Analysis Laboratory', 'APK&E', 'iconsi-apk', 'Mira Rahayu, S.T, M.T'),
(9, 'Product Development Laboratory', 'P-DEV', '', 'Muhammad Iqbal, S.T, M.M.'),
(10, 'Enterprise System Engineering', 'ENSYS', '', 'Rayinda Pramuditya Soesanto, ST., MT');

-- --------------------------------------------------------

--
-- Struktur dari tabel `labwork`
--

DROP TABLE IF EXISTS `labwork`;
CREATE TABLE IF NOT EXISTS `labwork` (
  `id_labwork` int(11) NOT NULL AUTO_INCREMENT,
  `labwork_name` varchar(100) NOT NULL,
  PRIMARY KEY (`id_labwork`)
) ENGINE=MyISAM AUTO_INCREMENT=4 DEFAULT CHARSET=latin1;

--
-- Dumping data untuk tabel `labwork`
--

INSERT INTO `labwork` (`id_labwork`, `labwork_name`) VALUES
(1, 'Algoritma dan Pemrograman Web (TI)'),
(2, 'Basis Data (TI)'),
(3, 'Perancangan Bisnis dan Tata Letak Industri');

-- --------------------------------------------------------

--
-- Struktur dari tabel `lab_labwork`
--

DROP TABLE IF EXISTS `lab_labwork`;
CREATE TABLE IF NOT EXISTS `lab_labwork` (
  `id_ll` int(11) NOT NULL AUTO_INCREMENT,
  `id_lab` int(11) NOT NULL,
  `id_labwork` int(11) NOT NULL,
  PRIMARY KEY (`id_ll`),
  KEY `id_lab` (`id_lab`),
  KEY `id_labwork` (`id_labwork`)
) ENGINE=MyISAM AUTO_INCREMENT=4 DEFAULT CHARSET=latin1;

--
-- Dumping data untuk tabel `lab_labwork`
--

INSERT INTO `lab_labwork` (`id_ll`, `id_lab`, `id_labwork`) VALUES
(1, 1, 3),
(2, 2, 3),
(3, 10, 3);

-- --------------------------------------------------------

--
-- Struktur dari tabel `major`
--

DROP TABLE IF EXISTS `major`;
CREATE TABLE IF NOT EXISTS `major` (
  `id_major` int(11) NOT NULL AUTO_INCREMENT,
  `major_name` varchar(100) NOT NULL,
  PRIMARY KEY (`id_major`)
) ENGINE=MyISAM AUTO_INCREMENT=4 DEFAULT CHARSET=latin1;

--
-- Dumping data untuk tabel `major`
--

INSERT INTO `major` (`id_major`, `major_name`) VALUES
(1, 'Industrial Engineering'),
(2, 'Information System'),
(3, 'Logistic Engineering');

-- --------------------------------------------------------

--
-- Struktur dari tabel `news`
--

DROP TABLE IF EXISTS `news`;
CREATE TABLE IF NOT EXISTS `news` (
  `id_news` int(11) NOT NULL AUTO_INCREMENT,
  `news_title` varchar(50) NOT NULL,
  `news_content` varchar(1000) NOT NULL,
  `date` timestamp NOT NULL,
  PRIMARY KEY (`id_news`)
) ENGINE=MyISAM AUTO_INCREMENT=4 DEFAULT CHARSET=latin1;

--
-- Dumping data untuk tabel `news`
--

INSERT INTO `news` (`id_news`, `news_title`, `news_content`, `date`) VALUES
(3, 'ada', 'adada', '2019-02-18 01:39:24');

-- --------------------------------------------------------

--
-- Struktur dari tabel `oprec`
--

DROP TABLE IF EXISTS `oprec`;
CREATE TABLE IF NOT EXISTS `oprec` (
  `id_oprec` int(11) NOT NULL AUTO_INCREMENT,
  `id_ay` int(11) NOT NULL,
  `id_labwork` int(11) NOT NULL,
  `start_date` date NOT NULL,
  `end_date` date NOT NULL,
  `description` varchar(500) NOT NULL,
  PRIMARY KEY (`id_oprec`),
  KEY `id_ay` (`id_ay`),
  KEY `id_labwork` (`id_labwork`)
) ENGINE=InnoDB AUTO_INCREMENT=6 DEFAULT CHARSET=latin1;

--
-- Dumping data untuk tabel `oprec`
--

INSERT INTO `oprec` (`id_oprec`, `id_ay`, `id_labwork`, `start_date`, `end_date`, `description`) VALUES
(1, 1, 0, '2017-11-02', '2017-11-30', 'rekrutmen asisten untuk praktikum alpro'),
(2, 1, 0, '2019-03-27', '2019-04-30', 'init'),
(3, 2, 1, '2019-03-30', '2019-04-06', 'Untuk rekruitasi alpro TI'),
(5, 2, 3, '2019-03-30', '2019-04-01', 'Praktikum TI');

-- --------------------------------------------------------

--
-- Struktur dari tabel `oprec_achievement`
--

DROP TABLE IF EXISTS `oprec_achievement`;
CREATE TABLE IF NOT EXISTS `oprec_achievement` (
  `id_oprec_achievement` int(11) NOT NULL AUTO_INCREMENT,
  `id_oprec_gen` varchar(8) NOT NULL,
  `achievement_type` int(11) NOT NULL,
  `achievement_name` varchar(300) NOT NULL,
  `year` int(4) NOT NULL,
  PRIMARY KEY (`id_oprec_achievement`),
  KEY `id_orpec_gen` (`id_oprec_gen`,`achievement_type`)
) ENGINE=InnoDB AUTO_INCREMENT=4 DEFAULT CHARSET=latin1;

--
-- Dumping data untuk tabel `oprec_achievement`
--

INSERT INTO `oprec_achievement` (`id_oprec_achievement`, `id_oprec_gen`, `achievement_type`, `achievement_name`, `year`) VALUES
(1, 'R0110000', 1, 'Laravel', 2017),
(2, 'R0201000', 4, 'Best Paper', 2016),
(3, 'R0502000', 1, 'Excel basic', 2012);

-- --------------------------------------------------------

--
-- Struktur dari tabel `oprec_detail`
--

DROP TABLE IF EXISTS `oprec_detail`;
CREATE TABLE IF NOT EXISTS `oprec_detail` (
  `id_od` int(11) NOT NULL AUTO_INCREMENT,
  `id_oprec` int(11) NOT NULL,
  `id_lab` int(11) NOT NULL,
  PRIMARY KEY (`id_od`),
  KEY `id_lab` (`id_lab`),
  KEY `id_oprec` (`id_oprec`)
) ENGINE=InnoDB AUTO_INCREMENT=12 DEFAULT CHARSET=latin1;

--
-- Dumping data untuk tabel `oprec_detail`
--

INSERT INTO `oprec_detail` (`id_od`, `id_oprec`, `id_lab`) VALUES
(1, 1, 10),
(2, 2, 1),
(3, 2, 2),
(4, 2, 10),
(5, 0, 10),
(9, 5, 1),
(10, 5, 2),
(11, 5, 10);

-- --------------------------------------------------------

--
-- Struktur dari tabel `oprec_education`
--

DROP TABLE IF EXISTS `oprec_education`;
CREATE TABLE IF NOT EXISTS `oprec_education` (
  `id_oprec_edu` int(11) NOT NULL AUTO_INCREMENT,
  `id_oprec_gen` varchar(8) NOT NULL,
  `year` int(4) NOT NULL,
  `education` varchar(300) NOT NULL,
  PRIMARY KEY (`id_oprec_edu`),
  KEY `id_oprec_general` (`id_oprec_gen`)
) ENGINE=InnoDB AUTO_INCREMENT=8 DEFAULT CHARSET=latin1;

--
-- Dumping data untuk tabel `oprec_education`
--

INSERT INTO `oprec_education` (`id_oprec_edu`, `id_oprec_gen`, `year`, `education`) VALUES
(2, 'R0110000', 2012, 'SMA 5'),
(3, 'R0110000', 2015, 'TelU'),
(4, 'R0201000', 2009, 'SMA Negeri 9 Bandung'),
(5, 'R0201000', 2006, 'SMP 9 Bandung'),
(6, 'R0201000', 2003, 'SD Angkasa 3 Bandung'),
(7, 'R0502000', 2015, 'SMA');

-- --------------------------------------------------------

--
-- Struktur dari tabel `oprec_file`
--

DROP TABLE IF EXISTS `oprec_file`;
CREATE TABLE IF NOT EXISTS `oprec_file` (
  `id_of` int(11) NOT NULL AUTO_INCREMENT,
  `id_oprec_gen` varchar(8) NOT NULL,
  `khs_url` varchar(100) NOT NULL,
  `photo_url` varchar(100) NOT NULL,
  PRIMARY KEY (`id_of`),
  KEY `id_oprec_gen` (`id_oprec_gen`)
) ENGINE=MyISAM AUTO_INCREMENT=3 DEFAULT CHARSET=latin1;

--
-- Dumping data untuk tabel `oprec_file`
--

INSERT INTO `oprec_file` (`id_of`, `id_oprec_gen`, `khs_url`, `photo_url`) VALUES
(1, 'R0201000', 'uploads/R0201000.rar', 'uploads/R0201000.jpg'),
(2, 'R0502000', 'uploads/R0502000.rar', 'uploads/R0502000.jpg');

-- --------------------------------------------------------

--
-- Struktur dari tabel `oprec_general`
--

DROP TABLE IF EXISTS `oprec_general`;
CREATE TABLE IF NOT EXISTS `oprec_general` (
  `id_oprec_gen` varchar(8) NOT NULL,
  `id_oprec` int(11) NOT NULL,
  `id_major` int(11) NOT NULL,
  `id_lab` int(11) NOT NULL,
  `nim` int(10) NOT NULL,
  `motto` varchar(300) NOT NULL,
  `gpa` float NOT NULL,
  `motivation` varchar(500) NOT NULL,
  `oprec_status` int(11) NOT NULL,
  PRIMARY KEY (`id_oprec_gen`),
  KEY `id_oprec` (`id_oprec`,`id_lab`,`nim`),
  KEY `id_major` (`id_major`)
) ENGINE=InnoDB DEFAULT CHARSET=latin1;

--
-- Dumping data untuk tabel `oprec_general`
--

INSERT INTO `oprec_general` (`id_oprec_gen`, `id_oprec`, `id_major`, `id_lab`, `nim`, `motto`, `gpa`, `motivation`, `oprec_status`) VALUES
('R0110000', 1, 0, 10, 1201140033, 'adasd', 2.58, 'adadadada', 2),
('R0201000', 2, 1, 2, 1201154229, 'Hidup adalah kuncii', 3.7, 'karena ingin', 2),
('R0502000', 5, 1, 10, 1201140033, 'hidup', 3.22, 'karena ku sanggup', 2);

-- --------------------------------------------------------

--
-- Struktur dari tabel `oprec_organization`
--

DROP TABLE IF EXISTS `oprec_organization`;
CREATE TABLE IF NOT EXISTS `oprec_organization` (
  `id_oprec_org` int(11) NOT NULL AUTO_INCREMENT,
  `id_oprec_gen` varchar(8) NOT NULL,
  `year` int(4) NOT NULL,
  `org_name` varchar(150) NOT NULL,
  `position` varchar(150) NOT NULL,
  PRIMARY KEY (`id_oprec_org`),
  KEY `id_oprec_general` (`id_oprec_gen`)
) ENGINE=InnoDB AUTO_INCREMENT=4 DEFAULT CHARSET=latin1;

--
-- Dumping data untuk tabel `oprec_organization`
--

INSERT INTO `oprec_organization` (`id_oprec_org`, `id_oprec_gen`, `year`, `org_name`, `position`) VALUES
(1, 'R0110000', 2010, 'Walhi', 'Ketua Cabang'),
(2, 'R0201000', 2012, 'Telkom University', 'OC PERFECT'),
(3, 'R0502000', 2018, 'Facebook', 'Admin');

-- --------------------------------------------------------

--
-- Struktur dari tabel `oprec_skills`
--

DROP TABLE IF EXISTS `oprec_skills`;
CREATE TABLE IF NOT EXISTS `oprec_skills` (
  `id_oprec_skills` int(11) NOT NULL AUTO_INCREMENT,
  `id_oprec_gen` varchar(8) NOT NULL,
  `software_name` varchar(200) NOT NULL,
  `software_lvl` int(11) NOT NULL,
  PRIMARY KEY (`id_oprec_skills`),
  KEY `id_oprec_gen` (`id_oprec_gen`)
) ENGINE=InnoDB AUTO_INCREMENT=5 DEFAULT CHARSET=latin1;

--
-- Dumping data untuk tabel `oprec_skills`
--

INSERT INTO `oprec_skills` (`id_oprec_skills`, `id_oprec_gen`, `software_name`, `software_lvl`) VALUES
(2, 'R0110000', 'Microsoft Office', 1),
(3, 'R0201000', 'Codeigniter', 3),
(4, 'R0502000', 'Excel', 2);

-- --------------------------------------------------------

--
-- Struktur dari tabel `oprec_status`
--

DROP TABLE IF EXISTS `oprec_status`;
CREATE TABLE IF NOT EXISTS `oprec_status` (
  `id_os` int(11) NOT NULL AUTO_INCREMENT,
  `status_name` varchar(100) NOT NULL,
  PRIMARY KEY (`id_os`)
) ENGINE=InnoDB AUTO_INCREMENT=7 DEFAULT CHARSET=latin1;

--
-- Dumping data untuk tabel `oprec_status`
--

INSERT INTO `oprec_status` (`id_os`, `status_name`) VALUES
(1, 'Applying'),
(2, 'Registration Finish'),
(3, 'Administrative Checking'),
(4, 'On Going'),
(5, 'Success'),
(6, 'Failed');

-- --------------------------------------------------------

--
-- Struktur dari tabel `software_lvl`
--

DROP TABLE IF EXISTS `software_lvl`;
CREATE TABLE IF NOT EXISTS `software_lvl` (
  `id_sl` int(11) NOT NULL AUTO_INCREMENT,
  `lvl_name` varchar(100) NOT NULL,
  PRIMARY KEY (`id_sl`)
) ENGINE=InnoDB AUTO_INCREMENT=4 DEFAULT CHARSET=latin1;

--
-- Dumping data untuk tabel `software_lvl`
--

INSERT INTO `software_lvl` (`id_sl`, `lvl_name`) VALUES
(1, 'Beginner'),
(2, 'Intermediate'),
(3, 'Advance');

-- --------------------------------------------------------

--
-- Struktur dari tabel `student`
--

DROP TABLE IF EXISTS `student`;
CREATE TABLE IF NOT EXISTS `student` (
  `nim` varchar(10) NOT NULL,
  `student_name` varchar(255) NOT NULL,
  `student_status` int(1) NOT NULL,
  PRIMARY KEY (`nim`)
) ENGINE=InnoDB DEFAULT CHARSET=latin1;

--
-- Dumping data untuk tabel `student`
--

INSERT INTO `student` (`nim`, `student_name`, `student_status`) VALUES
('1102080008', 'OKTA ADI SOPAR', 1),
('1102090038', 'ABDURRAHMAN A', 1),
('1102090065', 'MUHAMMAD FARID ANAS', 1),
('1102091073', 'YUNA RIDHO MAPAREZA', 1),
('1102100001', 'ANGGOLETOMI MP', 1),
('1102100005', 'AGNEFLIANDREW PONGSAPAN', 1),
('1102100017', 'RAMDHAN PRAGUSTIAN', 1),
('1102100020', 'NOVIA EVI FIKRIYAH', 1),
('1102100023', 'REZA GILANG PRAMONO', 1),
('1102100024', 'MOHAMMAD RHEZA FIRMANSYAH', 1),
('1102100032', 'DENNY KARNELUS SINAGA', 1),
('1102100033', 'ZOLA PERMATA SARI', 1),
('1102100036', 'ROBY PRATAMA', 1),
('1102100039', 'RADITYA ARTHA PRASETYO', 1),
('1102100045', 'RIDHO FADRIAN PUTRA', 1),
('1102100048', 'YANDRI ILLHAM ZR', 1),
('1102100077', 'GHITA DEVIRA', 1),
('1102100081', 'ADE RAHMAN RANI', 1),
('1102100082', 'AIDHIL PRATHAMA', 2),
('1102100083', 'ERICSON RICARDO', 1),
('1102100115', 'VERY AL QADR', 1),
('1102100125', 'GALIH PRATAMA', 2),
('1102100133', 'ARI BONARDO PANGIHUTAN PURBA', 1),
('1102100165', 'YETI CANDRA DWI ANGGRAINI', 1),
('1102100169', 'MUCHAMMAD FEBREYHAN', 1),
('1102101178', 'ABDULLAH FAQIH', 1),
('1102101196', 'FRAN SERANO ANDRES', 1),
('1102101200', 'ADHELIA RATNA YUNIDAR', 1),
('1102101201', 'DIANA MAWARNI', 1),
('1102104217', 'BAGUS ADIIB AL HAQ', 1),
('1102104220', 'I GEDE JANANURAGA', 1),
('1102104222', 'DEWA GEDE PANDU PRASTHA', 2),
('1102104241', 'I DEWA MADE WAHYU WIRADUTA', 1),
('1102110001', 'INTON PRABOWO SIMARMATA', 1),
('1102110002', 'NURYSKHA', 1),
('1102110003', 'DYAH KUSUMASTUTI', 1),
('1102110004', 'AZIZ PRATAMA THAHIR', 1),
('1102110005', 'M. NAQI SYIRAZI', 1),
('1102110006', 'INDAH PERTIWI YULIANA SARI', 1),
('1102110007', 'FIRMAN RAMDHANA', 1),
('1102110008', 'MUHAMMAD TAUFIK', 1),
('1102110009', 'MUHAMMAD REZA', 1),
('1102110011', 'YUVIE MUTIARASARI', 1),
('1102110012', 'RISKIKA DEA PRATAMA', 1),
('1102110013', 'MUHAMMAD HAQQY ERDATA NASUTION', 1),
('1102110014', 'EMMANUEL RADITYA PRATAMA', 1),
('1102110015', 'PRASETIA PRAMUDITA YULIARSO', 1),
('1102110016', 'ADITYA RIFQI PRATAMA', 1),
('1102110017', 'RATNA WULAN SARI', 1),
('1102110018', 'ABD KARIM BASIR', 1),
('1102110019', 'SITI ZAHRA PERDANANINGSIH', 1),
('1102110020', 'PUTRA RAMADHAN HERU HERMAWAN', 1),
('1102110021', 'ZUMAR HASANI', 1),
('1102110022', 'SAMHURI IKBAL PRADANA', 1),
('1102110023', 'MUHAMMAD ARIKO PAKUSADEWO', 1),
('1102110024', 'MUHAMMAD ARYA MARDIANSYAH', 1),
('1102110025', 'FAIZAL WAHYU WINARSA', 1),
('1102110026', 'GITA PURNAMA SARI', 1),
('1102110027', 'ROBIN PITTUBATU', 1),
('1102110028', 'MAHARDIANI BENINGRUM', 1),
('1102110029', 'DIRA PUTRI JANUARTI', 1),
('1102110030', 'NURUL APRILIANI', 1),
('1102110031', 'SHYLVIA DEVIANI', 1),
('1102110032', 'RR ASRI ISMAYA PUTRI', 1),
('1102110033', 'RIZALDI NURILHUDA', 1),
('1102110034', 'RIZKY NURTI WIDIHARSATI', 1),
('1102110035', 'DIMAS PRABU TEJONUGROHO', 1),
('1102110036', 'FATKHUREZA', 1),
('1102110037', 'DEYA IKA WARDANI', 1),
('1102110038', 'MUHAMMAD HILMAN KUSNAWAN', 1),
('1102110039', 'MENTARI HARDYANINGRUM', 1),
('1102110040', 'RIZKI NUR RACHMAN', 1),
('1102110041', 'INDAH KUSUMA M NOOR', 1),
('1102110042', 'AMALIA SYAFITRI', 1),
('1102110043', 'ANITA WIDIJULIANA', 1),
('1102110044', 'PRAYOGI HARDIYANTO', 2),
('1102110045', 'MUHAMAD KHRISNA PAMBUDI', 1),
('1102110046', 'YUSHA RAHMAN ADIGUNA', 1),
('1102110047', 'NI KADEK DEWI PRADNYAWATI', 1),
('1102110048', 'MUHAMMAD IQBAL ROSYIDIN', 1),
('1102110049', 'RIFKY KURNIAWAN FAISAL ARIEF', 1),
('1102110050', 'FAUZAN NURRAHMAN', 1),
('1102110051', 'RISFINA BEBY KHAIRUL', 1),
('1102110052', 'MOHAMAD BANGUN WICAKSONO', 1),
('1102110053', 'AMMAR NAUFAL', 1),
('1102110054', 'MAS AMIRUL MAHENDRA WIBISANA', 1),
('1102110055', 'TRIASTUTY PARDEDE', 1),
('1102110056', 'HILMAN SYAHIR', 1),
('1102110057', 'HARLY MIFTA NURFALA', 1),
('1102110058', 'ELIA SEBASTIAN', 1),
('1102110059', 'ASRIE PERMATA DINI', 1),
('1102110060', 'MUHAMMAD FIRMANSYAH PUTRA', 1),
('1102110061', 'SHINTA MEILIANA HERDIANI', 1),
('1102110062', 'ADIN YUSTI YULIAN', 1),
('1102110063', 'NURMAULIDA ANGGI WIDIATI', 1),
('1102110064', 'MUHAMAD ANJAR PERMANA', 1),
('1102110065', 'RIFKY IQBAL YURIANDI', 1),
('1102110066', 'SERLY DWI ARIYANTI', 1),
('1102110067', 'PUTRI NANDARI ELMAN ASTADIPURA', 1),
('1102110068', 'DIAN AYU SEPTINA', 1),
('1102110069', 'MOHAMAD ILYAS FATURRAKHMAN', 1),
('1102110070', 'NGURAH WIRA NUGRAHA', 1),
('1102110071', 'ELIZA ANGGRAINI JOEFATHA', 1),
('1102110072', 'M SALAHUDIN AL AYUBI', 1),
('1102110073', 'MUHAMMAD ARIANTO', 1),
('1102110074', 'YUKI PUTRI ARIFIANTI', 1),
('1102110075', 'REZA SATYA RAHMAWAN', 1),
('1102110076', 'ROSI PRATIWI', 1),
('1102110077', 'ARGARI ALPHARIANTO', 1),
('1102110078', 'YOGI PURNAMA PUTRA', 1),
('1102110079', 'ULLY TRI KIRANA', 1),
('1102110080', 'SUSI ANANTAMI S.', 1),
('1102110081', 'VERONIKA SARI ASIH', 1),
('1102110082', 'SHINTA KURNIA ILLAHI', 1),
('1102110083', 'DIMAS KURNIANTORO AJI', 1),
('1102110084', 'ANGGA HIDAYAH RAMADHAN', 1),
('1102110085', 'ALFRIANIKO ANGGRIAWAN', 1),
('1102110086', 'ROMYAH BIGHOIRI ROMY', 1),
('1102110087', 'DIAN AYU APRIANTI', 1),
('1102110088', 'FAZRI SATRIA DHARMAWANPUTRA', 1),
('1102110089', 'RYAN RACHMADIAN', 1),
('1102110090', 'RANDY PRADANA', 1),
('1102110091', 'VITA ARDIANA SARI', 1),
('1102110092', 'GILANG RAMADHAN', 1),
('1102110093', 'KEVIN RA JOELIAN', 1),
('1102110094', 'ANNISAA RASYIDA', 1),
('1102110095', 'EDWINA', 1),
('1102110096', 'ARI HENDRIYANTO', 1),
('1102110097', 'DINNURILLAH FEBRYANTI', 1),
('1102110098', 'RAMDAN NURALAM SYAHBANDI', 1),
('1102110099', 'FAUZAN GHIFARI', 1),
('1102110100', 'AMANDA INKE MAHARDIKA', 1),
('1102110101', 'DECKY RIDHO SAHERTIAN', 1),
('1102110102', 'YOGA DARMAWAN', 1),
('1102110103', 'MICHAEL PANJAITAN', 1),
('1102110104', 'ISYALIA DWI HANDAYANI', 1),
('1102110105', 'DESI ARISKA', 1),
('1102110106', 'YANDI GOKLAS ADVENTINO HUTABARAT', 1),
('1102110107', 'NADYA', 1),
('1102110108', 'TARIPAR RUMAPEA', 1),
('1102110109', 'DIMAS FAJAR GUMILANG', 1),
('1102110110', 'IMELIA RIZKI LESTARI', 1),
('1102110111', 'GERRY GUMILAR ARDIMANGGALA', 1),
('1102110112', 'ZULASTINA MEITY SHUANA WINNYFRED', 1),
('1102110113', 'BILLY CALVIN IMMANUEL', 1),
('1102110115', 'DERY ACHMAD DEVIANDI', 1),
('1102110116', 'SUCI RACHMA SARI', 1),
('1102110117', 'PERTA HARIYANTO', 1),
('1102110118', 'FAKHRAN MUHAMMAD', 1),
('1102110119', 'REGI ALVINO', 1),
('1102110120', 'PITRI FANI SANDJAYA', 1),
('1102110121', 'NATA SATYA PUTRI', 1),
('1102110122', 'YAN HABIB', 1),
('1102110123', 'FAKHRURROZI', 1),
('1102110124', 'ACHMAD RUSVITO UDAYA', 1),
('1102110125', 'WIWIT MULYANINGSIH', 1),
('1102110126', 'RAHMAT HABIBIE BARIYANTO', 1),
('1102110127', 'SATRYO DWI SUTRISNO', 1),
('1102110128', 'GHEA ALFASYAH', 1),
('1102110129', 'SATYA WICAKSANA MUKHLISIN', 1),
('1102110130', 'EGGY CAESARIO CHANIAGO', 1),
('1102110131', 'REZA MOHAMMAD RIFKY', 1),
('1102110132', 'ANITA RACHMAWATI SUJITO', 1),
('1102110133', 'KEVIN REZA ANDARU', 1),
('1102110134', 'DWITA PUTRI NUR MAHARANI SETIAWAN', 1),
('1102110135', 'ANGGARA CIPTA RIYANTO', 1),
('1102110136', 'HIMAWAN SANTOSO', 1),
('1102110137', 'DIA DHONNIMUH BKL', 1),
('1102110138', 'IDA AYU MADE CAHYANTI PUSPA', 1),
('1102110139', 'GRANDHIA AGIL PATRIA', 1),
('1102110140', 'AGUS BUDIYANTO', 1),
('1102110141', 'SHAULA TIOMINAR REBECCA', 1),
('1102110142', 'WIDYA DWI HIDAYATI', 1),
('1102110143', 'RENDI SATRIO EKOPUTRO', 1),
('1102110144', 'MUHARAM GINANJAR JATNIKA', 1),
('1102110145', 'HAFIZ ABDUL AZIS', 1),
('1102110146', 'CHANDRA ALAMSYAH', 1),
('1102110147', 'HAFIZ RIZKY UTAMA', 1),
('1102110148', 'MOHAMMAD BILGHIFARI ASTIAN', 1),
('1102110149', 'RICKY MUHAMMAD FIRDAUS', 1),
('1102110150', 'VANDI ALFIAN AHMAD', 1),
('1102110151', 'ROBBY FACHRI', 1),
('1102110152', 'RICKY DARMAWAN', 1),
('1102110153', 'ZEYNABILA KHEISTA SAKINA', 1),
('1102110154', 'ANDRI WAHYUDI', 1),
('1102110155', 'MOEHAMMAD BUDHICAHYANTO', 1),
('1102110156', 'M. ALTHOB BRONI', 1),
('1102110157', 'DHINAR RIZKI ISMAIL', 1),
('1102110158', 'ILHAM NURHADI', 1),
('1102110159', 'AZHARI FAUZI DIN NUGRAHA', 1),
('1102110161', 'AYU IRMA LESTARI', 1),
('1102110162', 'YOGIE PARAMA ISKANDAR', 1),
('1102110163', 'SRI YUNI OKTARINA', 1),
('1102110164', 'GALANDA DJAMAL', 1),
('1102110165', 'IRMA NURMAWANTI', 1),
('1102110166', 'I GEDE WISUDA PURA', 1),
('1102110167', 'AMANAH ANSARULLAH', 1),
('1102110168', 'DITYA DWI ASTUTI', 1),
('1102110169', 'FARLI ERIGGA PUTRA', 1),
('1102110170', 'REANO ANGGRADWIKA', 1),
('1102110171', 'IRFANDI JULIANSYAH', 1),
('1102110172', 'RAHMAT DEWAN DANA', 1),
('1102110173', 'RAHAYU NOVITA TANZIL', 1),
('1102110174', 'HANI NOVITA TRESNASARI', 1),
('1102110175', 'ROBY AKBAR MAULANA', 1),
('1102110177', 'FIKY RIYANDARMAWAN PRATAMA', 1),
('1102110178', 'NIRWAN APRIDO', 1),
('1102110179', 'ANOM AMIRUL HAK', 1),
('1102110180', 'NAUVAL FURQON AMALY', 1),
('1102110182', 'RIZALDI IHSAN DARMAWAN', 1),
('1102110183', 'MARDHIYYAH', 1),
('1102110184', 'ANNANDYA SAVITRI SOETRISNO PUTRI', 1),
('1102110185', 'MUTIAH ROSITASARI', 1),
('1102110186', 'HILDA RISMAYANTI', 1),
('1102110187', 'NUANSA SHELLA TADESTARIKA', 1),
('1102110188', 'EVA ZALIHA SATYATI', 1),
('1102110189', 'IRFAN WICAKSONO SUGIYO', 1),
('1102110190', 'SABRINA AYU HERMAWATI', 1),
('1102110191', 'PARAMADITYA ARISMAWATI', 1),
('1102110192', 'RANDY PRATAMA', 2),
('1102110193', 'DIKI ELFAN REKSAWANA', 1),
('1102110195', 'ARIO DWI WRAHATNOLO', 1),
('1102110196', 'ANGELA MERICI DINDA LARASATI', 1),
('1102110197', 'ERWIN NUR PURNOMO', 1),
('1102110198', 'ALHAMDI FIKRI', 1),
('1102110199', 'DIMAS ANGGORO', 1),
('1102110200', 'NOVALINO', 1),
('1102110201', 'DEDEN GUNA SASMITHA', 1),
('1102110203', 'ANDINI SELFIYANA', 1),
('1102110204', 'ALAN ARIF DHARMASAPUTRA', 1),
('1102110205', 'WAHYU BAGUS RILO PAMBUDI', 1),
('1102110206', 'SILVI RUSHANTI WIDODO', 1),
('1102110207', 'FRANSISCUS SUCIPTO', 1),
('1102110208', 'MOHAMAD ILHAM FAUZAN', 1),
('1102110209', 'TYAS DANNY SETYANINGRUM', 1),
('1102110210', 'RYANDITO ARYO DIMASTYANANDA', 1),
('1102110211', 'MUHAMMAD AGUNG AGRIZA', 1),
('1102110212', 'RISKA RETNO WIDYANINGSIH', 1),
('1102110213', 'VALDY SEPTYANO', 1),
('1102110214', 'TEDY ARDIYONO', 1),
('1102110215', 'DIMAS LANGGA TRIANDARU', 1),
('1102110216', 'ANNISA HUSNA ALIF', 1),
('1102110217', 'TITO TRY ARTO', 1),
('1102110218', 'NURUL HIDAYATI', 1),
('1102110219', 'YULINDA USWATUN KASANAH', 1),
('1102110220', 'MOHAMAD RIZKY UTOMO', 1),
('1102111221', 'M NUSEM HUDIANTOKO', 1),
('1102114222', 'KARTIKA ANDINI PUTRI', 1),
('1102114223', 'MUHAMMAD ISRAQ FAJRI', 1),
('1102114224', 'NUR ISTU BARWATI', 1),
('1102114225', 'CUT CHAERANI AMANDA', 1),
('1102114226', 'VITA YUAN URBANINGRUM', 1),
('1102114227', 'NI KADEK MAS DESY HERDIANI', 1),
('1102114228', 'AMANDA PUSPITA PERMATA SARI', 1),
('1102114229', 'MIRANTY MUHARRANI', 1),
('1102114230', 'VIORINA RACHMINDA PUTRI', 1),
('1102114231', 'KHAIRUL ABRAR', 1),
('1102114232', 'AMELIA HEGISTA FRIZIA', 1),
('1102114233', 'PUTRI LUITA DEWI', 1),
('1102114234', 'ESTI DWIRINI', 1),
('1102114285', 'CINDY MALINDA USCHA', 2),
('1102120001', 'GEDE DIPA BAYU BRATHA', 2),
('1102120002', 'GHIYATS NUR SYAFIQ ABDUL QADIR', 2),
('1102120003', 'AVIANA TARA CYNTHIA', 2),
('1102120004', 'FAHRIAN', 2),
('1102120005', 'KENSYA FADLI AGUSTIANT PUTRA', 2),
('1102120006', 'SABILA SYAFITRI PAMBUDI', 2),
('1102120007', 'M. ADHITYA EKA SEPTYAN', 2),
('1102120008', 'MAULINA DWIWANTI', 2),
('1102120009', 'WUKIR PREWITA AJI', 2),
('1102120011', 'M.SIDDIQ NUGRAHA', 2),
('1102120012', 'HERNANDA PRADITYA', 2),
('1102120015', 'ERLANGGA BAYU SETYAWAN', 2),
('1102120016', 'FITRIYATUL JANNAH', 2),
('1102120017', 'R. IRWAN DWI CAHYO', 2),
('1102120019', 'MUTIA CINTYA RAHMI', 2),
('1102120020', 'EVA ANDIANA', 2),
('1102120021', 'MUHAMMAD RIDWAN HAKIM', 2),
('1102120022', 'DOLY ARGA', 2),
('1102120023', 'RAHMAT REZKI', 2),
('1102120024', 'ALDWYN HAZAGHI', 2),
('1102120026', 'AMRULLAH PAKSI IMAMI', 2),
('1102120028', 'ADITYA SULISTIYO SUWARNO', 2),
('1102120029', 'REZA FAJRUL RAHMADI', 2),
('1102120030', 'TAUFIK AKHMAL', 2),
('1102120031', 'DINNI RIFANI', 2),
('1102120032', 'HAFIZH MUHAMMAD ALMARAGHI SUHARJA', 2),
('1102120033', 'YURINDA AMALIA', 2),
('1102120034', 'MUHAMMAD RASYID RIDHA', 2),
('1102120035', 'NUR INTAN DHEWANTY MAYANGSARI', 2),
('1102120036', 'LULU KURNIA AGUSTIN', 2),
('1102120037', 'QISTHI MAHRAN HARAHAP', 2),
('1102120039', 'ARI PRAYOGO', 2),
('1102120040', 'GUSRAMDHAN ADITAMA', 2),
('1102120041', 'ALIF DARYONO', 2),
('1102120043', 'JESSAYA HARYADI HARAHAP', 2),
('1102120044', 'ICHWANUL IMAN', 2),
('1102120045', 'RENDRA GILANG YUNIARTO', 2),
('1102120046', 'ANDHIKA MEIZIANO', 2),
('1102120047', 'MUHAMMAD TAUFIQ HERDIKATAMA', 2),
('1102120048', 'NURUL FADILAH', 2),
('1102120049', 'RIZALDI DARMAWAN', 2),
('1102120050', 'RADITYO ARI WIDIANTO', 2),
('1102120051', 'LELLYTA NURANI PANGESTIKA', 2),
('1102120052', 'ISTIANAH NEDIA', 2),
('1102120053', 'MUCHAMAD REZA ALI AKBAR', 2),
('1102120054', 'HILDA AWWALIYA', 2),
('1102120055', 'DIAN AUDINA JAUFANTI', 2),
('1102120056', 'ANDI ISTAMARUDIN', 2),
('1102120057', 'WITSQO FULKIASFARI INDRADJAJA', 2),
('1102120058', 'MUFTI ZAKIAH MULIANTI', 2),
('1102120059', 'HERU ANGGORO SEMERU', 2),
('1102120060', 'AMINAH UMI KHAMIDAH', 2),
('1102120061', 'ANNISA SALMA HANIFAH', 2),
('1102120062', 'DITHA YUSFIANA MARYANI', 2),
('1102120063', 'DESY AISYAH WULANDARI', 2),
('1102120064', 'DESTINA SURYA DHAMAYANTI', 2),
('1102120065', 'NICKY PUSPITASARI', 2),
('1102120066', 'MARNI ANITA SULASTRI SIHITE', 2),
('1102120067', 'TIO AUZAN HAWALI', 2),
('1102120068', 'BELLADITA CRISHNATA HEMAGITHA', 2),
('1102120069', 'MUHAMMAD RAMADHAN NURHAN BASRI', 2),
('1102120070', 'MUHAMMAD RIDHO YUNIANTO', 2),
('1102120071', 'ADE SULEMAN YUSUF', 2),
('1102120072', 'DIAN FATIMAH PUTRI', 2),
('1102120073', 'MIFTAKHUL HUDA ERIK PERMADI', 2),
('1102120074', 'QOLLI KUSUMA', 2),
('1102120075', 'DAVID SIMANGUNSONG', 2),
('1102120076', 'DRAVIAN FAKHRI GUNAWAN', 2),
('1102120077', 'AURINGGA NOVINDRA', 2),
('1102120079', 'FA\'IDH FADHILAH EDRIAN', 2),
('1102120081', 'DIMAS NUGROHO', 2),
('1102120082', 'FAUZI RAMADHIAN', 2),
('1102120083', 'EMERAL SAKINAH', 2),
('1102120084', 'ADAM NAUFALDY', 2),
('1102120085', 'MUHAMMAD ABDAL', 2),
('1102120086', 'MUHAMMAD HASBI', 2),
('1102120087', 'YUSSIWI PURWITASARI', 2),
('1102120088', 'FERDIAN RAMADHAN PRATAMA', 2),
('1102120091', 'muhammad rhizky irwienanda', 2),
('1102120092', 'MOHAMAD SUBKHI PRIONO', 2),
('1102120093', 'TIAS ADIWIJAYA', 2),
('1102120094', 'MOHAMMAD WAHYUDI PUTRA', 2),
('1102120095', 'LATHVIA ARDHANA', 2),
('1102120096', 'EVI MARCHELINA', 2),
('1102120097', 'PRIYANGGA ARYA SADEWA', 2),
('1102120098', 'RADEN MUHAMAD MARJAN FAISAL', 2),
('1102120099', 'IFRAH FUADY', 2),
('1102120100', 'ARBIDINATA SETIAWAN', 2),
('1102120101', 'SYAFAATUL UDHMA NUGRAHA', 2),
('1102120102', 'INTAN WIDIYANTI', 2),
('1102120103', 'NURTYO WIDYA KURNIAWAN', 2),
('1102120104', 'RAHMAT RAMADHANI BAYU', 2),
('1102120105', 'SEREPINA APRILLIANI PURWANINGSIH NAIBAHO', 2),
('1102120106', 'VALINOUSKI AULIA', 2),
('1102120108', 'TONY IQBAL RAHMADIKA', 2),
('1102120111', 'PRAFAJAR SUKSESANNO MUTTAQIN', 2),
('1102120112', 'PUSPITA KARTIKA WILIS', 2),
('1102120113', 'DAMANHURI NURUL HUDA', 2),
('1102120114', 'ALAN TRI WIJAYA', 2),
('1102120115', 'GIFTA OKTAVIA FAJRIYANTI', 2),
('1102120116', 'DODIK PRADANA', 2),
('1102120117', 'DANIEL TAMBUNAN', 2),
('1102120118', 'NIA NOVITASARI', 2),
('1102120119', 'YOVI MERDALINA', 2),
('1102120120', 'YUSUF BADARY SIDIQ', 2),
('1102120121', 'ANANDA KUSUMO AJI', 2),
('1102120122', 'FACHMI AGUNG CALISTA', 2),
('1102120123', 'WILDAN RASYID ABDAT', 2),
('1102120124', 'M. RIFKY VIDIARTA', 2),
('1102120126', 'ALBERT ELMADAM GINTING', 2),
('1102120127', 'REBECCA TIUR', 2),
('1102120128', 'ASYIFA FADHILA RIZKI', 2),
('1102120129', 'RAVINSKA CHANDRA RASYIDI', 2),
('1102120130', 'MUHAMMAD ZUHDI AIMAN ANKA', 2),
('1102120131', 'ACHMAD DWIKI RAMADHAN', 2),
('1102120132', 'DINI INTANI', 2),
('1102120133', 'DESTY PUTRI ANDRYANI', 2),
('1102120135', 'VITO ABISENA', 2),
('1102120136', 'RONALD RIVALDO BANGUN', 2),
('1102120137', 'RIDHO PRATAMA', 2),
('1102120138', 'MUSA HADIBRATA', 2),
('1102120139', 'HENDRA SAPUTRA', 2),
('1102120140', 'ALVIN FIRDAUS PRIBADI', 2),
('1102120141', 'ANTONIO NAINGGOLAN', 2),
('1102120142', 'ADI PRATAMA WIDHIYANTO', 2),
('1102120143', 'YUNITA DEWI TRIANAWATI', 2),
('1102120144', 'RISKIKY LISNAWATI ZEIN', 2),
('1102120146', 'REGI NINDIANA PUTRI', 2),
('1102120147', 'MUHAMMAD RANDY SUHENDRI', 2),
('1102120148', 'LUTHFI MUHAMMAD NOOR', 2),
('1102120149', 'AGATAMA', 2),
('1102120150', 'YUKI HANA PUTRI TEJIMA', 2),
('1102120151', 'DINAR IMANSARI', 2),
('1102120154', 'DHIAH ARINI', 2),
('1102120155', 'DESVA RIA ADRIANI', 2),
('1102120156', 'RISYA YUTHIKA', 2),
('1102120157', 'NENDEN WIDHA SORAYA', 2),
('1102120158', 'NUR SHIYAAM', 2),
('1102120159', 'ERICSON MICHAEL MAROJAHAN SINABANG', 2),
('1102120160', 'ANDHEANI CHERYANA PUTRI', 2),
('1102120162', 'I GDE NYOMAN ADITYA WIBISANA', 2),
('1102120163', 'NURFITRI AYU PUSPITASARI WIDODO', 2),
('1102120164', 'ARUM MEKAR AGUSWIDYANI', 2),
('1102120165', 'RODHI RAMADAN', 2),
('1102120166', 'DICHA KECI BARAKIN', 2),
('1102120167', 'GITA AYU DINAR PRAMESTI', 2),
('1102120168', 'WILLY PRATISNA', 2),
('1102120169', 'DEBBY SYAVIRA ANESIA', 2),
('1102120170', 'MUHAMMAD RIFKI FADIL', 2),
('1102120171', 'MUHAMMAD RIZQI FAUZAN', 2),
('1102120172', 'RACHMAT RINALDI', 2),
('1102120174', 'SELVIA DAYANTI', 2),
('1102120175', 'NISA NOVIANI SUDARMAN', 2),
('1102120176', 'RIZKI ANGGRIAWAN', 2),
('1102120178', 'EKO FAIQURRIDHO', 2),
('1102120179', 'RIZQON UMI NADHRA', 2),
('1102120180', 'SUCI RAMADHANI', 2),
('1102120181', 'QORRIZA PUTRI WIDYANTI', 2),
('1102120182', 'SHINTYA ASIH ANGELITA TAMPUBOLON', 2),
('1102120183', 'MOHAMAD WALID ANSHAR ICHSAN SHAHIB', 2),
('1102120184', 'CHAIRUN NISA', 2),
('1102120185', 'NUR DINING PAWESTI', 2),
('1102120186', 'ANDHYKA RIZKY MANEVA', 2),
('1102120187', 'BEBY DWI APRILYA', 2),
('1102120188', 'AYULIA FITRIANE SETIAWAN', 2),
('1102120189', 'REFILIANA LESTARI', 2),
('1102120190', 'BINTANG SRI PERDANA', 2),
('1102120191', 'FADIAH SHABRINA WINARNO', 2),
('1102120192', 'LEON HAFID EL RASYID', 2),
('1102120193', 'MUHAMMAD HERFANDA YUSRON ASROFIE', 2),
('1102120194', 'ASTARI FITRIA PUSPITA DEWI', 2),
('1102120195', 'DHANI BACHTIAR', 2),
('1102120196', 'PRIMA ANNISA KARUNIA', 2),
('1102120197', 'ADITYA DWI NUGROHO', 2),
('1102120198', 'IRFAN FAHRIDHZAL', 2),
('1102120199', 'LANANG ARIFIANTO', 2),
('1102120201', 'MUBARAK', 2),
('1102120202', 'ETIKA AYU LESTARI', 2),
('1102120203', 'MAWADAH DEWI APRIYANI', 2),
('1102120204', 'TUNTAS WIBISONO', 2),
('1102120205', 'RIZAL AZMI DJATNIKA', 2),
('1102120206', 'PRASETYO MULYO HARTONO', 2),
('1102120209', 'JAUHARI HABIBIE', 2),
('1102120210', 'MUHAMMAD HAMDAN', 2),
('1102120211', 'ALDO THEOFILUS SUHERMAN', 2),
('1102120212', 'SEPTIA RIZKI ASTI MAULIDA', 2),
('1102120213', 'RINDY APRILINA GITA PRASTYANTI', 2),
('1102120214', 'MUHAMMAD WIRA MAULANA', 2),
('1102120217', 'RIFA RIZKA ANISAH', 2),
('1102120218', 'WISNU PRAKOSO', 2),
('1102120219', 'RAHMATYA DWI ARINI RAHADINA', 2),
('1102120220', 'MUHAMMAD HABIBURROHMAN', 2),
('1102120221', 'INTAN GEOVANI', 2),
('1102120223', 'ZULFA NAJAH AMATILLAH', 2),
('1102120224', 'AHMAD ALI', 2),
('1102120225', 'ROBY APRINALDO', 2),
('1102120227', 'NATHANIEL ARDY PERDANA', 2),
('1102120228', 'RIKA RACHMAWATI PUTRI', 2),
('1102120229', 'GILANG AKBAR RIYADI', 2),
('1102120231', 'MUHAMMAD TAMAMI DWI SAPUTRA', 2),
('1102120233', 'MUHAMAD ZAMZAM ANSHORI', 2),
('1102120234', 'DEVI TRISNAWATI', 2),
('1102120236', 'BURHANUDDIN YAMANI', 2),
('1102120237', 'NUR ATIKAH', 2),
('1102120238', 'BAGJA BINTANG PAMUNGKAS', 2),
('1102120239', 'ROBERTUS CANDRA PUTRA', 2),
('1102120240', 'ZULFI ATIKA DEWI', 2),
('1102120241', 'ATIK RACHMAWATI AZIEZAH', 2),
('1102120242', 'ILHAM MAULANA HAKIM', 2),
('1102120243', 'FAKHMI ADI RASYIDIN', 2),
('1102120244', 'INSANI AZMI', 2),
('1102120245', 'ANDI HIDAYAT', 2),
('1102120246', 'DIAN HITADARI', 2),
('1102120247', 'MUHAMMAD HAFIDZ HIKMATURRAHMAN', 2),
('1102120249', 'AHMAD SATYA WICAKSANA', 2),
('1102120250', 'CITRA ANDRIYADI', 2),
('1102120251', 'HIZGION DOFESTO ALSIMANJUNTAK', 2),
('1102120252', 'RIZKI FATHONI AKBAR', 2),
('1102120253', 'SHABRINA ZATALINI K', 2),
('1102120254', 'ANINDHITO BAYU SANJAYA', 2),
('1102120255', 'VANIA UTAMI', 2),
('1102120256', 'IMMANUEL VAN LEWIK MANURUNG', 2),
('1102120258', 'TRIESNA PUTRI PAMUNGKAS', 2),
('1102120259', 'ADITYA M NUGRAHA', 2),
('1102120260', 'NUR RAHMI AFRA', 2),
('1102121261', 'IFTITAH NOOR PRATOMO', 2),
('1102121262', 'ANGELA JUSTINE PASKAVIN PANGEMANAN', 2),
('1102121264', 'RAHMANDA NOFAL ARIF', 2),
('1102121265', 'DWISKA AINI NURRAHMA', 2),
('1102121267', 'NAILA FARHANA', 2),
('1102121268', 'FATHIA RAHMA KAMILA', 2),
('1102121269', 'BURHAN HENDRA HIMAWAN', 2),
('1102121270', 'VARIESTA PUTRA WIBISANA', 2),
('1102121272', 'MICHAEL WHIZO MAYTO', 2),
('1102121273', 'SAKYA NABILA HAPSARI', 2),
('1102121275', 'M DIAZ ILYASA HERNAWAN', 2),
('1102121276', 'OKTAVIAN LINTIN', 2),
('1102121277', 'MUHAMMAD MUHAIMIN', 2),
('1102121278', 'FIRDA RAMADHENA', 2),
('1102121279', 'IRVINA NUR HEGWISI WANANKA TASTI', 2),
('1102121280', 'MUHAMMAD LUTHFIL H.S', 2),
('1102121281', 'ADIGUNA PUTRA PANGESTU', 2),
('1102121282', 'HARIADI PURNOMO', 2),
('1102121283', 'DEWA AYU JESSICA PUTRI', 2),
('1102121284', 'RAHMAH FADHILAH     ', 2),
('1102121285', 'ALFATTAH AZIS', 2),
('1102121286', 'AIM ABDURROHIM  ', 2),
('1102121287', 'IRFAN FERDYANSAH    ', 2),
('1102121288', 'INDAH KURNIAWATI    ', 2),
('1102121289', 'NUR ENDAH LIZARIFIN ', 2),
('1102121290', 'KARTIKASARI         ', 2),
('1102124291', 'ARDIAN REZA PAHLEVI', 2),
('1102124292', 'ASTRI DESIANA', 2),
('1102124293', 'FAJAR DARMA SAPUTRA', 2),
('1102124294', 'MUHAMMAD TEZAR', 2),
('1102124295', 'RACHIMA SAVIRA', 2),
('1102124296', 'MUHAMMAD RIZAL FAHMI', 2),
('1102124297', 'ALEN SALVO PRATOMO', 2),
('1102124298', 'SITTI NUR AZMI FADHLURRAHMAH', 2),
('1102124299', 'FEBIANTO SAPUTRO', 2),
('1102124300', 'TAUFIK RACHMAT', 2),
('1102124301', 'BERNANDA TRICAHYO M', 2),
('1102124302', 'GAMMA HABIE AZZAKY', 2),
('1102124303', 'DWI INTAN APRIMUNA', 2),
('1102124304', 'SHIFA KHAIRUNNISA', 2),
('1102124305', 'ANNISA FALIMANTIK', 2),
('1102124306', 'MUH. LUTFHI AZZAM', 2),
('1102124307', 'NABILATUSHALIHAH RAHANDARI HERUPUTRI', 2),
('1102124309', 'NOVIAN JUANG PRATAMA', 2),
('1102124310', 'YASSER MUHAMMAD SYAIFUL', 2),
('1102124311', 'MOHAMMAD ADIANSYAH HEIKAL', 2),
('1102124312', 'MEILANA FATHARANY', 2),
('1102124313', 'ALFI RAMDHANI PUTRAKORANTO', 2),
('1102124314', 'LUQMAN MAKARIM', 2),
('1102124315', 'MAYA ANESTASIA', 2),
('1102124317', 'IRFHAN PERDANA WALI', 2),
('1102124318', 'ANASTA BAYE ADHI SADHANA PRANAWIYANA', 2),
('1102124319', 'LUKFI HAFIZH', 2),
('1102124320', 'ISRAMIHATUL JUSDIRATIL HADI', 2),
('1102124321', 'DINI NURAISYAH', 2),
('1102124322', 'MUCHAMAD AGIL AMBARDI', 2),
('1102124323', 'EVAN SURYATYASTO SUJATMAN', 2),
('1102130001', 'RATIH IBA GUSTIN', 2),
('1102130002', 'RAFI AHMAD RAZZAK', 2),
('1102130003', 'ARVELIANTO MUHAMMAD TAQWATAMA', 2),
('1102130005', 'RIO AVICENNA SYAMIL', 2),
('1102130006', 'THERESIA ESTINING ASTUTI SULISTYOWATI', 2),
('1102130007', 'NADYA MAHARANI', 2),
('1102130008', 'FITRI NORMA WULANDARI', 2),
('1102130009', 'WINDA HARIANI BR MUNTHE', 2),
('1102130010', 'MUHAMMAD RAFI RUPIANTORO', 2),
('1102130011', 'DANI AJI PRATAMA', 2),
('1102130012', 'MUHAMMAD RAMANA RIMBAWAN', 2),
('1102130013', 'MUHAMMAD MUFLIH ANUGRAH', 2),
('1102130014', 'WIMBAJAYA HAMUKTI', 2),
('1102130015', 'ELVA DWI HIDAYATI', 2),
('1102130017', 'MUHAMMAD DARY FAUZAN', 2),
('1102130018', 'SHERLI', 2),
('1102130019', 'MUHAMMAD RIDWAN TRIANTORO', 2),
('1102130020', 'WINTA PINGKAN', 2),
('1102130021', 'NAUFAL RAHMAD NUR', 2),
('1102130022', 'PUTRI INDAH SRIWIJAYANTI', 2),
('1102130023', 'JULIAN RAHMAN', 2),
('1102130024', 'TIKA PURNAMA SARI', 2),
('1102130025', 'REVY DESFRIANSYAH', 2),
('1102130026', 'SYIFAA CHOERUNISA SUSWANTO', 2),
('1102130027', 'FAKHRIZA ZULFIKAR', 2),
('1102130028', 'BIMA PRAYOGI', 2),
('1102130029', 'NI PUTU LINDYA YULI WASTITI', 2),
('1102130030', 'MADE SHANTI SARASHVATI', 2),
('1102130031', 'AKBAR BIMA NUGRAHANTO', 2),
('1102130032', 'WILDAN SYAUQI AKBAR', 2),
('1102130033', 'GINNA FADILLAH AKBAR', 2),
('1102130035', 'TRI IMAM WICAKSONO', 2),
('1102130037', 'MUHAMMAD REZA PERMANA', 2),
('1102130038', 'ALFIAN', 2),
('1102130040', 'ARDI KELANA PUTRA', 2),
('1102130041', 'KRISTIN NATALIA CAROLIN', 2),
('1102130042', 'IKA PRAESITA', 2),
('1102130043', 'TANJUNG NDARU KURNIA SANDI', 2),
('1102130046', 'AINUN ULUM ERISTYANAWATI', 2),
('1102130047', 'RATNA SAFITRI', 2),
('1102130050', 'CUT RIMA ASYIFA', 2),
('1102130052', 'ALMIRA FAWNIA', 2),
('1102130053', 'DONNY VERRYRIANTO S', 2),
('1102130054', 'SEPTI KURNIAWAN', 2),
('1102130055', 'GABRIELLE BENITA SITOMPUL', 2),
('1102130056', 'FACHRUL ROZI', 2),
('1102130057', 'MUHAMMAD MIRSYAH', 2),
('1102130058', 'M HILMY SYAHRUL RAMADHAN', 2),
('1102130059', 'PUSPITA AYU LESTARI', 2),
('1102130060', 'DENA APRIMA DIPUTRA', 2),
('1102130061', 'MUTIA PERMATASARI', 2),
('1102130062', 'NAUFAL MAHMUDI', 2),
('1102130063', 'ABDUL MACHMUD WIBOWO', 2),
('1102130064', 'AYUDIA PRILLIA', 2),
('1102130065', 'MELLISA LASILKVIE SENNIVENA', 2),
('1102130066', 'GIBRAN RAMADHAN', 2),
('1102130068', 'MUHAMMAD BADRIYANSYAH', 2),
('1102130070', 'ALDRID MOCHAMAD', 2),
('1102130071', 'DWITOMO SANDHY PUTRA', 2),
('1102130072', 'GUSTARHIVO MUHAMMED', 2),
('1102130073', 'NADYA ARISKA PUTRI', 2),
('1102130074', 'RATIH HERDIYAH', 2),
('1102130075', 'CLARISA PRESTY PANGERAN', 2),
('1102130076', 'SITA NURLAILLY', 2),
('1102130077', 'MUHAMMAD FAUZAN', 2),
('1102130078', 'MUHAMMAD ADITYA PUTRA', 2),
('1102130079', 'BENEDICTA NERISSA ARVIANA SARASTUTI', 2),
('1102130080', 'AULIA YUZA PUTRA', 2),
('1102130081', 'SYIFA PRATIWI ARIANTI', 2),
('1102130082', 'GHYNA NUR FAJRIANTI', 2),
('1102130083', 'HARIZUL HAROMAEN AHMAD', 2),
('1102130084', 'RAMA FERDIAN SURAKUSUMAH', 2),
('1102130085', 'ANNISA PUSPA SARI', 2),
('1102130086', 'MUHAMMAD BINTANG PALIGIE', 2),
('1102130087', 'ARIF KHAIRUR RIZQIH', 2),
('1102130089', 'TIRA SEFRIANA', 2),
('1102130091', 'DESI NOVIANTI BR SEMBIRING', 2),
('1102130092', 'AHMAD RUSDI ILHAM', 2),
('1102130093', 'GASHA SARWONO PUTRA', 2),
('1102130094', 'EKA RAHMADHANI FITRI', 2),
('1102130095', 'SHAFA CHOIRUNNISA', 2),
('1102130096', 'NURUL AFIFAH', 2),
('1102130097', 'IMAN NURHIDAYAT', 2),
('1102130098', 'MUHAMMAD TAUFAN WIDIARKO', 2),
('1102130099', 'FITRA HANANTO', 2),
('1102130101', 'ANGGUN KERTADELA PUSPITASARI', 2),
('1102130102', 'VILLA MAHLIGAI SUYANA', 2),
('1102130103', 'RONI KOMARUL HAYAT', 2),
('1102130104', 'SATRIA REGI GUNTARA', 2),
('1102130105', 'VITO PRADANA PUJADENTA', 2),
('1102130106', 'REYHAN RHESADEWANA RAHMAD DENI', 2),
('1102130107', 'RIPALDI FAISAL', 2),
('1102130108', 'MUHAMMAD SATRIA BAYU LAKSONO', 2),
('1102130109', 'GHIFARI PARAMA PUTRA', 2),
('1102130110', 'RAFI\' RAIHAN PRIMADI', 2),
('1102130111', 'AZAM FATHURAHMAN', 2),
('1102130112', 'TITI MELINDA', 2),
('1102130113', 'FARIZ NURRAHMAN', 2),
('1102130114', 'BAYU WARDANA PUTRA', 2),
('1102130115', 'RISKA SAFIRA PERMATASARI', 2),
('1102130116', 'KIYENG PAMUNGKAS BONDO SAPOLO', 2),
('1102130117', 'DININGTYAS ANISARAHMA', 2),
('1102130118', 'SAMI AKHMAD FAUZAN', 2),
('1102130119', 'NURFITRIANA SISWI MARTASARI', 2),
('1102130120', 'MUHAMAD RAFIF ARRAHMAN', 2),
('1102130121', 'MOHAMMAD IQBAL WIBISONO', 2),
('1102130122', 'DEVI JULIETTA NAINGGOLAN', 2),
('1102130123', 'ALFISKA REVA SUPENA', 2),
('1102130124', 'RATIH LARASATI', 2),
('1102130125', 'VINIA DELIA', 2),
('1102130126', 'RAIHAN RAZAFUAD', 2),
('1102130127', 'NAUFAL FAHRUDIN', 2),
('1102130128', 'MUHAMAD ERFAN APRIYANTO', 2),
('1102130129', 'ACHMAD RIZALDI UTOMO', 2),
('1102130130', 'ANDHY PRAMADANA PRAWANSA', 2),
('1102130131', 'INDRA RUKMANANDA HENDRAYANA', 2),
('1102130132', 'SARAH NI\'MA SHAFIRA', 2),
('1102130133', 'MUHAMMAD SUNIAJI WIBISONO', 2),
('1102130134', 'FACHRI FADLILLAH', 2),
('1102130135', 'BENNY CHRISTIAN HUTABARAT', 2),
('1102130136', 'IDHAM KHALID', 2),
('1102130137', 'HADIYAN FATHUR RAHMAN', 2),
('1102130138', 'M. GHOFAR ARROSID', 2),
('1102130140', 'RAFKI ARDI', 2),
('1102130141', 'MUHAMAD IHSAN FAUZI', 2),
('1102130142', 'ZAHRAN BAGASANDA ALFANZURI', 2),
('1102130143', 'MUHAMMAD ARYUN AZHARI', 2),
('1102130144', 'WILLIAMARSHALL MALTA', 2),
('1102130145', 'ADIEZ MANUALDI ARSONI', 2),
('1102130146', 'MUHAMMAD GARDA SATRIA', 2),
('1102130149', 'FEVIANA BETSI PURBA', 2),
('1102130150', 'MOHAMMAD ERZA SYAHLEVI', 2),
('1102130151', 'IRSALINA MAHARANI', 2),
('1102130152', 'RENDI AKBAR', 2),
('1102130153', 'ANDRE RAMADHAN', 2),
('1102130154', 'RADIFAN AHMAD HASBI', 2),
('1102130156', 'ZULFAN MAHBUBURRAHMAN', 2),
('1102130157', 'RISKA ANGGREANI', 2),
('1102130160', 'RIZQIN ADHA SIREGAR', 2),
('1102130161', 'FIRDA MAWADDAH', 2),
('1102130162', 'MUHAMAD ADHI GUNA DWYANTORO', 2),
('1102130163', 'RIZKY RACHMA DHANTY', 2),
('1102130164', 'GAYU FALAH', 2),
('1102130165', 'IKBAL YUDISTIRA MARSAL', 2),
('1102130166', 'R. FAUZI NOVIANDA', 2),
('1102130167', 'MISBAH MY RAHMAT', 2),
('1102130168', 'FAHMI OKTARIANA', 2),
('1102130169', 'KUNTARI PUSPA SARI', 2),
('1102130170', 'IHSAN MAHDI WIRAGUNANTO', 2),
('1102130171', 'TIA ZAHARI', 2),
('1102130173', 'AMRINA ROSYADA', 2),
('1102130174', 'NISHA ONENG ISTIFANI', 2),
('1102130175', 'DIETA DRIANTAMA JAELANI', 2),
('1102130176', 'FIRZA AHMAD SETIYANSYAH', 2),
('1102130177', 'DICKY ABRIAN SETIYANTO', 2),
('1102130178', 'AIDA MAHDYANA', 2),
('1102130179', 'ALBERTUS THIO KURNIANTO', 2),
('1102130180', 'ANUGRAH NURHAMID', 2),
('1102130181', 'SITI MUTIA NAZILAH', 2),
('1102130182', 'ARRAZZAQ BARDO BATAVIO', 2),
('1102130183', 'FITRIANA RACHMAWATI', 2),
('1102130184', 'YUSRINA NURIDZNI', 2),
('1102130185', 'HARIS MAHFUD', 2),
('1102130186', 'YUDYA AMALIA LADYBA', 2),
('1102130188', 'DENIAR YUDITHAMA', 2),
('1102130189', 'FARIS FATHURAHMAN', 2),
('1102130190', 'MOCHAMMAD FATHI RIDHO', 2),
('1102130191', 'ARINI ULFARAHMAH', 2),
('1102130192', 'PUTU ARIDHARMA PRATAMA', 2),
('1102130193', 'PUTERI MELY PERMATASARI', 2),
('1102130197', 'FADHIL ZULFIKAR', 2),
('1102130198', 'YUDHO BONAR GUNARTO', 2),
('1102130201', 'ILHAM HADYAN', 2),
('1102130202', 'NADIA ULFA', 2),
('1102130203', 'ADI PUTRO', 2),
('1102130204', 'RADEA KARTIKA PUTRI', 2),
('1102130205', 'FITRI ISMIRA PANE', 2),
('1102130207', 'AGNAR MOKHAMMAD', 2),
('1102130208', 'BASTIAN GINORANN', 2),
('1102130209', 'DIPTA RAGA PRATAMA', 2),
('1102130210', 'ANAK AGUNG NGURAH NANDA UTAMA PUTRA', 2),
('1102130211', 'WIRA MAJID PAMBUDI', 2),
('1102130212', 'HENDY KURNIA', 2),
('1102130213', 'ALDHI JULIYATNA', 2),
('1102130214', 'ALI REZA', 2),
('1102130215', 'MOHAMMAD REZA KEMAL FIKRY', 2),
('1102130216', 'ILHAM NUR HAKIM', 2),
('1102130217', 'SALMA FAUZIA', 2),
('1102130218', 'ROBERTA NIDIA RISANDHA PUTRI', 2),
('1102130219', 'VANITA ZAHRA ZAHIRAH', 2),
('1102130220', 'FEDICO RICHARD ELDITYA', 2),
('1102130221', 'ANNISA AZMI', 2),
('1102130222', 'CHAIRUL HAZMI', 2),
('1102130223', 'ALDI FRADIZKA PRATAMA', 2),
('1102130224', 'MUHAMMAD ESHA FAJAR KURNIA', 2),
('1102130225', 'FINA MUTHIA SOHIBAH', 2),
('1102130226', 'ICHSAN AULIA', 2),
('1102130227', 'MUHAMMAD FAUZAN ADIPUTRA', 2),
('1102130228', 'ANGGI YUDANTO', 2),
('1102130229', 'MUHAMMAD IRFAN KUSUMA', 2),
('1102130230', 'ARISTYO MAYONG ARJANGGI', 2),
('1102130231', 'IRFAN WIDYANTO', 2),
('1102130233', 'MUHAMMAD HUSNI TAMRIN', 2),
('1102130234', 'RIZKI WICAKSONO PARASTO', 2),
('1102130235', 'ENDAH DWI FEBRIANY', 2),
('1102130236', 'RAHMAT NUR HUDA', 2),
('1102130237', 'ILHAM MEIRIZA', 2),
('1102130238', 'JHOSLI SIAGIAN', 2),
('1102130239', 'WANDA SUCI UTAMI', 2),
('1102130241', 'AHMAD DWIKO FARISKI', 2),
('1102130242', 'RIFKY FERNANDA', 2),
('1102130243', 'IRHAM FAKHRIY', 2),
('1102130244', 'YAZID', 2),
('1102130245', 'MUHAMMAD RIZQI FAJRI', 2),
('1102130246', 'DEBORA', 2),
('1102130247', 'REGA KUSUMA PUTRA', 2),
('1102130248', 'KHARIN IMANULLAH KHALQIHI', 2),
('1102130249', 'MUHAMMAD ANDAR RAHMAN', 2),
('1102130251', 'RISNA KARIANITA PRATIWI', 2),
('1102130252', 'MAULANA BINTANG SANJAYA', 2),
('1102130253', 'NAUFAL AL HADID', 2),
('1102130254', 'SONNY HARI WIJAYA', 2),
('1102130255', 'FAUZAN HAEQAL ARIFIN', 2),
('1102130256', 'KENZI MARUF IBRAHIM', 2),
('1102130257', 'INDRI ALVI KUSUMADARMA', 2),
('1102130258', 'LUDFENIA RAHMADHINI', 2),
('1102130259', 'M. YAZID DHIYAULHAQ', 2),
('1102131261', 'ANDIKA CRISHNA PRAMOEDYA', 2),
('1102131262', 'RISKY RAHMALIA AISYAH', 2),
('1102131263', 'MUHAMMAD TAUFIQ NURRAHMAN', 2),
('1102131264', 'INA MELIA', 2),
('1102131265', 'FACHRI HUSAINI', 2),
('1102131267', 'MUHAMMAD MIFTAHUL ULUM', 2),
('1102132034', 'JUWITA DARMAYANTI', 2),
('1102132048', 'IREYNA NISSA OCTAVIANY', 2),
('1102132147', 'TRY FITRA SARI', 2),
('1102132158', 'SHIELA AZMY', 2),
('1102132159', 'SALLY YULIA SURYA CHAMDI', 2),
('1102132196', 'RAHMA ULIMANDA YULINASARI', 2),
('1102132199', 'FATWA ANGGAYANA BASANTA', 2),
('1102134268', 'LUQMAN ABDUL HAKIM', 2),
('1102134269', 'MIKAIL MAARIF LUBIS', 2),
('1102134270', 'MOHAMMAD SOFA FIRMANSYAH', 2),
('1102134272', 'AHMAD FAUZAN ABDURRAHMAN', 2),
('1102134273', 'DIVA NACITA PUTRI', 2),
('1102134274', 'RIZKY ALIF PRATAMA', 2),
('1102134276', 'RAHMAH SHABRINA', 2),
('1102134277', 'SYAIF MUHAMI SHIDIQ', 2),
('1102134278', 'M KRESNA ADIGUNA', 2),
('1102134279', 'INDA PUTRI HENI', 2),
('1102134280', 'YULIAN MUTIARA', 2),
('1102134281', 'RUSLAN MOHAMMAD KAFI', 2),
('1102134282', 'FIKRIANTO WIBOWO', 2),
('1102134283', 'FALDY RAHMAN AVIVI NURJAMAN', 2),
('1102134284', 'ABRAHAM PRAKOSO WICAKSONO', 2),
('1102134285', 'MUHAMMAD AZIZ SALAMUDDIN', 2),
('1102134286', 'OZKI SEPTARIADI', 2),
('1102134287', 'FATHIN FARCYANA SAFITRI', 2),
('1102134288', 'MUHAMMAD FAISHAL FARRAS', 2),
('1102134289', 'LUKAS LAKSAMANA TRINANTO UTOMO', 2),
('1102134290', 'RIFDAH LUTFIYAH', 2),
('1102134291', 'HARRY SETIAWAN PURBA', 2),
('1102134292', 'ARDIAN FAUZI TRI PAMUNGKAS', 2),
('1102134293', 'BACHTIAR ALI MAHADI', 2),
('1102134294', 'PUTRI DWI APRILIA', 2),
('1102134295', 'FADHILA IHSANI', 2),
('1102134296', 'RIZKAN ISKANDAR WIGENA', 2),
('1102134297', 'RAHMA SABRINA LATIFANI', 2),
('1102134298', 'RIZQI CAHYA ARDHIANSYAH', 2),
('1102134299', 'MUHAMMAD TRAVIS JORDAN HARAHAP', 2),
('1102134300', 'WILDAN PRATAMA', 2),
('1102134301', 'SHINTA OKTRIVIANI HIDAYAT', 2),
('1102134302', 'AKBAR PERWIRA WIBOWO', 2),
('1102134303', 'LEONARDO FREDY PUTRA', 2),
('1102134304', 'GILANG FATHIN CEGA', 2),
('1102134305', 'QONITAH ZAHIDAH', 2),
('1102134306', 'MUHAMMAD NAUFAL AMANULLAH', 2),
('1102134307', 'LARASATI MARTANINGTYAS UTAMI', 2),
('1102134308', 'DIRGA AKBAR SUMARDI', 2),
('1102134309', 'SHADIKA', 2),
('1102134310', 'ARDIAN FATKHUR TRI PAMBUDI', 2),
('1102134311', 'IBNU SYIHAB', 2),
('1102134312', 'TRI AGUNG RAHMAT PUTRA', 2),
('1102134313', 'BAYU SATRIA YUDHA', 2),
('1102134314', 'MUHAMMAD TAUFIK HASIBUAN', 2),
('1102134315', 'TERRIN ELISKA', 2),
('1102134316', 'PUTRIA DHIAKANZA PURWINTO', 2),
('1102134317', 'MUHAMMAD ILHAM MAULANA', 2),
('1102134318', 'RIZKI ANANDA NUR AMALIA', 2),
('1102134319', 'I GUSTI KOMANG GEDE RADITYA PARAMARTA', 2),
('1102134320', 'FEBRIANSYAH ADITYA SAPUTRA', 2),
('1102134321', 'GHEA OKTA AUDINA', 2),
('1102134322', 'DINI AMALIA', 2),
('1102134323', 'SAYYIDINA GANESHA HENINGPUTRI', 2),
('1102134324', 'MUHAMMAD ADITYA ABU BAKAR', 2),
('1102134325', 'SOFI FAUZIAH', 2),
('1102134327', 'AGUNG GHUFRAN PRAMASATYA', 2),
('1102134328', 'HAGIE PRADIVIO', 2),
('1102134329', 'FANNY AFRIANI PUTRI', 2),
('1102134330', 'SYAEFUL MUJAB', 2),
('1102134331', 'WIBOWO SURYO TIYARTO', 2),
('1102134332', 'PRAPANCA HARYO WIJAYA', 2),
('1102134333', 'CAROLYN FATIMAH', 2),
('1102134334', 'MUHAMMAD NUR ZAMZAM', 2),
('1102134336', 'MUHAMMAD BOLKIAH MUTTAQIN', 2),
('1102134337', 'SANCITA UTAMI RUPAKASARI', 2),
('1102134339', 'SINDHANI RAHMALIA SUDONO', 2),
('1102134340', 'NI KADEK CAHYA WAHYUNI', 2),
('1102134341', 'EZZA DJALU PRATAMA', 2),
('1102134342', 'GONDO WIBOWO', 2),
('1102134343', 'KEMALTAZA PUTRA', 2),
('1102134344', 'RIDHWAN FAKHRI ROMADHAN', 2),
('1102134345', 'WIWIT FATIMAH RAHMAWATI', 2),
('1102134346', 'I GEDE MADE RAMA ARSHARINDRA', 2),
('1102134347', 'ANNISA AMALIA ANANDA', 2),
('1102134348', 'BONY SANTIKA', 2),
('1102134349', 'RISAL RAYADI', 2),
('1102134350', 'RIESTI RACHMAH DHANI', 2),
('1102134351', 'CIPTANINGRUM LUTHFI NUR AFUAH', 2),
('1102134352', 'PRISKA YUNITA HESMONO', 2),
('1102134353', 'SITI HANIPAH', 2),
('1102134354', 'ISTIANA HIDAYATUS SOLIKHAH', 2),
('1102134355', 'DHIANA PRATIWI', 2),
('1102134356', 'ZANUAR GALANG BEWANA', 2),
('1102134357', 'MUHAMMAD RISKI', 2),
('1102134358', 'TANTRI FEBIARA PUTRI', 2),
('1102134359', 'MARINI SUSANTY ISA', 2),
('1102134360', 'DIPO JAYA SETIA', 2),
('1102134361', 'RESTI DEVIANA PUTRI', 2),
('1102134362', 'YONI HERIAWAN SINAMBELA', 2),
('1102134363', 'AHMAD FAISAL SATRYANA', 2),
('1102134364', 'FEBIAN HAZMI RICHFAN SYAHRIL', 2),
('1102134365', 'ARGHA SATYA JATMIKA', 2),
('1102134366', 'OCTAVIA RATNA DEWI', 2),
('1102134367', 'DHAIFANSYAH CAESARRAMZY', 2),
('1102134370', 'INTAN PUTRI HARTONO', 2),
('1102134371', 'FISYAIFUL AMIR', 2),
('1102134372', 'ANGGI LESMANA', 2),
('1102134373', 'AFINA HARDYANTI', 2),
('1102134374', 'RIZQUNNISA GIWANTI', 2),
('1102134375', 'ALAN MUHAMMAD RUSDI', 2),
('1102134376', 'MUHAMMAD ICHSAN HERMAWAN', 2),
('1102134377', 'ARSMARINDA ILUJISEMA', 2),
('1102134378', 'GORBY SANDRIA', 2),
('1102134379', 'AYU INDRIANI', 2),
('1102134380', 'PRAMAYTHESSA WIJAYA', 2),
('1102134381', 'MUHAMMAD RIZKY FAUZI', 2),
('1102134382', 'ANGGIE PRAHAS PUTRI', 2),
('1102134383', 'ADITYA RADIFAN', 2),
('1102134384', 'BELLIA CITRA RAHMADHANI', 2),
('1102134386', 'WAHYU SRI HANDAYANI', 2),
('1102134387', 'AMELIA PUSPA RENGGANIS', 2),
('1102134388', 'RADEN FAZRIN NURILHAM PUTRA', 2),
('1102134389', 'HANUN NURTY ARAFAH', 2),
('1102134390', 'ARIEF JUNIARTO PURNAMA', 2),
('1102134391', 'ARTUR DERY KARO-KARO', 2),
('1102134392', 'ANNA ANNIDA NOVIYANTI', 2),
('1102134393', 'PUSPITA MARSYA TAMARA', 2),
('1102134394', 'ANGGUN APRILIA SARI', 2),
('1102134397', 'ARNUR HANIFA', 2),
('1102134398', 'INDRA HARI MUKTI', 2),
('1102134399', 'MUHAMMAD HAIKAL', 2),
('1102134400', 'CHRISTINE MELVA', 2),
('1102134401', 'FARAH INNA ANNISA', 2),
('1102134402', 'I GUSTI AYU CINTYA MAHAYANTI', 2),
('1102134403', 'M. AWANDA YUDHANEGARA', 2),
('1102134404', 'RYAN RAMA HIDAYAT', 2),
('1102134405', 'BELLA PRAVIYANTI', 2),
('1102134406', 'FIRDAUS ARIDHO WIRAWAN', 2),
('1102134407', 'DAIFIL MARDA TISA', 2),
('1102134408', 'RIFA HAYATUNNUFUS', 2),
('1102134409', 'RIZKA ALIFIANI SOENREDI', 2),
('1102134410', 'SEKAR AYU SAVITRI', 2),
('1102134412', 'RIVALDY ANNAS', 2),
('1102134413', 'CUT VADEA AQILA', 2),
('1102134414', 'ONY AZWIDA SARI', 2),
('1102134415', 'MUHAMMAD AS\'AD DHIAULHAQ', 2),
('1102134416', 'ROLLY CLAUDIA ROITO SIMANJUNTAK', 2),
('1102134417', 'MIRA EKA ANNISA', 2),
('1102134418', 'RIZAL SOLIHIN', 2),
('1102134419', 'HARDIYANTI ILMI AULIA', 2),
('1102134420', 'NURUL RIZKI PRATIWI', 2),
('1102134421', 'MUHANDIS BAYU ADJIE', 2),
('1102134422', 'NAUFAL ZUHDI', 2),
('1102134424', 'RAEN OKTAVIANI BR.SEMBIRING', 2),
('1102134425', 'GIOVANNI ANDRE BRAHMANTYO', 2),
('1102134426', 'MUHAMMAD ARIF WICAKSONO', 2),
('1102134427', 'ADI TRI JULIANSYAH', 2),
('1102134428', 'MUHAMMAD ARDHAN SATRYA GUNA', 2),
('1102134430', 'REIZVA TRAHAZURA RIDHALLAH', 2),
('1102140001', 'ADINDA FARHANA', 2),
('1102140002', 'FAJRIA AMALA', 2),
('1102140005', 'HARDIYANTO KUSUPRIADI', 2),
('1102140007', 'GEOFANI ANDREYANA BADRUN', 2),
('1102140012', 'REZA PRASETYA UTAMA', 2),
('1102140013', 'MUHAMMAD ARIF IZZUDIN', 2),
('1102140015', 'ILHAM FIRMANSYAH', 2),
('1102140016', 'FARIZAN NUR SHABRINA', 2),
('1102140017', 'MUHAMMAD FARIS SOLIHIN', 2),
('1102140019', 'FARHAN NAUFAL PRAYOGA', 2),
('1102140020', 'CANDRASAPTA PRA WIJAYA', 2),
('1102140025', 'IKHAN NANDA RAMADHAN', 2),
('1102140027', 'MUHAMAD GALIH RAKA P.', 2),
('1102140029', 'FIDIDIO AGOENG PAMBOEDI', 2),
('1102140030', 'ZUHAIR ALMAN ADAM', 2),
('1102140031', 'DEDEN DARMAWAN SYAHRI', 2),
('1102140035', 'ADI RIYANTO', 2),
('1102140042', 'FATIMAH MARWAHUTAMI', 2),
('1102140048', 'ZALFA HUSNUL AFIFAH', 2),
('1102140049', 'MOCHAMMAD GERRY PRAMUNGKAS', 2),
('1102140055', 'ANDRA RIZKITA', 2),
('1102140057', 'MUHAMMAD IRWAN', 2),
('1102140058', 'OLVITA KIRANA SYIFARANI', 2),
('1102140063', 'AGUNG WICAKSONO', 2),
('1102140069', 'BAGJA SATIA RAHARJA', 2),
('1102140070', 'JULIAN HARYO', 2),
('1102140071', 'JUAN ANDREAS PRATAMA', 2),
('1102140075', 'LUQMAN ARREZHA FAIZ', 2),
('1102140077', 'ALDRIZA FARIQ', 2),
('1102140079', 'FAKHRY NUGROHO', 2),
('1102140081', 'LUTHFI RAMADITYA', 2),
('1102140085', 'DWI MEISWARA', 2),
('1102140087', 'WAHYU MARUSAHA', 2),
('1102140090', 'NEBILA OKA ARIANE', 2),
('1102140095', 'KUN RINALDI PRAMANA', 2),
('1102140096', 'INDAH RAHMI PUTRI', 2),
('1102140099', 'AHMAD DHIYA ULHAQ', 2),
('1102140101', 'KHALIF ABDUL AZIZ', 2),
('1102140102', 'RIZKY ALIF OKTAVIANI', 2),
('1102140108', 'GREGORIUS KEVIN ADINUGROHO', 2),
('1102140110', 'KOMANG SWARI PRATIWI', 2),
('1102140113', 'HARIO ARDI N', 2),
('1102140114', 'DHEA NADYA AMALIA', 2),
('1102140115', 'ZHAFRAN EGA', 2),
('1102140118', 'UZAMAH ARROSYID ZAIN', 2),
('1102140119', 'MUHAMMAD IRFAN SYAHPUTRA HADIYAT', 2),
('1102140120', 'RADEN HENRY', 2),
('1102140121', 'IVAN ASHIVA', 2),
('1102140122', 'FRANSISCUS XAVERIUS ADITYA WISNU W', 2),
('1102140123', 'M.ADITYA ILHAMIZAR', 2),
('1102140130', 'CINTHYA PURY RAMADHANTI', 2),
('1102140132', 'LATIEF SETIAWAN', 2),
('1102140137', 'RANDY TRI ANANDA SURBAKTI', 2),
('1102140144', 'GHANI CASYDI', 2),
('1102140151', 'AUDIRA ZURAIDA RAHARDJA S', 2),
('1102140153', 'FERITSA IRIS ZATIVITA', 2),
('1102140157', 'AMANDA PUTRI K', 2),
('1102140159', 'REIVAN DIANDRA PUTRA', 2),
('1102140163', 'FARIH JAMIL RAJABI', 2),
('1102140167', 'BENEDICTUS PRASETYO', 2),
('1102140168', 'SINDY SINTHIA DEWI', 2),
('1102140170', 'RIO CAHYA AGUSTIN', 2),
('1102140171', 'REZA FAERUS AL FARISI', 2),
('1102140173', 'ANDRIE ANDIKA', 2),
('1102140177', 'RAZAQA IRHAM MUHAMMAD', 2),
('1102140179', 'MUHAMMAD FADIL NOVAR', 2),
('1102140181', 'INSAN ADIGUNA', 2),
('1102140188', 'NURUL FITRI', 2),
('1102140189', 'ARIZKY ARYANTIO', 2),
('1102140193', 'M. FAHMI AZHAR R.', 2),
('1102140197', 'ARVINDHA RAMADITYA', 2),
('1102140198', 'SIMBOLON, AGNES GRACECIA', 2),
('1102140200', 'YUZA FAUZIA', 2),
('1102140201', 'AHMAD F. ABDILLAH', 2),
('1102140203', 'ERIKO MAHTAMTAMA', 2),
('1102140206', 'FACHRI NUR FAUZI', 2),
('1102140207', 'FAUZIYYAH', 2),
('1102140211', 'MUHAMMAD JANUAR RASYID', 2),
('1102140215', 'SUCI DESTYANDINI', 2),
('1102140219', 'ACHMAD FANANI ADAM', 2),
('1102140222', 'GRAHESA ADRI PUTRA', 2),
('1102140226', 'MUHAMMAD NAUFAL SAYIDIMAN', 2),
('1102140227', 'TRIGO SEPTIA', 2),
('1102140228', 'JEREMIA ANDRA YS', 2),
('1102140229', 'DELVA GESTIO', 2),
('1102140231', 'AGUNG KURNIAWAN', 2),
('1102140232', 'BAGAS PRADITYA YUSUF PUTRA', 2),
('1102140242', 'ELINA NOVINA PUTRI', 2),
('1102140245', 'QIDAM QOLBY', 2),
('1102140246', 'ACHMAD FIQRY DWISAPUTRA', 2),
('1102140251', 'NADIA NURUL AZZMI', 2),
('1102140254', 'KARTIKA AKBAR PURBANINGSIH', 2),
('1102140259', 'SOFI HANIFAH HERMAWAN', 2),
('1102140261', 'HAVILUDIN', 2),
('1102140262', 'IBNU JUNARESI FALAH', 2),
('1102140266', 'WEFI RIDHA MARYAMI', 2),
('1102140267', 'ANDRE KHARIS SIANIPAR', 2),
('1102140268', 'ASTRI VIANI', 2),
('1102140272', 'NURUL FAUZIAH', 2),
('1102140275', 'PUSPA OKTAVIANI', 2),
('1102140277', 'MUHAMMAD RIZKI YOFACHRI', 2),
('1102140279', 'WAHID AMINULLAH', 2),
('1102140280', 'MUHAMMAD YASER AL MUBARAK', 2),
('1102140283', 'RADITYATAMA ABIYOGA', 2),
('1102140284', 'ANDRY REZA ANGGARA', 2),
('1102140288', 'FIKRI ABDULHAKIM', 2),
('1102140289', 'SEMBADA WITANA', 2),
('1102140290', 'NADIRA CAHYA UTAMI R', 2),
('1102140294', 'ARDIAN KUSUMAWARDANA', 2),
('1102140300', 'M. FADLI AUFLIYUFLIHA', 2),
('1102140303', 'ACHMAD FATHONI', 2),
('1102140304', 'GIGA RAHMAT DHUHA', 2),
('1102140305', 'OKTARIA TYAS PAMBAYUN', 2),
('1102140306', 'FARRAS AUZAN GIBRAN', 2),
('1102140308', 'YUSUF MABRUR', 2),
('1102140312', 'RIHARDO HUTAGALUNG', 2),
('1102140313', 'SYADZWINA SENDRA SARI', 2),
('1102140316', 'RYAN NOVIANDI AKBAR', 2),
('1102140318', 'MUHAMMAD ALMYZAR PRATAMA RUSLI', 2),
('1102140319', 'ERIF RIFKI REDIANA', 2),
('1102140320', 'CITRA TRIANA BUDIASTUTI', 2),
('1102140328', 'TATIARA SANJANI', 2),
('1102140329', 'MUHAMMAD ARTITO ARIEF', 2),
('1102140331', 'ASTRI DEWI AGILHANDANI', 2),
('1102140334', 'AKMA SEPTIA VIADY', 2),
('1102140339', 'PRETTY PRIMA ROZA', 2),
('1102140341', 'DONNI ARISUGEWO', 2),
('1102140342', 'ELSA NOVIANTI', 2),
('1102140345', 'DIMAS REZA PAMUNGKAS', 2),
('1102140349', 'FAJRI TRI RAHMADINI ALSYA', 2),
('1102140350', 'SYAHNAN HUZAIRI', 2),
('1102140351', 'SITI FATIMAH ZAINATUN NISA', 2),
('1102140353', 'AKBAR MUFLIH Z', 2),
('1102140356', 'RIZKI IRWANSYAH', 2),
('1102140358', 'OLIVIA PERMATA ARIPUTRI', 2),
('1102140359', 'WIRANDY FAJAR SAPUTRA', 2),
('1102140360', 'RATU NABILA OCTAVIA PRATAMA', 2),
('1102140361', 'NATASYA SHAHNAZ NOVADEANTI', 2),
('1102140362', 'ELDA SHABRINA', 2),
('1102140364', 'YUNALDI RESTU PUTRA', 2),
('1102140366', 'AZZAM NADHIFTA AHMADY', 2),
('1102140367', 'NABILAH MUYASSAR', 2),
('1102140369', 'DICKY FAISAL DRAMAR', 2),
('1102140372', 'KRISNABAYU TAN WIDYATAMA', 2),
('1102140373', 'PRANDIKA PRATANTO', 2),
('1102140377', 'THALYA TRIANDA NASEVY', 2),
('1102140378', 'ACHMAD REVA', 2),
('1102140379', 'RADEN MUHAMMAD GOUMELAR', 2),
('1102140380', 'LILIANA', 2),
('1102140382', 'AGUNG FIRMAN YUSRA', 2),
('1102140384', 'NUR FAUZIAH KARIN', 2),
('1102140387', 'MUHAMMAD HADYAN I.', 2),
('1102140391', 'ARYO DAMARRIYANTO', 2),
('1102140393', 'HAIDI GHIFARY', 2),
('1102140395', 'KANISSA DHIKATALA', 2),
('1102140428', 'YOGA WIDAGDA', 2),
('1102140432', 'NADYA FEBRIKA', 2),
('1102140435', 'ECO JATMIKO PANGGABEAN', 2),
('1102140441', 'AZKA SAKINAH R', 2),
('1102140445', 'SATRIA PRAMATA ADI NUGRAHA', 2),
('1102140451', 'M FIRHAND ASWAD', 2),
('1102140452', 'MUHAMMAD SAPTA RENGA ROSYADI', 2),
('1102141032', 'REZA MUHAMMAD ZEIN', 2),
('1102141045', 'AGA FERDIANSYAH', 2),
('1102141082', 'MAYDHINA RAMADHANI', 2),
('1102141100', 'SANDIA MOHANNISYAH PUTRI', 2),
('1102141389', 'NATASHA ALUNA FARADIBBA H', 2),
('1102142050', 'MAXWEL HUTAHAEAN', 2),
('1102142065', 'DHIAZZAKI', 2),
('1102142074', 'CATUR FAJRI AUGYHANA', 2),
('1102142241', 'LUHUR BUDI PRASETYO', 2),
('1102142278', 'RIZKY KHAIRULLAH', 2),
('1102142434', 'ERICA GRACE H', 2),
('1102142436', 'MUHAMMAD REZA BAGJA BARJAMAN', 2),
('1102142438', 'ANDRE YANA W', 2),
('1102142440', 'HAMZAH ABDUL BA\'ITS', 2),
('1102142442', 'NURUL FITRIANI', 2),
('1102142443', 'REVINA HARDIYANTI', 2),
('1102142446', 'AGUNG WIDYAPRAKOSO W', 2),
('1102142448', 'YAHYA SOMIT M', 2),
('1102142454', 'RIZKY ADHI PRASETYO', 2),
('1102143453', 'EVANGELINA FREITAS', 2),
('1102144003', 'NOVITRI CINTA MARITO HASI', 2),
('1102144004', 'ELIAN GARIN BOWO K.', 2),
('1102144006', 'ANISA ENDAH SULISTYOWATI', 2),
('1102144008', 'RAHMAD PERDANA HARIANJA', 2),
('1102144009', 'LISTYO JULIANCE N.', 2),
('1102144010', 'SIVA AULIA', 2),
('1102144011', 'NIKMAH NOVITASARI', 2),
('1102144014', 'ADELIA WIDININGRUM', 2),
('1102144021', 'KHAIRANI DEWI', 2),
('1102144022', 'METHA NINDYA GRACYANI', 2),
('1102144023', 'CHRISTY ARDYANTO GULO', 2),
('1102144024', 'DHEBBY INDAH PERTIWI', 2),
('1102144026', 'MUHAMMAD ALIF SEPTA FADHILA PUTRA', 2),
('1102144028', 'NURUL SHOLIHAH EKOWATI', 2),
('1102144031', 'DAVIN TONA', 2),
('1102144034', 'MUHAMMAD FAHMI SIREGAR', 2),
('1102144036', 'M. RIFQI DWI ARISTYA', 2),
('1102144037', 'FITHRATUR RAHMI', 2),
('1102144038', 'HIKMAT NUR AZHARI', 2),
('1102144039', 'LESTARI ATIKA PUTRI', 2),
('1102144040', 'GHINA FAUZIYYAH NUR AZIZAH', 2),
('1102144041', 'MUHAMMAD YOGASWARA WIRADITYA', 2),
('1102144043', 'APRILIA RATNA', 2),
('1102144044', 'MUSLIM NAUFAL SUGIYANTO', 2),
('1102144046', 'ALIA ASTI NURLAILI', 2),
('1102144047', 'ANGGIA GHASANI', 2),
('1102144051', 'MOHAMMAD BADAR', 2),
('1102144053', 'MUHAMMAD IKHSAN KURNIAWAN', 2),
('1102144054', 'DESSY CHAROLINA GINTING', 2),
('1102144056', 'NARARYO ANANTO WIBOWO', 2),
('1102144059', 'FIRDA MAULIDA FITRIA', 2),
('1102144060', 'DIAN KRISTIANA', 2),
('1102144061', 'LISTIANA LORENZ JATININGTYAS', 2),
('1102144062', 'MUHAMMAD FURQAN AFERI', 2),
('1102144064', 'FAKHRUL RAZI FRIMA', 2),
('1102144066', 'SARAH TASYA FAUZIAH', 2),
('1102144067', 'KINANTHI SEKAR PRASASTI', 2),
('1102144068', 'MAGHFIRA RACHMAWATI H.', 2),
('1102144072', 'RAKA CHANDRA WICAKSONO', 2),
('1102144073', 'DENZAKKY SUMARDI', 2),
('1102144076', 'ANDHIKA SAPUTRA', 2),
('1102144083', 'HASNA MARDIYAH', 2),
('1102144084', 'ARDITYA NUR WAALY', 2),
('1102144086', 'LAKSHITA JUWITA MUFTI', 2),
('1102144089', 'PUTRIFA WIRAHAYU ADI MUSLIMAH', 2),
('1102144092', 'AMELIA FAHMAWATI SUBIYANTO', 2),
('1102144093', 'MUCHAMMAD NURUL FUAD', 2),
('1102144094', 'ULFA FIDDINI', 2),
('1102144097', 'VENNYA SARI PUJAROSTIKA', 2),
('1102144098', 'TRIA MUSTIKA RAMADHANI', 2),
('1102144103', 'AFIFA SUCIHANA ISMADHIA', 2),
('1102144104', 'I GEDE ARY RADITYA P', 2),
('1102144106', 'ANGGUN KHARISMA PUTRI', 2),
('1102144107', 'NUR LATIFAH', 2),
('1102144111', 'EGIA ULINA MARGARETA', 2),
('1102144116', 'FEBRIAN EKA PRABOWO', 2),
('1102144117', 'AYU AMANDA HAPSARI', 2),
('1102144124', 'AYESHA RAFA DINDA', 2),
('1102144126', 'ALYA MAULIDA', 2),
('1102144128', 'FAISAL AKBAR', 2),
('1102144131', 'REVA TAMA PUTRA', 2),
('1102144134', 'RIZTAN ANGGITYA SIHOMBING', 2),
('1102144135', 'YOSSI SAFITRI', 2),
('1102144136', 'OKI KURNIAWAN SIDIQ', 2),
('1102144138', 'SALSABILA DIARNIE LARASATI', 2),
('1102144139', 'FARID WIRA DARMAWAN', 2),
('1102144140', 'VILLIA AMALA SARI', 2),
('1102144141', 'KADEK BELLA RUSIANA DEWI', 2),
('1102144142', 'LARAS SHINTA CAHYA PUTRI', 2),
('1102144143', 'ANDRI KURNIAWAN', 2),
('1102144145', 'NISRINA FATHNIN', 2),
('1102144146', 'NOVIYANTI PERMATA SARI', 2),
('1102144147', 'SARAH NURLAILA', 2),
('1102144148', 'DHOFAR SHAFARRIZQULLAH SEPARMAN', 2),
('1102144149', 'CELINE DEBORA TAMBUNAN', 2),
('1102144150', 'ELMA ANGGRAINI SETYANINGRUM', 2),
('1102144154', 'ANDRIAN LISTYO', 2),
('1102144155', 'RIVAN SURYANA', 2),
('1102144156', 'M. GIAN HARLAWAN', 2),
('1102144158', 'BINA WIRATY HASIBUAN', 2),
('1102144161', 'ARINI NOURMA EVIAN', 2),
('1102144164', 'ANAK AGUNG CINDY JAYANTARI', 2),
('1102144165', 'ELFA KURNIA PRATAMA', 2),
('1102144166', 'VIALLI MALIK IBRAHIM', 2),
('1102144169', 'MUHAMMAD SIDDIQ', 2),
('1102144172', 'NIYAMA RACHEL AWANI', 2),
('1102144174', 'I DEWA GEDE DENY ANDIKA PRAWIRA', 2),
('1102144175', 'BETA ARYA ASH SHIDIK', 2),
('1102144176', 'WINDI ROBBIANA PRADANI', 2),
('1102144180', 'KHOIRUL UMAM W', 2),
('1102144182', 'NADIA AURORA SORAYA', 2),
('1102144183', 'ADITYA CANDRADESTA', 2),
('1102144185', 'REYNALDO YOSEVA PARULIAN SITOMPUL', 2),
('1102144186', 'ILHAM NUR FAJRIYAN', 2),
('1102144187', 'AZHAAR FAUZIYAH NURHAYATI', 2),
('1102144190', 'ADHITIO RAHMAN', 2),
('1102144191', 'IKHSAN RAHMAWAN', 2),
('1102144194', 'NADELLA YUSFARANI', 2),
('1102144195', 'ADYTHIA NICO NUGROHO', 2),
('1102144196', 'ARDIAN CAHYA UTAMA', 2),
('1102144202', 'RYAN ALDIANSYAH', 2),
('1102144204', 'MUHAMMAD IQBAL ARDHANA PUTRA', 2),
('1102144205', 'AHMAD RIZANI SAPUTRA', 2),
('1102144208', 'DIANTI EKA PUTRI', 2),
('1102144209', 'REREN JEANIFER RAMALISYA', 2),
('1102144210', 'KEMAL FARIZ RAMADHANI', 2),
('1102144213', 'BAITI JANNAH', 2),
('1102144214', 'RISTI REZA VIRZINIA AGUSTIN', 2),
('1102144216', 'ANNISA UFAIRA', 2),
('1102144217', 'HUTAMI RAKASIWI HIDAYAT', 2),
('1102144218', 'ENGGAR PUTRI WULANDARI', 2),
('1102144220', 'M. AUZAN FATHULLOH', 2),
('1102144221', 'MOCHAMAD REXY NURULSAPUTRA', 2),
('1102144224', 'RIDHO HANDOKO', 2),
('1102144225', 'REIGI AHMAD FADILAH', 2),
('1102144233', 'PUNTO AJI WARDHANA', 2),
('1102144234', 'PASCAL SHINJI LEOSISWO', 2),
('1102144235', 'CARISSA SERINA SARASWATI', 2),
('1102144236', 'SYAHDA BINTARUM', 2),
('1102144237', 'ADI SURYA', 2),
('1102144238', 'SYALTOUT RIDLA BESTITA', 2),
('1102144243', 'MUHAMMAD NUR SHIDDIQ', 2),
('1102144247', 'DIYAH NUGRAHANING WIDI', 2),
('1102144248', 'EWINK FAUZI', 2),
('1102144249', 'HARRY NURMI SUARI', 2),
('1102144250', 'SHABRINA MUTIARA WINANDA', 2),
('1102144252', 'MUHAMMAD ARFIDH', 2),
('1102144253', 'NADIA FAIRUZ HAVI', 2),
('1102144255', 'PATHIYAH ARDIYANTI', 2),
('1102144256', 'MIFTAH DWI RACHMA', 2),
('1102144257', 'NOVIANA', 2),
('1102144260', 'RANGGA YUDHISTA', 2),
('1102144263', 'DEWA AYU PUTU INDAH', 2),
('1102144264', 'RIZKY RIZALDY PRIATNA', 2),
('1102144265', 'RADITIANA NUR ULIMA', 2);
INSERT INTO `student` (`nim`, `student_name`, `student_status`) VALUES
('1102144269', 'PUTRA ETRIF F.', 2),
('1102144270', 'PUTRI NOPITASARI', 2),
('1102144271', 'RIZKI TRIHARYO IBRAHIM', 2),
('1102144274', 'ILHAM FAKHRULHAQQI', 2),
('1102144276', 'EVRILIGAR RACHMANTO', 2),
('1102144281', 'CORRIE SUSANTO', 2),
('1102144282', 'REYNALDY PRAYOGI', 2),
('1102144286', 'SHABRINA FAUZANI', 2),
('1102144291', 'MUHAMMAD ANANG MA\'RUF', 2),
('1102144292', 'PUTTY AISYA', 2),
('1102144293', 'PERMATA SYAFIRA AULIA', 2),
('1102144296', 'DIMAS PRABOWO', 2),
('1102144297', 'NURUL JIHAD FATURRAHMA', 2),
('1102144299', 'SASKIA DYAH CHOIRIDA', 2),
('1102144301', 'MOCHAMAD THAARIQ A', 2),
('1102144302', 'DEAN SESHAR RAHMADINA', 2),
('1102144311', 'NICO SEPTIAN', 2),
('1102144314', 'FAHIRA GEARAHMANI', 2),
('1102144315', 'ADITYA AZIZ DEWANTO', 2),
('1102144322', 'DWI RAAFIANA ASYIFA', 2),
('1102144323', 'RYAN EKO PURNOMO', 2),
('1102144324', 'NAUFAL BARI MUHAMMAD', 2),
('1102144326', 'RIZKA HASNA DELVIKA', 2),
('1102144327', 'MUHAMMAD NOOR FAZRI', 2),
('1102144330', 'NADIAH MUMTAZ DARMAWAN', 2),
('1102144332', 'NIKKY RIZKY PRADIPTA', 2),
('1102144333', 'AFDHALUL ILMI YUSUF', 2),
('1102144335', 'DHAWY FARRAS PUTRA', 2),
('1102144336', 'RAFIF PRAYOGI', 2),
('1102144337', 'NAZAHRA RISKY MAGHFIRA', 2),
('1102144338', 'M. MIFTAH NUR HUDA', 2),
('1102144340', 'EPI KATHY PRATIWI SIBARANI', 2),
('1102144344', 'DIN SAMSUDIN HASIBUAN', 2),
('1102144346', 'MADE GEDE IRWANNANDA P', 2),
('1102144347', 'MUHAMMAD FAUZAN HAKIM', 2),
('1102144348', 'YUKO TSUKADA', 2),
('1102144354', 'KANDIDA KENYA UTAMI', 2),
('1102144355', 'AIDA FITRIANI', 2),
('1102144357', 'AM FAUZAN', 2),
('1102144363', 'RIKO RIZQULLAH PUTRA', 2),
('1102144365', 'NURUL ISLAM WIJAYA', 2),
('1102144368', 'RISKA RENATA YASIN', 2),
('1102144370', 'DWIYA NARINDRA GARINI', 2),
('1102144371', 'BIMO BAYU AJI', 2),
('1102144374', 'MUH WAHYU YUSRAN', 2),
('1102144376', 'MUHAMMAD REZA RIZQULLAH', 2),
('1102144381', 'LALU GALEH INGGIL FATRISTYA', 2),
('1102144383', 'METHA PRATIWI', 2),
('1102144385', 'RISTA REZA VIRZINIA AGUSTIN', 2),
('1102144386', 'RIZKA MALIA KHULDA', 2),
('1102144388', 'HUDA PRATAMA NUGROHO', 2),
('1102144390', 'RATNAWIA', 2),
('1102144392', 'RIZKY YULIANTARA MUSTOFA', 2),
('1102144393', 'RADEN M GIFARI PUTRA WIDITAMA S A', 2),
('1102144430', 'RIANDI ADITIA D', 2),
('1102144450', 'AYU REGITA CS', 2),
('1102148127', 'MUHAMMAD BUDI PRASETYO', 2),
('1201140018', 'NOVAN SAPUTRA', 2),
('1201140033', 'MUHAMMAD FIKRI ZAKKI', 2),
('1201140091', 'CITRA SEPTI BRILLIANE', 2),
('1201140343', 'FADHILAH', 2),
('1201140433', 'MUTIA PUSPITA OKTAVIANA', 2),
('1201144162', 'MUHAMMAD HANIF RAMADHAN', 2),
('1201144223', 'SHAFIRA TASYANI NASUTION', 2),
('1201144248', 'M. EDWIN FAUZI', 2),
('1201144431', 'RUDYTA LUCYANA ROSIDI', 2),
('1201150002', 'FARABI MUHAMMAD MAHDY', 2),
('1201150003', 'TASNIM ARIF', 2),
('1201150004', 'JOHANES HARYO S', 2),
('1201150005', 'GILANG PRADANA', 2),
('1201150006', 'ALDIAN MUHAMMAD', 2),
('1201150007', 'YEHOSUA ALFREDA RANTESALU', 2),
('1201150008', 'GEDE PERBAWA SARWADHAMANA', 2),
('1201150009', 'MUHAMMAD BANGKIT HIDAYANTO', 2),
('1201150011', 'M RIDHOLLAH OKTAVIRINALDY', 2),
('1201150013', 'MURAZKY HENGKI RIAJA', 2),
('1201150014', 'TRISYAN ADMAJA KUNCORO', 2),
('1201150015', 'IDA BAGUS WASUDEWA', 2),
('1201150016', 'FIKIH FATUROCHMAN', 2),
('1201150017', 'MUHAMMAD ILHAM', 2),
('1201150018', 'GEDE ADNYANA NARARYA', 2),
('1201150019', 'M. JACKA AULIA', 2),
('1201150020', 'FAJAR MUHAMMAD', 2),
('1201150022', 'RIFKI AGUSTA', 2),
('1201150023', 'MUHAMMAD KADEF', 2),
('1201150024', 'M. AULIA AKBAR', 2),
('1201150025', 'DIMAS SETIA ARYOGA', 2),
('1201150026', 'NAUFAL MUHAMMAD ZAKI', 2),
('1201150027', 'MAURITZ EDO S', 2),
('1201150028', 'DHIEMAZ HENDRAWAN', 2),
('1201150029', 'BAGUS MURDIYANTORO', 2),
('1201150031', 'ALDI BASTIAN', 2),
('1201150034', 'M. STIVANDRY W', 2),
('1201150035', 'MUHAMMAD BOBBY P', 2),
('1201150037', 'FM ANGGRA MANDALA PUTRA', 2),
('1201150038', 'KEVIN KURNIA AULIA', 2),
('1201150039', 'RAGA SUKMANA', 2),
('1201150040', 'GALIH PUTRA I', 2),
('1201150041', 'FAHREZA FADHIL HAKEKI', 2),
('1201150042', 'RIZQI GHANI FATURRAHMAN', 2),
('1201150043', 'FARHAN FATUR RAHMAN', 2),
('1201150045', 'RIO SISCO', 2),
('1201150046', 'MOH. FIRMAN ADI BENTITO', 2),
('1201150047', 'MUHAMMAD RAVI ISMAIL', 2),
('1201150048', 'FAIZ ARIA A', 2),
('1201150049', 'MUFLIH H D', 2),
('1201150050', 'MUHAMAD CANDRA PERMANA', 2),
('1201150051', 'ABSHAR NAUFAN RASYADAN', 2),
('1201150052', 'SETO BAGHASKORO', 2),
('1201150053', 'MUHAMMAD IQBAL PRANATIO', 2),
('1201150054', 'ANGGA DARMAWAN', 2),
('1201150056', 'BHAGAS WISNU PERMADI', 2),
('1201150291', 'DELLA AZKA DWIGIFARI', 2),
('1201150292', 'DITA PATWI YULINAR', 2),
('1201150293', 'DEVITA ASTASIA', 2),
('1201150294', 'CYNTIA', 2),
('1201150295', 'LIZA NAFIAH MAULIDINA', 2),
('1201150296', 'SITDA LEYNA MUNTHE', 2),
('1201150297', 'HANAA ROSYADA W', 2),
('1201150298', 'INDI ALDINI IRMANSYAH', 2),
('1201150299', 'NOVITA SARI', 2),
('1201150301', 'HASNA NURHASANAH', 2),
('1201150302', 'AYU HAPSARI U', 2),
('1201150303', 'SHAFIRA NURLITA', 2),
('1201150304', 'DESI LESTARI', 2),
('1201150305', 'AYU SASKIA PRISCILLA HARRIS', 2),
('1201150306', 'SARAH AYUTAMI', 2),
('1201150307', 'AMELIA PUTRI OKTAVIANI', 2),
('1201150308', 'HURIA NUSANTARA', 2),
('1201150309', 'MEITA RATNA SARI S', 2),
('1201150310', 'OVIE ISNANDA IRSA', 2),
('1201150311', 'MEGA FITRIANA ROSA', 2),
('1201150312', 'MEDIANTI ARIFIA DEWI I', 2),
('1201150313', 'SEVHIRA IVANI ASWIR', 2),
('1201150314', 'DETHA AULIA ALFAZAH', 2),
('1201150315', 'AYU KARINA', 2),
('1201150316', 'ISQINA RIZKY FIORENTINA', 2),
('1201150317', 'DEFFY IFTY NUR', 2),
('1201150318', 'SASKIA LATIFAH CHOIR', 2),
('1201150319', 'ANISA PUTRI AMBAR', 2),
('1201150320', 'SILMI APRILIA ANDARI', 2),
('1201150521', 'ADITYA AHMAD MAULANAY', 2),
('1201150524', 'ARANISA MENTARI', 2),
('1201150532', 'FILDZAH FAJRINA', 2),
('1201151323', 'NIHAN UFAIRA RIZAGANA', 2),
('1201152286', 'RANGGA FAUZIAN RAMADHAN', 2),
('1201152287', 'IRDAN ARJULIAN', 2),
('1201152490', 'AZYLIA PUTRI DENIA', 2),
('1201152491', 'AYU VITA RASTITI', 2),
('1201152527', 'ALFIOLA JULIA ANTOH', 2),
('1201152534', 'RAHMA FAUZIYAH', 2),
('1201153493', 'MUHAMMAD RAFIF EDWAR', 2),
('1201153494', 'YANSYA ALDEZAN GUSMAN', 2),
('1201153495', 'ABRAHAM SIMANJUNTAK', 2),
('1201153496', 'MUHAMAD FADILLAH', 2),
('1201153497', 'MUHAMMAD DHIYAURRAHMAN', 2),
('1201153498', 'ILHAM RAFDI K', 2),
('1201153499', 'ALIFAN NURFATWA', 2),
('1201153500', 'GRADYTIO RAHMADI HARTADJI', 2),
('1201153502', 'MOCHAMAD RIZKY FAUZY', 2),
('1201153503', 'ANGGA NUGRAHA', 2),
('1201153504', 'AZMI MAHDI', 2),
('1201153505', 'ALIF AKBAR', 2),
('1201153506', 'JEREMY CHRISTOPHER', 2),
('1201153507', 'MAULIDAN KHOIR', 2),
('1201153508', 'RAUL ADITAMA DEVAR', 2),
('1201153509', 'MUHAMMAD REZA AQRAM', 2),
('1201153510', 'MUHAMMAD FIKRI', 2),
('1201153511', 'MUHAMMAH YUSUF AMIR', 2),
('1201153512', 'WILLY RICHIE EFFENDI', 2),
('1201153514', 'INRI SUMITRA DEWI', 2),
('1201153515', 'GHINA RAFIDAH', 2),
('1201153517', 'DWITA NURHALIZA KHARISMA', 2),
('1201153518', 'SYIFA NUR HASYYATI', 2),
('1201153519', 'ANNISA AULIA SAMBAS', 2),
('1201153520', 'JAUHARAH HASNA DZAKIYYAH ADANI', 2),
('1201153528', 'BRAMASTHA ALDIA', 2),
('1201153529', 'GNIEGMILANG ADIABENTANG', 2),
('1201153537', 'RIZAL WARDHANI', 2),
('1201153539', 'WIKA SEKAR SANGGARWATI', 2),
('1201153541', 'FANJAR ARIF WIJAKSONO', 2),
('1201153542', 'JESICA APRILIANI', 2),
('1201153544', 'MOHAMAD ARAFAT', 2),
('1201154059', 'GARDA PATRIA', 2),
('1201154060', 'CHREISNA PRATAMA PUTRA', 2),
('1201154064', 'CANDRIKA DHIASTRA AMIR B', 2),
('1201154065', 'ESA PURNAMA', 2),
('1201154066', 'ACHMAD ABIMANYU', 2),
('1201154067', 'INDRA PRASETYONO', 2),
('1201154069', 'FAUZI ILHAM', 2),
('1201154070', 'ARYODIMAS SYIFA PUTRANDY', 2),
('1201154071', 'M RIFQI WIBISONO', 2),
('1201154072', 'RIZKY MUHAMMAD', 2),
('1201154073', 'HILMAN ARDIAN EKANANDA', 2),
('1201154074', 'RIZKY ADHI W', 2),
('1201154075', 'HARIADI TRIJATI NUGROHO', 2),
('1201154076', 'SYUHADA MULIA RAHMANSYAH', 2),
('1201154077', 'MUHAMMAD FARHAN FATHURRAHMAN', 2),
('1201154078', 'LUTHFI FADILLAH SANI', 2),
('1201154079', 'TEDY TAUFIK HIDAYAT', 2),
('1201154080', 'MOHAMAD AZMI MUSYAFFI', 2),
('1201154081', 'AZMI ALIM', 2),
('1201154083', 'JANU PRASETYO', 2),
('1201154084', 'MUHAMMAD IQBAL HIDAYAT', 2),
('1201154085', 'DWIKI IQBAL MAULANA', 2),
('1201154086', 'ARYANANDA ASTUNGKORO', 2),
('1201154087', 'SALMAN AKBAR KUSUMA', 2),
('1201154088', 'NINO SETYO UTOMO', 2),
('1201154090', 'M.RAYHAN ISLAMY', 2),
('1201154091', 'M. FADHIL AKMAL RAMADHAN', 2),
('1201154092', 'ALVIN TRI NOVIANDRI', 2),
('1201154094', 'ARIF FAISAL RAMDANI', 2),
('1201154095', 'RIDHO GIBRAN I M', 2),
('1201154096', 'MUHAMMAD RAIHAN RAHMADAYANSYA', 2),
('1201154097', 'FAHMY HABIB H', 2),
('1201154098', 'KEVIN YUAN PUTRA DINATA', 2),
('1201154099', 'SALMAN SHADIQURRACHMAN', 2),
('1201154100', 'ADITYA DIMAS RAMADHAN', 2),
('1201154101', 'LATIP SUTIYANA', 2),
('1201154102', 'NITOGEGAS AGAN PRATOMO', 2),
('1201154103', 'FAIZ AZHARIE', 2),
('1201154104', 'RICKY RAMADHAN TANJUNG', 2),
('1201154105', 'RAYHAN MUHAMMAD', 2),
('1201154106', 'THOMMY HANIF SETIAWAN', 2),
('1201154107', 'M HAFIDZ LUTHFI', 2),
('1201154108', 'FAJAR ASYIRAQ TILLAMMURA', 2),
('1201154109', 'MOCHAMAD AZHAR HIDAYAT', 2),
('1201154110', 'FARIZ HARDIANSYAH PUTERA', 2),
('1201154111', 'MUHAMMAD RIZKY P', 2),
('1201154113', 'IVAN GANIKA BIYANTORO', 2),
('1201154114', 'BILLY WIDJAYA', 2),
('1201154115', 'TRADIGA NUR AZIZ', 2),
('1201154117', 'IDA BAGUS YOGA SAMKHYAITA', 2),
('1201154119', 'GILANG ILHAM PRADANA', 2),
('1201154120', 'MUHAMMAD RAKATAMA FARHAN', 2),
('1201154121', 'KAUTSAL RIZAL', 2),
('1201154122', 'MUHAMMAD IMRON', 2),
('1201154123', 'WIRANTO ACHMED', 2),
('1201154124', 'ILHAM HANIF', 2),
('1201154126', 'BIMO SETYO HUTOMO', 2),
('1201154128', 'RADEN MAS ADITYA RANGGA', 2),
('1201154129', 'DIMAS FATHURRAHMAN', 2),
('1201154130', 'DHIALDI WIBI RADITYA', 2),
('1201154131', 'ADHY INDRA PERMANA', 2),
('1201154132', 'MOHAMMAD TAJUDIN', 2),
('1201154133', 'FRANS ARIANTONO SILALAHI', 2),
('1201154134', 'FIKRI VINO', 2),
('1201154135', 'RIZKI SURYO WIBOWO', 2),
('1201154136', 'HASYIM MUSLICH SETIAWAN', 2),
('1201154139', 'ARIEF KALAM NUGROHO', 2),
('1201154140', 'CAPRILIO BRIANDHITO', 2),
('1201154142', 'REFA MEIRANO ALDILLA', 2),
('1201154143', 'AUFA RINALDO', 2),
('1201154144', 'MUHAMMAD FARIS IZZUDDIN', 2),
('1201154145', 'DICKY RAMA SUKSMANANDA', 2),
('1201154148', 'ABDURRAHMAN PRABASWARA SIDI', 2),
('1201154149', 'MUHAMMAD HUMAM HAEKAL', 2),
('1201154150', 'REZA ROLIO FAHNI', 2),
('1201154151', 'RAIHAN MUHAMMAD FAIZAL', 2),
('1201154152', 'RIZKY FAJAR ADITYA', 2),
('1201154154', 'ACHMAD SYARIF BACHRIANSYAH ZAINI', 2),
('1201154155', 'FIRZA BILAL AULIA', 2),
('1201154156', 'ZULKIFLI MOCHAMMAD NAUFAL', 2),
('1201154157', 'ELDESKA FADHIL HAMDI', 2),
('1201154159', 'ARDITO DARMAWAN', 2),
('1201154160', 'RAVI ALVIANTO', 2),
('1201154162', 'ELVAN KADAHRULSALAM', 2),
('1201154163', 'SANDY KHADAFI', 2),
('1201154164', 'MAULANA ALIF ANUGRAH', 2),
('1201154165', 'ANDRI ALWAN D', 2),
('1201154166', 'AHMAD MAKHDUM BADAWI', 2),
('1201154168', 'FAUZAN RAHMATULLAH', 2),
('1201154169', 'NOVRI NUR RIZKI', 2),
('1201154170', 'MOHAMMAD ALFIAN ADHI SAPUTRO', 2),
('1201154171', 'M. RAYES', 2),
('1201154172', 'MUHAMMAD FADHIL HABIBIE', 2),
('1201154173', 'MUHAMMAD RIZKY HASYA', 2),
('1201154174', 'AFIF IRFANSYAH', 2),
('1201154175', 'MUHAMAD ALVIN MULYONO', 2),
('1201154177', 'TAMADO EFRAIM', 2),
('1201154178', 'MUHAMAD REYNALDI', 2),
('1201154179', 'FEBRI HARLEN', 2),
('1201154180', 'ARBIE SUNDOYO', 2),
('1201154182', 'HUSEIN BIMANTORO', 2),
('1201154183', 'FAUZI NURRAHMAN', 2),
('1201154184', 'ARIF INDRA SATRIA', 2),
('1201154185', 'NAUFAL FAUZAN', 2),
('1201154186', 'KEVIN DWI SYAHPUTRA', 2),
('1201154187', 'ACHMAD NUR FAUZI', 2),
('1201154188', 'ALWY FADLY', 2),
('1201154189', 'YONATAN ONNY PRANATA', 2),
('1201154190', 'DELLA PRASETYA ISWARA', 2),
('1201154191', 'ANDI SETYO ARDANA', 2),
('1201154192', 'MUHAMMAD RIZKI ALFARIZI', 2),
('1201154193', 'MUHAMMAD ILHAM MAULANA', 2),
('1201154194', 'MUHAMMAD HIDAYAT', 2),
('1201154195', 'ARWANDA BUDIONO', 2),
('1201154196', 'MUHAMAD HAKIM A.S', 2),
('1201154197', 'MAULANA ADI SAKSONO', 2),
('1201154198', 'REINALDI DWI BASKORO', 2),
('1201154199', 'FAUZAN NOVENDRA PUTRA YASYA', 2),
('1201154200', 'NOVALDI DWIPUTRA', 2),
('1201154201', 'PANJI AGDA', 2),
('1201154202', 'ALJOEVETO MUHARAM PUTRA', 2),
('1201154203', 'AUFA SATRIA', 2),
('1201154204', 'HASNIL SYAM', 2),
('1201154205', 'DWI DAFA DOIFULLAH', 2),
('1201154206', 'RAY FATHKA AKIKO', 2),
('1201154207', 'ELVAN PRATAMA', 2),
('1201154208', 'MOCHAMAD RIEPSA FADILLA', 2),
('1201154209', 'RIZKI EKA RIDANI', 2),
('1201154210', 'HAIKAL MUNAWAR FIKRI', 2),
('1201154211', 'KARTIKO ARYA YUDISTIRA', 2),
('1201154212', 'DIMAS CAHYA ANUGRAH', 2),
('1201154214', 'MUHAMAD ALI YUSUF', 2),
('1201154216', 'GERHARD IMANUEL S.', 2),
('1201154217', 'GILANG MANGESTIKA', 2),
('1201154218', 'AKHMAL MUAMMAR DWIKI RAFSANJANI', 2),
('1201154219', 'RIDHO ABDILLAH PERMANA', 2),
('1201154220', 'LINTONG TARNAMA LUMBANTORUAN', 2),
('1201154221', 'FAUZAN GHIFARI PRAKOSO', 2),
('1201154222', 'ELDWIN ILHAM MURPRATOMO', 2),
('1201154223', 'RIO ZULIAN MAULANA', 2),
('1201154224', 'BIMA AGUNG LAKSANA', 2),
('1201154226', 'KAMAL IHSAN ALI SYUHADA', 2),
('1201154227', 'ILHAM RAMLI', 2),
('1201154228', 'MUHAMMAD RIFKY KANTAPRAWIRA', 2),
('1201154229', 'I GUSTI NGURAH BAGUS ARYA DANANJAYA', 2),
('1201154230', 'ARNOL HENDRA MANYU', 2),
('1201154231', 'RANGGA HP', 2),
('1201154232', 'HARI SETIAWAN', 2),
('1201154235', 'KETMANTO', 2),
('1201154237', 'BAGOES MUCHAMMAD FAIZAL', 2),
('1201154238', 'MUHAMAD AMRULLAH FAQIH', 2),
('1201154240', 'IRSYAD BASKARA', 2),
('1201154241', 'RAKA DIRGANTARA', 2),
('1201154242', 'FACHRI RAZIQ EL AHMADY', 2),
('1201154243', 'CHIRSTIAN DHIMAS', 2),
('1201154244', 'MUHAMMAD IMAM RA\'IS', 2),
('1201154245', 'MAKKI FATHURRAHMAN', 2),
('1201154247', 'ILHAM ALGEFARI', 2),
('1201154248', 'WYDZKA TASHA AULIA AKBAR', 2),
('1201154251', 'FARID ARDIKA DASUM', 2),
('1201154252', 'FAWWAZ EL GIFARI', 2),
('1201154253', 'MUHAMMAD RIZKI APRILIANSYAH', 2),
('1201154255', 'ANDRIAN BIMA', 2),
('1201154257', 'WILLIARDY ADHUM PRATAMA', 2),
('1201154258', 'ROZI ABRORI FATHURROCHIM', 2),
('1201154259', 'ADITYA RIZKI FAUZI', 2),
('1201154260', 'MUHAMMAD AKHBAR FIKRIANSYAH', 2),
('1201154261', 'AULIA SOANGKUPON SIREGAR', 2),
('1201154263', 'MOHAMMAD YASIN', 2),
('1201154264', 'HILMI LUTFI', 2),
('1201154265', 'FAJAR', 2),
('1201154266', 'ERIK RAKHA RIZQULLAH', 2),
('1201154267', 'I NENGAH WIDIANA PUTRA', 2),
('1201154268', 'MUHAMMAD ZAKI AZHAR', 2),
('1201154269', 'PRIMA HUTAMA', 2),
('1201154270', 'MUHAMMAD TETUKO BUDI LAKSONO', 2),
('1201154271', 'BAGAS ARDHI PRATAMA', 2),
('1201154274', 'CAKRA RANA WIJAYA', 2),
('1201154275', 'ADITYA DHANIYANTO', 2),
('1201154277', 'RAVIZQI ADITYA', 2),
('1201154279', 'FAZA FIRDAUS NURSULA', 2),
('1201154280', 'DAVY RHESA PUTRA PRATAMA', 2),
('1201154281', 'IHFAN FAJAR SATRIA', 2),
('1201154282', 'RADEN FARHAN ASHADIAR', 2),
('1201154283', 'HILMAN ABI RAFDI', 2),
('1201154285', 'PRAYOGA SUMADI', 2),
('1201154290', 'DENTA ELVIANDA RIZKI R.', 2),
('1201154324', 'DEWI INTAN SARI', 2),
('1201154325', 'SISKA FEBRIYANTI', 2),
('1201154326', 'RAISA NURFADILA', 2),
('1201154327', 'SAORI DWISASKIA S', 2),
('1201154328', 'DEWI SHINTA M', 2),
('1201154329', 'KEYNA RATU NEFIRA', 2),
('1201154330', 'AULIA DIAH FITRIANINGTYAS', 2),
('1201154331', 'ADINDA RAHMI HUMAIRA', 2),
('1201154332', 'PATRICIA AMELIA', 2),
('1201154333', 'RIZKI SYOFIA QOLBIAH', 2),
('1201154334', 'INTAN PERMATASARI', 2),
('1201154335', 'PUTRI FATIMAH', 2),
('1201154336', 'DIANA ARVIANA LESTARI', 2),
('1201154338', 'RENATA GANISWARA', 2),
('1201154339', 'FAUZIYYAH EKA S.', 2),
('1201154340', 'SHAFIRA AMANDA UMAR', 2),
('1201154342', 'MEGA DWICAHYA', 2),
('1201154343', 'SITI ALMIRA MU\'MINAH', 2),
('1201154344', 'MIRANTI', 2),
('1201154345', 'NURUL FARHANA', 2),
('1201154347', 'UTAMI WULANDARI', 2),
('1201154348', 'SONIA RAMADONA', 2),
('1201154349', 'RIANI SRIKANDI', 2),
('1201154350', 'CHAULA TRIZA PUTRI', 2),
('1201154351', 'INDIRA SAVITRI', 2),
('1201154352', 'KENANDA ARDHENARISWARI S', 2),
('1201154353', 'FIDELA HARDIYANTI NARISWARI', 2),
('1201154354', 'TRI WAHYU SETYAWATI', 2),
('1201154355', 'TULUSIANI WIDJANARKO', 2),
('1201154356', 'PUTRI MEIRA NABILA', 2),
('1201154357', 'TRIANA SURYANI', 2),
('1201154358', 'NISSA YUNITA P', 2),
('1201154359', 'FITRA AKBAROKAH', 2),
('1201154360', 'INTAN NOVHELA', 2),
('1201154361', 'NUGITA ARLENDATAMA', 2),
('1201154362', 'PUTU AYU ANGGRASARI WIRAWARDANI', 2),
('1201154363', 'AJENG KIRANA', 2),
('1201154364', 'ANDWI WULANSARI', 2),
('1201154365', 'SAFINAH RIZKIYANI', 2),
('1201154366', 'SALMA NURRAFIANTI', 2),
('1201154367', 'KHAIRATUN NISA', 2),
('1201154368', 'RACHMATUL BAETY', 2),
('1201154369', 'ANDREA DEWI LINGGANI', 2),
('1201154370', 'ALISYA PRAMESTI', 2),
('1201154371', 'NINDIRA RIZKITA', 2),
('1201154372', 'CENDANA WIDYANINGTYAS PERMATARASARI', 2),
('1201154373', 'NADIA UTARI', 2),
('1201154374', 'HASNAWATI PIETYA SOLEHAH', 2),
('1201154375', 'MASFUFAH MOTIK LARASATI', 2),
('1201154376', 'NENCY YULIANA PUTRI', 2),
('1201154377', 'FARAH AFIFAH', 2),
('1201154378', 'RISYA RAHMASARI KOSASIH', 2),
('1201154379', 'DIAN RAHMANIA', 2),
('1201154380', 'INDAH AYU MELANINHGSIH', 2),
('1201154381', 'YUMNA SABILA', 2),
('1201154382', 'WIDIA ZULHAFIZAH', 2),
('1201154383', 'DURROTUS SAADATI', 2),
('1201154384', 'FAHIRA ALYAYUSI L', 2),
('1201154385', 'NOVIA MIFTAQUL JANNAH', 2),
('1201154386', 'HELGA OLIVIA NAULI', 2),
('1201154387', 'ZAHROH OLIVIANY FT', 2),
('1201154388', 'TIARA EMING YUDHASTRI', 2),
('1201154389', 'AMELIA PUTRI ANISA', 2),
('1201154391', 'FATIA MULYAHATI YUNUS', 2),
('1201154392', 'WIBIA WIDOWATI', 2),
('1201154393', 'NANDA MARHANDHIKA PUTRI', 2),
('1201154394', 'MIA MAULIDAH AWALIYAH', 2),
('1201154395', 'AMALIA PRATIWI', 2),
('1201154396', 'CYNTHIA FRESKY ANGELINA', 2),
('1201154397', 'MIFTHAHUL FATHIA', 2),
('1201154398', 'RATIH FEBIYANTI', 2),
('1201154400', 'NI PUTU TIARA SANTI', 2),
('1201154401', 'RARA NIKEN RAMADHANY', 2),
('1201154402', 'FAADHILAH ALWI', 2),
('1201154403', 'AQIILAH KHOIRIYYAH HUSNA', 2),
('1201154404', 'ANISA NURFADILAH', 2),
('1201154405', 'MIA RIZQI MAULIDA', 2),
('1201154406', 'SANTY AGRASARI', 2),
('1201154407', 'INDI ERDINIATY', 2),
('1201154408', 'DINDA AYU NURINDAHSARI', 2),
('1201154410', 'AZHARINE ANANDA', 2),
('1201154411', 'RESKA AYU SULISTYANINGSIH', 2),
('1201154412', 'EVA RAHMAWATI', 2),
('1201154413', 'TIARA AYU LESTARI', 2),
('1201154414', 'YANUARI RANI S', 2),
('1201154415', 'TANIA SILVANI', 2),
('1201154416', 'BUNG AYUNING SYARIFAH', 2),
('1201154417', 'OKKY SAFIRA', 2),
('1201154418', 'WIRDA HAMRO AFIVA', 2),
('1201154419', 'LINDA AYUMNA P', 2),
('1201154420', 'SEVY SAFIRA HANDINI', 2),
('1201154422', 'SALWA NABILA IZZA SALSABILA', 2),
('1201154423', 'AISYA KHAIRUNISA', 2),
('1201154424', 'YUNITA PUTRI GITA', 2),
('1201154425', 'FIRJATULLAH NASTARI', 2),
('1201154426', 'RISKA AYU HANIFAH', 2),
('1201154427', 'ARDIAH WAHYU CAHYANI', 2),
('1201154428', 'MEUTHIA MURFI', 2),
('1201154429', 'ASHSYFA GUSTINA', 2),
('1201154430', 'PUTRI RAHMA MULIAWATI', 2),
('1201154431', 'GHINA ZHAFIRAH', 2),
('1201154432', 'DWI SELA TRESNASARI', 2),
('1201154433', 'NANCY PUTRI RAMADHANI', 2),
('1201154434', 'FIYANIKA AMALIA P', 2),
('1201154435', 'ROMY SEFTIVANI A.', 2),
('1201154436', 'HASNA FITRI N', 2),
('1201154437', 'AULIA INDANA ZULFA', 2),
('1201154438', 'YONA RIZKITA CINDO', 2),
('1201154439', 'LUTFITA ASTIFANI RUNDANA', 2),
('1201154440', 'SARAH WAHYUNI', 2),
('1201154441', 'PUTRI MAULANI FAUZI', 2),
('1201154442', 'ANNISA PRIAS MAYSARAH', 2),
('1201154443', 'ADITIA SETIA WARDHANI', 2),
('1201154445', 'NUR FALAH SOFIATUL JANNAH', 2),
('1201154446', 'PRAMESTI INTAN MEUTHIA', 2),
('1201154447', 'RISTY MAYANG SARI', 2),
('1201154449', 'SETYORINI AYU YULI HARDIANTI', 2),
('1201154450', 'AYU MUFIDA AULIA', 2),
('1201154451', 'ANINDITHA DJUARSA', 2),
('1201154453', 'PUTRI RATNASARI', 2),
('1201154454', 'PEBRINA DONNA IZZAQI', 2),
('1201154455', 'AYU ARISTA LAMATO', 2),
('1201154456', 'MENTARI LARASATI', 2),
('1201154457', 'MUTHI MAITSA ZULFATRI', 2),
('1201154458', 'GHINA TIYASTI HUTAMI', 2),
('1201154459', 'WIDIA RETNOAYU', 2),
('1201154460', 'HANA NABILAH', 2),
('1201154462', 'PUTRI AYU WULANDARI', 2),
('1201154463', 'NAJAH', 2),
('1201154464', 'ANJANI MAULAYA', 2),
('1201154465', 'IRVANIDA SYAZWANIYYA MAUDYA IHSANI', 2),
('1201154466', 'EVITA RENGGANIS', 2),
('1201154467', 'LAILATUL FITRI', 2),
('1201154468', 'DINA LAILI SAFITRI', 2),
('1201154470', 'NABILA VIDYA ARIANI', 2),
('1201154471', 'DIAH AYU LAKSITA', 2),
('1201154472', 'RIZKY ADELIA', 2),
('1201154473', 'AUDREY RAHMANTI UNADI', 2),
('1201154474', 'ZHARALIN SURYAPUTRI', 2),
('1201154475', 'ULUL AZMI', 2),
('1201154477', 'FRISKA SOLOGIA', 2),
('1201154479', 'HANDINI OCTAFIA', 2),
('1201154480', 'LINDSAY BEANNING', 2),
('1201154481', 'FITALOKA DIAH A', 2),
('1201154482', 'FENITA NABILAH', 2),
('1201154483', 'SHELLA PUTRI YOULANDASARI', 2),
('1201154484', 'NOVITA PERMATA SARI', 2),
('1201154485', 'DINDA NURLISA RIANTY', 2),
('1201154486', 'ARNIS ARISMA PUTRI', 2),
('1201154487', 'ELSA WAHYU HARLIANA', 2),
('1201154488', 'BAIQ RISMA SULISTIANA', 2),
('1201154489', 'ANDINI PRATIWI', 2),
('1201154492', 'GABRIELLA MARGARETH HUTASOIT', 2),
('1201154522', 'RIFADLI DOKTAWIRANDA AGUSDIN', 2),
('1201154523', 'MUHAMMAD FADLY', 2),
('1201154525', 'INTAN ADZANI YUNUS', 2),
('1201154530', 'MUHAMMAD GALIH NISKALA. K', 2),
('1201154531', 'AGUNG GEDE DWISUYOGA', 2),
('1201154535', 'MUHAMMAD ICHSAN NURLIYAN', 2),
('1201154538', 'OLIVIA CAHYANINGDHIA S.P.', 2),
('1201154540', 'DZULHIA ARDIATY', 2),
('1201154543', 'NUR AINI AJENG JULIAWATI', 2);

-- --------------------------------------------------------

--
-- Struktur dari tabel `system_menu`
--

DROP TABLE IF EXISTS `system_menu`;
CREATE TABLE IF NOT EXISTS `system_menu` (
  `id` tinyint(3) UNSIGNED NOT NULL AUTO_INCREMENT,
  `parent_id` tinyint(3) UNSIGNED NOT NULL DEFAULT '0',
  `id_pm` int(11) NOT NULL,
  `menu_name` varchar(100) COLLATE latin1_general_ci NOT NULL,
  `url` varchar(100) COLLATE latin1_general_ci NOT NULL DEFAULT '',
  `menu_order` tinyint(3) UNSIGNED NOT NULL DEFAULT '0',
  PRIMARY KEY (`id`)
) ENGINE=MyISAM AUTO_INCREMENT=33 DEFAULT CHARSET=latin1 COLLATE=latin1_general_ci;

--
-- Dumping data untuk tabel `system_menu`
--

INSERT INTO `system_menu` (`id`, `parent_id`, `id_pm`, `menu_name`, `url`, `menu_order`) VALUES
(4, 0, 2, 'Cpanel', '', 4),
(6, 4, 2, 'Akun', 'cpanel/account', 3),
(11, 4, 2, 'Hak Akses', 'cpanel/access', 0),
(8, 4, 2, 'Menu', 'cpanel/menu', 4),
(26, 0, 5, 'Administration', '', 3),
(22, 21, 1, 'Student', 'database/student', 0),
(20, 0, 3, 'Recruitment', '', 2),
(21, 0, 1, 'Database', '', 1),
(25, 20, 3, 'Enroll', 'recruitment/enroll', 0),
(28, 26, 5, 'Open Recruitment', 'admin/oprec', 0),
(29, 0, 4, 'Dashboard', 'main/dashboard', 0),
(30, 26, 5, 'News', 'admin/news', 0),
(32, 30, 5, 'News', 'admin/news', 0);

-- --------------------------------------------------------

--
-- Struktur dari tabel `system_module`
--

DROP TABLE IF EXISTS `system_module`;
CREATE TABLE IF NOT EXISTS `system_module` (
  `id_pm` int(11) NOT NULL AUTO_INCREMENT,
  `module_name` varchar(255) NOT NULL,
  PRIMARY KEY (`id_pm`)
) ENGINE=InnoDB AUTO_INCREMENT=6 DEFAULT CHARSET=latin1;

--
-- Dumping data untuk tabel `system_module`
--

INSERT INTO `system_module` (`id_pm`, `module_name`) VALUES
(1, 'Database'),
(2, 'Cpanel'),
(3, 'Recruitment'),
(4, 'Dashboard'),
(5, 'Administration');

-- --------------------------------------------------------

--
-- Struktur dari tabel `system_user`
--

DROP TABLE IF EXISTS `system_user`;
CREATE TABLE IF NOT EXISTS `system_user` (
  `id_user` int(11) NOT NULL AUTO_INCREMENT,
  `username` varchar(255) NOT NULL,
  `password` varchar(255) NOT NULL,
  `display_name` varchar(255) NOT NULL,
  `display_path` varchar(255) NOT NULL,
  `level` int(2) NOT NULL,
  PRIMARY KEY (`id_user`)
) ENGINE=InnoDB AUTO_INCREMENT=102 DEFAULT CHARSET=latin1;

--
-- Dumping data untuk tabel `system_user`
--

INSERT INTO `system_user` (`id_user`, `username`, `password`, `display_name`, `display_path`, `level`) VALUES
(1, 'admin', '21232f297a57a5a743894a0e4a801fc3', 'Admin Seminar-Go', '', 2),
(99, 'raysoesanto', '938b4263f09b8b1dae8f027d06681ec9', 'Ray Soesanto', '', 1),
(100, '1201140033', 'e10adc3949ba59abbe56e057f20f883e', 'MUHAMMAD FIKRI ZAKKI', '', 3),
(101, '1201154229', 'e10adc3949ba59abbe56e057f20f883e', 'I GUSTI NGURAH BAGUS ARYA DANANJAYA', '', 3);

-- --------------------------------------------------------

--
-- Struktur dari tabel `system_user_level`
--

DROP TABLE IF EXISTS `system_user_level`;
CREATE TABLE IF NOT EXISTS `system_user_level` (
  `id_level` int(11) NOT NULL AUTO_INCREMENT,
  `level_name` varchar(255) NOT NULL,
  PRIMARY KEY (`id_level`)
) ENGINE=InnoDB AUTO_INCREMENT=4 DEFAULT CHARSET=latin1;

--
-- Dumping data untuk tabel `system_user_level`
--

INSERT INTO `system_user_level` (`id_level`, `level_name`) VALUES
(1, 'Super Admin'),
(2, 'Admin ISIEM'),
(3, 'Kandidat Asisten');

-- --------------------------------------------------------

--
-- Struktur dari tabel `system_user_privileges`
--

DROP TABLE IF EXISTS `system_user_privileges`;
CREATE TABLE IF NOT EXISTS `system_user_privileges` (
  `id_up` int(11) NOT NULL AUTO_INCREMENT,
  `id_level` int(11) NOT NULL,
  `id_pm` int(11) NOT NULL,
  PRIMARY KEY (`id_up`)
) ENGINE=InnoDB AUTO_INCREMENT=16 DEFAULT CHARSET=latin1;

--
-- Dumping data untuk tabel `system_user_privileges`
--

INSERT INTO `system_user_privileges` (`id_up`, `id_level`, `id_pm`) VALUES
(1, 1, 1),
(2, 1, 2),
(3, 2, 1),
(10, 4, 1),
(12, 1, 4),
(13, 1, 5),
(14, 3, 3),
(15, 3, 4);

-- --------------------------------------------------------

--
-- Stand-in struktur untuk tampilan `view_labwork`
-- (Lihat di bawah untuk tampilan aktual)
--
DROP VIEW IF EXISTS `view_labwork`;
CREATE TABLE IF NOT EXISTS `view_labwork` (
`id_ll` int(11)
,`id_lab` int(11)
,`id_labwork` int(11)
,`laboratory_name` varchar(255)
,`short_name` varchar(10)
,`labwork_name` varchar(100)
);

-- --------------------------------------------------------

--
-- Stand-in struktur untuk tampilan `view_og`
-- (Lihat di bawah untuk tampilan aktual)
--
DROP VIEW IF EXISTS `view_og`;
CREATE TABLE IF NOT EXISTS `view_og` (
`id_oprec_gen` varchar(8)
,`id_oprec` int(11)
,`id_major` int(11)
,`id_lab` int(11)
,`nim` int(10)
,`motto` varchar(300)
,`gpa` float
,`motivation` varchar(500)
,`oprec_status` int(11)
,`major_name` varchar(100)
,`laboratory_name` varchar(255)
,`short_name` varchar(10)
,`status_name` varchar(100)
);

-- --------------------------------------------------------

--
-- Stand-in struktur untuk tampilan `view_oprec`
-- (Lihat di bawah untuk tampilan aktual)
--
DROP VIEW IF EXISTS `view_oprec`;
CREATE TABLE IF NOT EXISTS `view_oprec` (
`id_oprec` int(11)
,`semester` varchar(50)
,`run_year` varchar(9)
,`start_date` date
,`end_date` date
,`description` varchar(500)
,`id_lab` int(11)
,`laboratory_name` varchar(255)
,`short_name` varchar(10)
,`labwork_name` varchar(100)
);

-- --------------------------------------------------------

--
-- Stand-in struktur untuk tampilan `view_oprec_master`
-- (Lihat di bawah untuk tampilan aktual)
--
DROP VIEW IF EXISTS `view_oprec_master`;
CREATE TABLE IF NOT EXISTS `view_oprec_master` (
`id_oprec` int(11)
,`semester` varchar(50)
,`run_year` varchar(9)
,`start_date` date
,`end_date` date
,`description` varchar(500)
);

-- --------------------------------------------------------

--
-- Struktur untuk view `view_labwork`
--
DROP TABLE IF EXISTS `view_labwork`;

CREATE ALGORITHM=UNDEFINED DEFINER=`root`@`localhost` SQL SECURITY DEFINER VIEW `view_labwork`  AS  select `a`.`id_ll` AS `id_ll`,`a`.`id_lab` AS `id_lab`,`a`.`id_labwork` AS `id_labwork`,`b`.`laboratory_name` AS `laboratory_name`,`b`.`short_name` AS `short_name`,`c`.`labwork_name` AS `labwork_name` from ((`lab_labwork` `a` join `laboratory` `b` on((`a`.`id_lab` = `b`.`id_lab`))) join `labwork` `c` on((`a`.`id_labwork` = `c`.`id_labwork`))) ;

-- --------------------------------------------------------

--
-- Struktur untuk view `view_og`
--
DROP TABLE IF EXISTS `view_og`;

CREATE ALGORITHM=UNDEFINED DEFINER=`root`@`localhost` SQL SECURITY DEFINER VIEW `view_og`  AS  select `a`.`id_oprec_gen` AS `id_oprec_gen`,`a`.`id_oprec` AS `id_oprec`,`a`.`id_major` AS `id_major`,`a`.`id_lab` AS `id_lab`,`a`.`nim` AS `nim`,`a`.`motto` AS `motto`,`a`.`gpa` AS `gpa`,`a`.`motivation` AS `motivation`,`a`.`oprec_status` AS `oprec_status`,`b`.`major_name` AS `major_name`,`c`.`laboratory_name` AS `laboratory_name`,`c`.`short_name` AS `short_name`,`d`.`status_name` AS `status_name` from (((`oprec_general` `a` join `major` `b` on((`a`.`id_major` = `b`.`id_major`))) join `laboratory` `c` on((`a`.`id_lab` = `c`.`id_lab`))) join `oprec_status` `d` on((`a`.`oprec_status` = `d`.`id_os`))) ;

-- --------------------------------------------------------

--
-- Struktur untuk view `view_oprec`
--
DROP TABLE IF EXISTS `view_oprec`;

CREATE ALGORITHM=UNDEFINED DEFINER=`root`@`localhost` SQL SECURITY DEFINER VIEW `view_oprec`  AS  select `a`.`id_oprec` AS `id_oprec`,`d`.`semester` AS `semester`,`d`.`run_year` AS `run_year`,`a`.`start_date` AS `start_date`,`a`.`end_date` AS `end_date`,`a`.`description` AS `description`,`b`.`id_lab` AS `id_lab`,`c`.`laboratory_name` AS `laboratory_name`,`c`.`short_name` AS `short_name`,`e`.`labwork_name` AS `labwork_name` from ((((`oprec` `a` join `oprec_detail` `b` on((`a`.`id_oprec` = `b`.`id_oprec`))) join `laboratory` `c` on((`b`.`id_lab` = `c`.`id_lab`))) join `academic_year` `d` on((`a`.`id_ay` = `d`.`id_ay`))) join `labwork` `e` on((`a`.`id_labwork` = `e`.`id_labwork`))) ;

-- --------------------------------------------------------

--
-- Struktur untuk view `view_oprec_master`
--
DROP TABLE IF EXISTS `view_oprec_master`;

CREATE ALGORITHM=UNDEFINED DEFINER=`root`@`localhost` SQL SECURITY DEFINER VIEW `view_oprec_master`  AS  select `a`.`id_oprec` AS `id_oprec`,`d`.`semester` AS `semester`,`d`.`run_year` AS `run_year`,`a`.`start_date` AS `start_date`,`a`.`end_date` AS `end_date`,`a`.`description` AS `description` from (`oprec` `a` join `academic_year` `d` on((`a`.`id_ay` = `d`.`id_ay`))) ;
COMMIT;

/*!40101 SET CHARACTER_SET_CLIENT=@OLD_CHARACTER_SET_CLIENT */;
/*!40101 SET CHARACTER_SET_RESULTS=@OLD_CHARACTER_SET_RESULTS */;
/*!40101 SET COLLATION_CONNECTION=@OLD_COLLATION_CONNECTION */;
