-- phpMyAdmin SQL Dump
-- version 4.8.3
-- https://www.phpmyadmin.net/
--
-- Host: 127.0.0.1
-- Generation Time: Apr 01, 2019 at 02:17 PM
-- Server version: 10.1.35-MariaDB
-- PHP Version: 7.1.21

SET SQL_MODE = "NO_AUTO_VALUE_ON_ZERO";
SET AUTOCOMMIT = 0;
START TRANSACTION;
SET time_zone = "+00:00";


/*!40101 SET @OLD_CHARACTER_SET_CLIENT=@@CHARACTER_SET_CLIENT */;
/*!40101 SET @OLD_CHARACTER_SET_RESULTS=@@CHARACTER_SET_RESULTS */;
/*!40101 SET @OLD_COLLATION_CONNECTION=@@COLLATION_CONNECTION */;
/*!40101 SET NAMES utf8mb4 */;

--
-- Database: `intgr_iris`
--

-- --------------------------------------------------------

--
-- Table structure for table `academic_year`
--

CREATE TABLE `academic_year` (
  `id_ay` int(11) NOT NULL,
  `semester` varchar(50) NOT NULL,
  `run_year` varchar(9) NOT NULL
) ENGINE=MyISAM DEFAULT CHARSET=latin1;

--
-- Dumping data for table `academic_year`
--

INSERT INTO `academic_year` (`id_ay`, `semester`, `run_year`) VALUES
(1, 'Ganjil', '2018/2019'),
(2, 'Genap', '2018/2019');

-- --------------------------------------------------------

--
-- Table structure for table `achievement_type`
--

CREATE TABLE `achievement_type` (
  `id_at` int(11) NOT NULL,
  `achievement_type_name` varchar(150) NOT NULL
) ENGINE=InnoDB DEFAULT CHARSET=latin1;

--
-- Dumping data for table `achievement_type`
--

INSERT INTO `achievement_type` (`id_at`, `achievement_type_name`) VALUES
(1, 'Training'),
(2, 'Certification'),
(3, 'Seminar'),
(4, 'Conference'),
(5, 'Others');

-- --------------------------------------------------------

--
-- Table structure for table `candidate`
--

CREATE TABLE `candidate` (
  `nim` int(10) NOT NULL,
  `alamat` varchar(150) NOT NULL,
  `t_lahir` varchar(100) NOT NULL,
  `tgl_lahir` date NOT NULL,
  `email` varchar(50) NOT NULL,
  `tlp` varchar(12) NOT NULL
) ENGINE=InnoDB DEFAULT CHARSET=latin1;

--
-- Dumping data for table `candidate`
--

INSERT INTO `candidate` (`nim`, `alamat`, `t_lahir`, `tgl_lahir`, `email`, `tlp`) VALUES
(1102120023, 'Bandung', 'Bandung', '1995-04-01', 'rezki@ada.com', '081223456789'),
(1201140033, 'Bojongsoang', 'Bandung', '0000-00-00', 'fik@ensyselab.com', '0815454455'),
(1201154229, 'kjkjk', 'Bali', '1993-05-18', 'arya@gmail.com', '0821177750'),
(1201180068, 'bojongsoang', 'Bandung', '2010-08-30', 'ada@gmail.com', '081233456782');

-- --------------------------------------------------------

--
-- Table structure for table `laboratory`
--

CREATE TABLE `laboratory` (
  `id_lab` int(11) NOT NULL,
  `laboratory_name` varchar(255) NOT NULL,
  `short_name` varchar(10) NOT NULL,
  `icon` varchar(50) NOT NULL,
  `pembina` varchar(150) NOT NULL
) ENGINE=InnoDB DEFAULT CHARSET=latin1;

--
-- Dumping data for table `laboratory`
--

INSERT INTO `laboratory` (`id_lab`, `laboratory_name`, `short_name`, `icon`, `pembina`) VALUES
(1, 'Facilities Planning Laboratory', 'PFT', 'iconsi-pft', 'Ika Arum Puspita, S.T., M.T.'),
(2, 'Techno Economy Laboratory', 'TEKMI', 'iconsi-tekmi', 'Maria Della Rosawati, S.T., MBA'),
(3, 'Technical Drawing Laboratory', 'GTX', 'iconsi-gartek', 'Ayudita, S.T., M.Sc.'),
(4, 'Industrial Statistic & Operational Research Laboratory', 'SIPO', 'iconsi-sipo', 'Hilman Dwi Anggana., S.Si., M.Sc.'),
(5, 'Production System & Automation Laboratory', 'SISPROMASI', 'iconsi-sispromasi', 'Ir. Widia Juliani., M.T.'),
(6, 'Manufacturing Process Laboratory', 'PROSMAN', 'iconsi-prosman', 'Rino Andias Anugraha, S.T., M.M.'),
(7, 'Business Simulation Laboratory', 'SIMBI', 'iconsi-simbi', 'Dr. Femi Yulianti'),
(8, 'Work Design & Analysis Laboratory', 'APK&E', 'iconsi-apk', 'Mira Rahayu, S.T, M.T'),
(9, 'Product Development Laboratory', 'P-DEV', '', 'Muhammad Iqbal, S.T, M.M.'),
(10, 'Enterprise System Engineering', 'ENSYS', '', 'Rayinda Pramuditya Soesanto, ST., MT'),
(11, 'Dasar Pemrograman', 'DASPRO', '', 'Rachmadita Andreswari, S.Kom., M.Kom.'),
(12, 'Sistem Operasi dan Jaringan', 'SISJAR', '', 'Adityas Widjajarto, S.T., M.T.'),
(13, 'Enterprise Application Development', 'EAD', '', 'Rahmat Fauzi, S.T., M.T.'),
(14, 'Business Process Analysis and Design', 'BPAD', '', 'Asti Amalia Nur Fajrillah, B.MM., M.Sc.'),
(15, 'Enterprise Resource Planning', 'ERP', '', 'Warih Puspitasari, S.Psi., M.Psi.'),
(16, 'Information Technology Governance, Risk, and Compliance Management', 'ITGRC', '', 'Anik Hanifatul Azizah, S.Kom., M.IM.');

-- --------------------------------------------------------

--
-- Table structure for table `labwork`
--

CREATE TABLE `labwork` (
  `id_labwork` int(11) NOT NULL,
  `labwork_name` varchar(100) NOT NULL
) ENGINE=MyISAM DEFAULT CHARSET=latin1;

--
-- Dumping data for table `labwork`
--

INSERT INTO `labwork` (`id_labwork`, `labwork_name`) VALUES
(2, 'Praktikum Perancangan Bisnis dan Fasilitas Industri'),
(1, 'Praktikum Perancangan Bisnis dan Fasilitas Industri'),
(3, 'Praktikum Menggambar Teknik'),
(4, 'Praktikum Perancangan Sistem Produksi dan Optimasi Industri'),
(5, 'Praktikum Perancangan Sistem Produksi dan Optimasi Industri'),
(6, 'Praktikum Proses Produksi dan Perancangan Sistem Kerja'),
(7, 'Praktikum Pengembangan Produk dan Simulasi Industri'),
(8, 'Praktikum Proses Produksi dan Perancangan Sistem Kerja'),
(9, 'Praktikum Pengembangan Produk dan Simulasi Industri'),
(10, 'Praktikum Analisis Perancangan Sistem Informasi'),
(11, 'Praktikum Algoritma Pemrograman'),
(12, 'SAP Fundamental'),
(13, 'SAP SCM 100'),
(14, 'SAP SCM 300'),
(15, 'SAP AC 010'),
(16, 'Algoritma Pemrograman'),
(17, 'Struktur Data dan Algoritma'),
(18, 'Object Oriented Programming'),
(19, 'Keamanan Sistem Informasi'),
(20, 'Desain Jaringan Komputer dan Komunikasi Data'),
(21, 'Manajemen Jaringan Komputer'),
(22, 'Dasar Sistem Operasi'),
(23, 'Basis Data'),
(24, 'Web App'),
(25, 'Mobile App'),
(26, 'Enterprise Architecture'),
(27, 'Analisis Perancangan Sistem Informasi'),
(28, 'Rekayasa Proses Bisnis'),
(29, 'Sistem Enterprise'),
(30, 'ERP: SCM 100'),
(31, 'ERP: Human Resource'),
(32, 'ERP: Akuntansi'),
(33, 'ERP: Produksi 500'),
(34, 'Manajemen Layanan');

-- --------------------------------------------------------

--
-- Table structure for table `lab_labwork`
--

CREATE TABLE `lab_labwork` (
  `id_ll` int(11) NOT NULL,
  `id_lab` int(11) NOT NULL,
  `id_labwork` int(11) NOT NULL
) ENGINE=MyISAM DEFAULT CHARSET=latin1;

--
-- Dumping data for table `lab_labwork`
--

INSERT INTO `lab_labwork` (`id_ll`, `id_lab`, `id_labwork`) VALUES
(3, 3, 3),
(2, 2, 2),
(1, 1, 1),
(4, 4, 4),
(5, 5, 5),
(6, 6, 6),
(7, 7, 7),
(8, 8, 8),
(9, 9, 9),
(10, 10, 10),
(11, 10, 11),
(12, 10, 12),
(13, 10, 13),
(14, 10, 14),
(15, 10, 15),
(16, 11, 16),
(17, 11, 17),
(18, 11, 18),
(19, 12, 19),
(20, 12, 20),
(21, 12, 21),
(22, 12, 22),
(23, 13, 23),
(24, 13, 24),
(25, 13, 25),
(26, 14, 26),
(27, 14, 27),
(28, 14, 28),
(29, 15, 29),
(30, 15, 30),
(31, 15, 31),
(32, 15, 32),
(33, 15, 33),
(34, 16, 34);

-- --------------------------------------------------------

--
-- Table structure for table `major`
--

CREATE TABLE `major` (
  `id_major` int(11) NOT NULL,
  `major_name` varchar(100) NOT NULL
) ENGINE=MyISAM DEFAULT CHARSET=latin1;

--
-- Dumping data for table `major`
--

INSERT INTO `major` (`id_major`, `major_name`) VALUES
(1, 'Industrial Engineering'),
(2, 'Information System'),
(3, 'Logistic Engineering');

-- --------------------------------------------------------

--
-- Table structure for table `news`
--

CREATE TABLE `news` (
  `id_news` int(11) NOT NULL,
  `news_title` varchar(50) NOT NULL,
  `news_content` varchar(1000) NOT NULL,
  `date` timestamp NOT NULL DEFAULT CURRENT_TIMESTAMP ON UPDATE CURRENT_TIMESTAMP
) ENGINE=MyISAM DEFAULT CHARSET=latin1;

-- --------------------------------------------------------

--
-- Table structure for table `oprec`
--

CREATE TABLE `oprec` (
  `id_oprec` int(11) NOT NULL,
  `id_ay` int(11) NOT NULL,
  `id_labwork` int(11) NOT NULL,
  `start_date` date NOT NULL,
  `end_date` date NOT NULL,
  `description` varchar(500) NOT NULL
) ENGINE=InnoDB DEFAULT CHARSET=latin1;

--
-- Dumping data for table `oprec`
--

INSERT INTO `oprec` (`id_oprec`, `id_ay`, `id_labwork`, `start_date`, `end_date`, `description`) VALUES
(1, 2, 3, '2019-04-01', '2019-04-06', 'Rekruitasi Lab GARTEK untuk asisten praktikum Menggambar Teknik'),
(2, 2, 2, '2019-04-01', '2019-04-06', 'Rekruitasi Lab TEKMI untuk asisten Praktikum Perancangan Bisnis dan Fasilitas Industri'),
(3, 2, 1, '2019-04-01', '2019-04-06', 'Rekruitasi Lab PFT untuk asisten Praktikum Perancangan Bisnis dan Fasilitas Industri'),
(4, 2, 4, '2019-04-01', '2019-04-06', 'Rekruitasi Lab SIPO untuk asisten Praktikum Praktikum Perancangan Sistem Produksi dan Optimasi Industri'),
(5, 2, 5, '2019-04-01', '2019-04-06', 'Rekruitasi Lab SISPROMASI untuk asisten Praktikum Praktikum Perancangan Sistem Produksi dan Optimasi Industri'),
(6, 2, 11, '2019-04-01', '2019-04-06', 'Rekruitasi Lab ENSYSe untuk asisten Praktikum Praktikum Algoritma Pemrograman'),
(7, 2, 35, '2019-04-01', '2019-04-06', 'Rekruitasi Lab ENSYSe untuk asisten Praktikum Praktikum Basis Data'),
(8, 2, 20, '2019-04-01', '2019-04-06', 'Rekruitasi Lab SISJAR untuk asisten praktikum Desain Jaringan Komputer dan Komunikasi Data'),
(9, 2, 22, '2019-04-01', '2019-04-06', 'Rekruitasi Lab SISJAR untuk asisten Praktikum Dasar Sistem Operasi'),
(10, 2, 17, '2019-05-01', '2019-04-06', 'Rekruitasi Lab DASPRO untuk asisten Praktikum Struktur Data dan Algoritma'),
(11, 2, 24, '2019-01-01', '2019-04-06', 'Rekruitasi Lab EAD untuk asisten Praktikum OOP dan Pemrograman Web');

-- --------------------------------------------------------

--
-- Table structure for table `oprec_achievement`
--

CREATE TABLE `oprec_achievement` (
  `id_oprec_achievement` int(11) NOT NULL,
  `id_oprec_gen` varchar(8) NOT NULL,
  `achievement_type` int(11) NOT NULL,
  `achievement_name` varchar(300) NOT NULL,
  `year` int(4) NOT NULL
) ENGINE=InnoDB DEFAULT CHARSET=latin1;

-- --------------------------------------------------------

--
-- Table structure for table `oprec_detail`
--

CREATE TABLE `oprec_detail` (
  `id_od` int(11) NOT NULL,
  `id_oprec` int(11) NOT NULL,
  `id_lab` int(11) NOT NULL
) ENGINE=InnoDB DEFAULT CHARSET=latin1;

--
-- Dumping data for table `oprec_detail`
--

INSERT INTO `oprec_detail` (`id_od`, `id_oprec`, `id_lab`) VALUES
(1, 1, 3),
(2, 2, 2),
(3, 3, 1),
(4, 4, 4),
(5, 5, 5),
(6, 6, 10),
(7, 7, 10),
(8, 8, 12),
(9, 9, 12),
(10, 10, 11),
(11, 11, 13);

-- --------------------------------------------------------

--
-- Table structure for table `oprec_education`
--

CREATE TABLE `oprec_education` (
  `id_oprec_edu` int(11) NOT NULL,
  `id_oprec_gen` varchar(8) NOT NULL,
  `year` int(4) NOT NULL,
  `education` varchar(300) NOT NULL
) ENGINE=InnoDB DEFAULT CHARSET=latin1;

-- --------------------------------------------------------

--
-- Table structure for table `oprec_file`
--

CREATE TABLE `oprec_file` (
  `id_of` int(11) NOT NULL,
  `id_oprec_gen` varchar(8) NOT NULL,
  `khs_url` varchar(100) NOT NULL,
  `photo_url` varchar(100) NOT NULL
) ENGINE=MyISAM DEFAULT CHARSET=latin1;

-- --------------------------------------------------------

--
-- Table structure for table `oprec_general`
--

CREATE TABLE `oprec_general` (
  `id_oprec_gen` varchar(8) NOT NULL,
  `id_oprec` int(11) NOT NULL,
  `id_major` int(11) NOT NULL,
  `id_lab` int(11) NOT NULL,
  `nim` int(10) NOT NULL,
  `motto` varchar(300) NOT NULL,
  `gpa` float NOT NULL,
  `motivation` varchar(500) NOT NULL,
  `oprec_status` int(11) NOT NULL
) ENGINE=InnoDB DEFAULT CHARSET=latin1;

-- --------------------------------------------------------

--
-- Table structure for table `oprec_organization`
--

CREATE TABLE `oprec_organization` (
  `id_oprec_org` int(11) NOT NULL,
  `id_oprec_gen` varchar(8) NOT NULL,
  `year` int(4) NOT NULL,
  `org_name` varchar(150) NOT NULL,
  `position` varchar(150) NOT NULL
) ENGINE=InnoDB DEFAULT CHARSET=latin1;

-- --------------------------------------------------------

--
-- Table structure for table `oprec_skills`
--

CREATE TABLE `oprec_skills` (
  `id_oprec_skills` int(11) NOT NULL,
  `id_oprec_gen` varchar(8) NOT NULL,
  `software_name` varchar(200) NOT NULL,
  `software_lvl` int(11) NOT NULL
) ENGINE=InnoDB DEFAULT CHARSET=latin1;

-- --------------------------------------------------------

--
-- Table structure for table `oprec_status`
--

CREATE TABLE `oprec_status` (
  `id_os` int(11) NOT NULL,
  `status_name` varchar(100) NOT NULL
) ENGINE=InnoDB DEFAULT CHARSET=latin1;

--
-- Dumping data for table `oprec_status`
--

INSERT INTO `oprec_status` (`id_os`, `status_name`) VALUES
(1, 'Applying'),
(2, 'Registration Finish'),
(3, 'Administrative Checking'),
(4, 'On Going'),
(5, 'Success'),
(6, 'Failed');

-- --------------------------------------------------------

--
-- Table structure for table `software_lvl`
--

CREATE TABLE `software_lvl` (
  `id_sl` int(11) NOT NULL,
  `lvl_name` varchar(100) NOT NULL
) ENGINE=InnoDB DEFAULT CHARSET=latin1;

--
-- Dumping data for table `software_lvl`
--

INSERT INTO `software_lvl` (`id_sl`, `lvl_name`) VALUES
(1, 'Beginner'),
(2, 'Intermediate'),
(3, 'Advance');

-- --------------------------------------------------------

--
-- Table structure for table `student`
--

CREATE TABLE `student` (
  `nim` varchar(10) NOT NULL,
  `student_name` varchar(255) NOT NULL,
  `student_status` int(1) NOT NULL
) ENGINE=InnoDB DEFAULT CHARSET=latin1;

--
-- Dumping data for table `student`
--

INSERT INTO `student` (`nim`, `student_name`, `student_status`) VALUES
('1102120007', 'M. ADHITYA EKA SEPTYAN', 2),
('1102120023', 'RAHMAT REZKI', 2),
('1102120034', 'MUHAMMAD RASYID RIDHA', 2),
('1102120076', 'DRAVIAN FAKHRI GUNAWAN', 2),
('1102120079', 'FA\'IDH FADHILAH EDRIAN', 2),
('1102120085', 'MUHAMMAD ABDAL', 2),
('1102120086', 'MUHAMMAD HASBI', 2),
('1102120093', 'TIAS ADIWIJAYA', 2),
('1102120135', 'VITO ABISENA', 2),
('1102120140', 'ALVIN FIRDAUS PRIBADI', 2),
('1102120186', 'ANDHYKA RIZKY MANEVA', 2),
('1102120198', 'IRFAN FAHRIDHZAL', 2),
('1102120206', 'PRASETYO MULYO HARTONO', 2),
('1102120211', 'ALDO THEOFILUS SUHERMAN', 2),
('1102120237', 'NUR ATIKAH', 2),
('1102120245', 'ANDI HIDAYAT', 2),
('1102120247', 'MUHAMMAD HAFIDZ HIKMATURRAHMAN', 2),
('1102124291', 'ARDIAN REZA PAHLEVI', 2),
('1102124321', 'DINI NURAISYAH', 2),
('1102130012', 'MUHAMMAD RAMANA RIMBAWAN', 2),
('1102130028', 'BIMA PRAYOGI', 2),
('1102130043', 'TANJUNG NDARU KURNIA SANDI', 2),
('1102130055', 'GABRIELLE BENITA SITOMPUL', 2),
('1102130062', 'NAUFAL MAHMUDI', 2),
('1102130071', 'DWITOMO SANDHY PUTRA', 2),
('1102130075', 'CLARISA PRESTY PANGERAN', 2),
('1102130084', 'RAMA FERDIAN SURAKUSUMAH', 2),
('1102130106', 'REYHAN RHESADEWANA RAHMAD DENI', 2),
('1102130111', 'AZAM FATHURAHMAN', 2),
('1102130128', 'MUHAMAD ERFAN APRIYANTO', 2),
('1102130130', 'ANDHY PRAMADANA PRAWANSA', 2),
('1102130150', 'MOHAMMAD ERZA SYAHLEVI', 2),
('1102130185', 'HARIS MAHFUD', 2),
('1102130208', 'BASTIAN GINORANN', 2),
('1102130209', 'DIPTA RAGA PRATAMA', 2),
('1102130227', 'MUHAMMAD FAUZAN ADIPUTRA', 2),
('1102130229', 'MUHAMMAD IRFAN KUSUMA', 2),
('1102130244', 'YAZID', 2),
('1102130245', 'MUHAMMAD RIZQI FAJRI', 2),
('1102130255', 'FAUZAN HAEQAL ARIFIN', 2),
('1102130256', 'KENZI MARUF IBRAHIM', 2),
('1102130259', 'M. YAZID DHIYAULHAQ', 2),
('1102134278', 'MUHAMAD KRESNA ADIGUNA', 2),
('1102134283', 'FALDY RAHMAN AVIVI NURJAMAN', 2),
('1102134286', 'OZKI SEPTARIADI', 2),
('1102134296', 'RIZKAN ISKANDAR WIGENA', 2),
('1102134299', 'MUHAMMAD TRAVIS JORDAN HARAHAP', 2),
('1102134314', 'MUHAMMAD TAUFIK HASIBUAN', 2),
('1102134371', 'FISYAIFUL AMIR', 2),
('1102134375', 'ALAN MUHAMMAD RUSDI', 2),
('1102134383', 'ADITYA RADIFAN', 2),
('1102134390', 'ARIEF JUNIARTO PURNAMA', 2),
('1102134391', 'ARTUR DERY KARO-KARO', 2),
('1102134393', 'PUSPITA MARSYA TAMARA', 2),
('1102134399', 'MUHAMMAD HAIKAL', 2),
('1102134418', 'RIZAL SOLIHIN', 2),
('1102134428', 'MUHAMMAD ARDHAN SATRYA GUNA', 2),
('1106120002', 'ANGGORO WIRATMOJO', 2),
('1106120004', 'MUHAMMAD HARITS ABDURRAHMAN', 2),
('1106120021', 'MOCHAMAD SHAHREZA RAMLY', 2),
('1106120022', 'REKSA MUHAMAD NUR YUNUS DIRGAHAYU', 2),
('1106120046', 'MUHAMMAD FAKHRURIJAL', 2),
('1106120052', 'SULAIMANDA ISRA HASIBUAN', 2),
('1106120076', 'ANDINI AMALIA', 2),
('1106120092', 'ARI CHANDRA WARDANI', 2),
('1106120111', 'ADI PUTRO', 2),
('1106120113', 'BAGUS WICAKSONO', 2),
('1106120120', 'ANRI IBNURROBI\' BAHRUN', 2),
('1106120125', 'SYACHRIR HIDAYATULLAH', 2),
('1106120127', 'ERFANDI RAMBANG', 2),
('1106120129', 'MUHAMMAD UMAR', 2),
('1106120139', 'AMINNUR IKHSAN', 2),
('1106120148', 'FANDI AGUNG LAKSONO', 2),
('1106120163', 'IRWANDANA', 2),
('1106120177', 'RIZQI ARYA PUTRA', 2),
('1106120183', 'ERALDY WARDHANU', 2),
('1106120186', 'JEREMYA PRATAMA SITEPU', 2),
('1106130025', 'RAMDHANI PRIANDATAMA', 2),
('1106130035', 'EDY RIZKY', 2),
('1106130036', 'JEFRI JAKHEL', 2),
('1106130046', 'MUHAMMAD SHAUFI IMANULHAQ', 2),
('1106130050', 'RIAN NOVIYANDRA', 2),
('1106130060', 'YUDI PRASETYA', 2),
('1106130061', 'RIFQI YULIANDRI ROSMAN', 2),
('1106130063', 'ZEKY HAMDANI', 2),
('1106130065', 'MUHAMMAD HAFIZ ZAMRA', 2),
('1106130079', 'RIEFAN AFRIENANDA RACHMAN', 2),
('1106130088', 'DAVID LEONARDO PANJAITAN', 2),
('1106130092', 'RINALDI TAMBUNAN', 2),
('1106130101', 'SEPTIAN SONY HERMAWAN', 2),
('1106130105', 'RIYANA PUTRANTI', 2),
('1106130109', 'RAJAWALI PUTRA', 2),
('1106130130', 'ARVEL KENNARD YEREMIA H', 2),
('1106130141', 'NICE VELY MARIA.P', 2),
('1106130149', 'MUSTHOFA KAMAL', 2),
('1106130153', 'MOHAMMAD NURDIANSYAH', 2),
('1106130157', 'ADHITYO RIZKI NUGROHO', 2),
('1106130167', 'RANDY PRAGINARA', 2),
('1106132098', 'ALFONSO GEMALIEL', 2),
('1106134186', 'DEDY HENDRYAN SYAHPUTRA', 2),
('1106134193', 'AISYA HANIFA', 2),
('1106134194', 'BAGAS REZKITA', 2),
('1106134227', 'RESTU LESTARI', 2),
('1201140007', 'GEOFANI ANDREYANA BADRUN', 2),
('1201140013', 'MUHAMMAD ARIF \'IZZUDIN', 2),
('1201140018', 'NOVAN SAPUTRA', 2),
('1201140049', 'MOCHAMMAD GERRY PAMUNGKAS', 2),
('1201140055', 'ANDRA RIZKITA', 2),
('1201140057', 'MUHAMMAD IRWAN', 2),
('1201140063', 'AGUNG WICAKSONO', 2),
('1201140070', 'JULIAN HARYO PAMUNGKAS', 2),
('1201140079', 'FAKHRY NUGROHO', 2),
('1201140087', 'WAHYU MARUSAHA', 2),
('1201140095', 'KUN RINALDI PRAMANA', 2),
('1201140102', 'RIZKY ALIF OKTAVIANI HARIYONO PUTRI', 2),
('1201140108', 'GREGORIUS KEVIN ADINUGROHO', 2),
('1201140113', 'HARIO ARDI NUGROHO', 2),
('1201140119', 'MUHAMMAD IRFAN SYAHPUTRA HADIYAT', 2),
('1201140120', 'RADEN HENRY HERIANSYAH', 2),
('1201140122', 'FRANSISCUS XAVERIUS ADITYA WISNU WARDHANA', 2),
('1201140137', 'RANDY TRI ANANDA SURBAKTI', 2),
('1201140167', 'BENEDIKTUS PRASETYO', 2),
('1201140171', 'REZA FAERUS AL FARISI', 2),
('1201140173', 'ANDRIE ANDIKA', 2),
('1201140181', 'INSAN ADIGUNA', 2),
('1201140193', 'MUHAMMAD FAHMI AZHAR RAHMAN', 2),
('1201140219', 'ACHMAD FANANI ADAM', 2),
('1201140245', 'QIDAM QOLBY', 2),
('1201140251', 'NADIA NURUL AZZMI', 2),
('1201140267', 'ANDRE KHARIS SIANIPAR', 2),
('1201140277', 'MUHAMMAD RIZKI YOFACHRI', 2),
('1201140279', 'WAHID AMINULAH', 2),
('1201140280', 'MUHAMMAD YASER AL MUBARAK', 2),
('1201140289', 'SEMBADA WITANA HARJA', 2),
('1201140290', 'NADIRA CAHYA UTAMI RUSLI', 2),
('1201140300', 'MUHAMMAD FADLI AULIYUFLIHA', 2),
('1201140303', 'ACHMAD FATHONI ADAM', 2),
('1201140308', 'YUSUF MABRUR', 2),
('1201140310', 'DAVIN TONA HANSEL SILITONGA', 2),
('1201140316', 'RYAN NOVIANDI AKBAR', 2),
('1201140318', 'M. ALMYZAR P.R.', 2),
('1201140319', 'ERIF RIFKI REDIANA', 2),
('1201140329', 'MUHAMMAD ARTITO ARIEF', 2),
('1201140345', 'DIMAS REZA PAMUNGKAS', 2),
('1201140351', 'SITI FATIMAH ZAINATUN NISA', 2),
('1201140359', 'WIRANDY FAJAR SAPUTRA', 2),
('1201140364', 'YUNALDI RESTU PUTRA', 2),
('1201140373', 'PRANDIKA PRATANTO', 2),
('1201140378', 'ACHMAD REVA', 2),
('1201140387', 'MUHAMMAD HADYAN IHTIFADHUDDIN', 2),
('1201140393', 'HAIDI GHIFARY', 2),
('1201140395', 'KANISSA DHIKATALA', 2),
('1201140428', 'YOGA WIDAGDA WENDY PRADHANA', 2),
('1201140432', 'NADYA FEBRIKA', 2),
('1201140433', 'MUTIA PUSPITA OKTAVIANA', 2),
('1201142050', 'MAXWEL HUTAHAEAN', 2),
('1201142314', 'FAHIRA GEARAHMANI', 2),
('1201142436', 'MUHAMMAD REZA BAGJA BARJAMAN', 2),
('1201142442', 'NURUL FITRIANI', 2),
('1201142446', 'AGUNG WIDYAPRAKOSO WINARDI', 2),
('1201142454', 'RIZKY ADHI PRASETYO', 2),
('1201144003', 'NOVITRI CINTA MARITO HASIBUAN', 2),
('1201144010', 'SIVA AULIA', 2),
('1201144026', 'MUHAMMAD ALIF SEPTA FADHILA PUTRA', 2),
('1201144034', 'MUHAMMAD FAHMI SIREGAR', 2),
('1201144038', 'HIKMAT NUR AZHARI', 2),
('1201144044', 'MUSLIM NAUFAL SUGIYANTO', 2),
('1201144046', 'ALIA ASTI NURLAILI', 2),
('1201144056', 'NARARYO ANANTO WIBOWO', 2),
('1201144064', 'FAKHRUL RAZI FRIMA', 2),
('1201144072', 'RAKA CHANDRA WICAKSONO', 2),
('1201144073', 'DENZAKKY SUMARDI', 2),
('1201144076', 'ANDHIKA SAPUTRA', 2),
('1201144093', 'MUCHAMMAD NURUL FU\'AD', 2),
('1201144117', 'AYU AMANDA HAPSARI', 2),
('1201144124', 'AYESHA RAFA DINDA', 2),
('1201144128', 'FAISHAL AKBAR', 2),
('1201144131', 'REVA TAMA PUTRA', 2),
('1201144154', 'ANDRIAN LISTYO KAWURI', 2),
('1201144155', 'RIVAN SURYANA', 2),
('1201144165', 'ELFA KURNIA PRATAMA', 2),
('1201144182', 'NADIA AURORA SORAYA', 2),
('1201144185', 'REYNALDO YOSEVA PARULIAN SITOMPUL', 2),
('1201144190', 'ADHI TIO RACHMAN', 2),
('1201144195', 'ADYTHIA NICO NUGROHO', 2),
('1201144208', 'DIANTI EKA PUTRI', 2),
('1201144210', 'KEMAL FARIZ RAMADHANI', 2),
('1201144221', 'MOCHAMAD REXY NURULSAPUTRA', 2),
('1201144234', 'PASCAL SHINJI LEOSISWO', 2),
('1201144248', 'MUHAMMAD EDWIN FAUZI', 2),
('1201144249', 'HARRY NURMI SUARI', 2),
('1201144274', 'ILHAM FAKHRULHAQQI', 2),
('1201144301', 'MUCHAMAD THAARIQ ABDILAH', 2),
('1201144322', 'DWI RAAFIANA ASYIFA', 2),
('1201144323', 'RYAN EKO PURNOMO', 2),
('1201144324', 'NAUFAL BARI MUHAMMAD', 2),
('1201144327', 'MUHAMMAD NOOR FAZRI', 2),
('1201144335', 'DHAWY FARRAS PUTRA', 2),
('1201144374', 'MUHAMMAD WAHYU YUSRAN', 2),
('1201144394', 'RADEN MUHAMMAD GIFARI PUTRA WIDITAMA SA', 2),
('1201150002', 'FARABI MUHAMMAD MAHDY', 2),
('1201150003', 'TASNIM ARIF', 2),
('1201150004', 'JOHANES HARYO WICAKSONO PRACOYO', 2),
('1201150005', 'GILANG PRADANA', 2),
('1201150006', 'ALDIAN MUHAMMAD R.', 2),
('1201150007', 'YEHOSUA ALFREDA RANTESALU', 2),
('1201150008', 'GEDE PERBAWA SARWADHAMANA', 2),
('1201150009', 'M BANGKIT HIDAYANTO', 2),
('1201150011', 'M RIDHOLLAH OKTAVIRINALDY', 2),
('1201150013', 'MURAZKY HENGKI RIAJA', 2),
('1201150014', 'TRISYAN ADMAJA KUNCORO', 2),
('1201150015', 'IDA BAGUS WASUDEWA', 2),
('1201150016', 'FIKIH FATUROCHMAN', 2),
('1201150017', 'MUHAMMAD ILHAM Z', 2),
('1201150018', 'GEDE ADNYANA NARARYA', 2),
('1201150019', 'MUHAMMAD JACKA AULIA', 2),
('1201150020', 'FAJAR MUHAMMAD', 2),
('1201150022', 'RIFKI AGUSTA', 2),
('1201150023', 'MUHAMMAD KADEF', 2),
('1201150024', 'MUHAMMAD AULIA AKBAR', 2),
('1201150025', 'DIMAS SETIA ARYOGA', 2),
('1201150026', 'NAUFAL MUHAMMAD ZAKI', 2),
('1201150027', 'MAURITZ EDO SOUMUTUL', 2),
('1201150028', 'DHIEMAZ HENDRAWAN SOEHARTANTO PUTRA', 2),
('1201150029', 'BAGUS MURDYANTORO', 2),
('1201150031', 'ALDI BASTIAN', 2),
('1201150034', 'MUHAMMAD STIVANDRY WILANDRIA SYOFRINALDY NOOR', 2),
('1201150035', 'MUHAMMAD BOBBY PRATHAMA NUGRAHA PRIBADI', 2),
('1201150037', 'FM ANGGRA MANDALA PUTRA', 2),
('1201150038', 'KEVIN KURNIA AULIA', 2),
('1201150039', 'RAGA SUKMANA', 2),
('1201150040', 'GALIH PUTRA INDARTYASTO', 2),
('1201150041', 'FAHREZA FADHIL HAKEKI', 2),
('1201150042', 'RIZQI GHANI FATURRAHMAN', 2),
('1201150043', 'FARHAN FATUR RAHMAN', 2),
('1201150045', 'RIO SISCO', 2),
('1201150046', 'MOH FIRMAN ADI BENTITO', 2),
('1201150047', 'MUHAMMAD RAVI ISMAIL', 2),
('1201150048', 'FAIZ ARIA ANGGANA', 2),
('1201150049', 'MUFLIH HAFIDZ DANURHADI', 2),
('1201150050', 'MUHAMAD CANDRA PERMANA', 2),
('1201150051', 'ABSHAR NAUFAN RASYADAN', 2),
('1201150052', 'SETO BAGHASKORO', 2),
('1201150053', 'MUHAMMAD IQBAL PRANATIO', 2),
('1201150054', 'ANGGA DARMAWAN', 2),
('1201150056', 'BHAGAS WISNU PERMADI', 2),
('1201150057', 'MUHAMMAD ISHLAHUSH SHIROD ADITYA', 2),
('1201150291', 'DELLA AZKA DWIGIFARI', 2),
('1201150292', 'DITA PATWI YULINAR', 2),
('1201150293', 'DEVITA ASTASIA', 2),
('1201150294', 'CYNTIA', 2),
('1201150295', 'LIZA NAFIAH MAULIDINA', 2),
('1201150296', 'SITDA LEYNA MUNTHE', 2),
('1201150297', 'HANAA ROSYADA W', 2),
('1201150298', 'INDI ALDINI IRMANSYAH', 2),
('1201150299', 'NOVITA SARI', 2),
('1201150301', 'HASNA NURHASANAH', 2),
('1201150302', 'AYU HAPSARI UMIMARYAM', 2),
('1201150303', 'SHAFIRA NURLITA', 2),
('1201150304', 'DESI LESTARI', 2),
('1201150305', 'AYU SASKIA PRISCILLA HARRIS', 2),
('1201150306', 'SARAH AYUTAMI', 2),
('1201150307', 'AMELIA PUTRI OKTAVIANI', 2),
('1201150308', 'HURIA NUSANTARA', 2),
('1201150309', 'MEITA RATNA SARI SAGALA', 2),
('1201150310', 'OVIE ISNANDA IRSA', 2),
('1201150311', 'MEGA FITRIANA ROSA', 2),
('1201150312', 'MEDIANTI ARIFIA DEWI', 2),
('1201150313', 'SEVHIRA IVANI ASWIR', 2),
('1201150314', 'DETHA AULIA ALFAZAH', 2),
('1201150315', 'AYU KARINA SARI', 2),
('1201150316', 'ISQINA RIZKY FIORENTINA', 2),
('1201150317', 'DEFFY IFTY NOER FILAYATI', 2),
('1201150318', 'SASKIA LATIFAH CHOIR', 2),
('1201150319', 'ANISA PUTRI AMBAR SERAYU', 2),
('1201150320', 'SILMI APRILIA ANDARI', 2),
('1201150521', 'ADITYA AHMAD MAULANA', 2),
('1201150524', 'ARANISSA MENTARI DARMAWAN', 2),
('1201150532', 'FILDZAH FAJRINA', 2),
('1201151323', 'NIHAN UFAIRA RIZAGANA', 2),
('1201152286', 'RANGGA FAUZIAN RAMADHAN', 2),
('1201152287', 'IRDAN ARJULIAN', 2),
('1201152490', 'AZYLIA PUTRI DENIA', 2),
('1201152491', 'AYU VITA RASTITI', 2),
('1201152527', 'ALFIOLA YULIA ANTHOH', 2),
('1201152534', 'RAHMA FAUZIYAH', 2),
('1201153494', 'YANSYA ALDEZAN GUSMAN', 2),
('1201153495', 'ABARAHAM AGUS STEFANUS SIMANJUNTAK', 2),
('1201153496', 'MUHAMAD FADILLAH', 2),
('1201153497', 'MUH. DHIYAURRAHMAN T', 2),
('1201153498', 'ILHAM RAFDI KARAMI', 2),
('1201153499', 'ALIFAN NURFATWA MAHASIDHQI', 2),
('1201153500', 'GRADYTIO RAHMADI HARTADJI', 2),
('1201153502', 'MOCHAMAD RIZKY FAUZY', 2),
('1201153503', 'ANGGA NUGRAHA', 2),
('1201153504', 'AZMI MAHDI', 2),
('1201153505', 'ALIF AKBAR', 2),
('1201153507', 'MAULIDAN KHOIR', 2),
('1201153509', 'MUHAMMAD REZA AQRAM', 2),
('1201153514', 'INRI SUMITRA DEWI', 2),
('1201153515', 'GHINA RAFIDAH', 2),
('1201153517', 'DWITA NURHALIZA KHARISMA SETIAWAN', 2),
('1201153518', 'SYIFA NUR HASYYATI', 2),
('1201153519', 'ANNISA AULIA SAMBAS', 2),
('1201153520', 'JAUHARAH HASNA DZAKIYYAH ADANI', 2),
('1201153528', 'BRAMASTHA ALDIA', 2),
('1201153529', 'GNIEGMILANG ADIABENTANG FADILAH', 2),
('1201153537', 'RIZAL WARDHANI', 2),
('1201153539', 'WIKA SEKAR SANGGARWATI', 2),
('1201153541', 'FANJAR ARIF WIJAKSONO', 2),
('1201153542', 'JESICA APRILIANI PUTRI', 2),
('1201153544', 'MOHAMMAD ARAFAT', 2),
('1201154059', 'GARDA PATRIA', 2),
('1201154060', 'CHREISNA PRATAMA PUTRA', 2),
('1201154064', 'CANDRIKA DHIASTRA AMIR BAGASTAMA', 2),
('1201154065', 'ESA PURNAMA', 2),
('1201154066', 'ACHMAD ABIMANYU', 2),
('1201154067', 'INDRA PRASETYONO', 2),
('1201154069', 'FAUZI ILHAM SOPWANDI', 2),
('1201154070', 'ARYODIMAS SYIFA PUTRANDY', 2),
('1201154071', 'MUHAMMAD RIFQI WIBISONO', 2),
('1201154072', 'MUHAMMAD RIZKY', 2),
('1201154073', 'HILMAN ARDIAN EKANANDA', 2),
('1201154076', 'SYUHADA MULIA RAHMANSYAH', 2),
('1201154077', 'MUHAMMAD FARHAN FATHURRAHMAN', 2),
('1201154078', 'LUTHFI FADILLAH SANI', 2),
('1201154080', 'MOHAMAD AZMI MUSYAFFI', 2),
('1201154081', 'AZMI ALIM MAJDUDDIN', 2),
('1201154083', 'JANU PRASETYO', 2),
('1201154084', 'MUHAMMAD IQBAL HIDAYAT', 2),
('1201154085', 'DWIKI IQBAL MAULANA', 2),
('1201154086', 'ARYANANDA ASTUNGKORO', 2),
('1201154087', 'SALMAN AKBAR KUSUMA', 2),
('1201154088', 'NINO SETYO UTOMO', 2),
('1201154090', 'MUHAMMAD RAYHAN ISLAMY', 2),
('1201154091', 'M. FADHIL AKMAL RAMADHAN', 2),
('1201154092', 'ALVIN TRI NOVIANDRI', 2),
('1201154094', 'ARIF FAISAL RAMDANI', 2),
('1201154095', 'RIDHO GIBRAN IMAN MAJID', 2),
('1201154096', 'MUHAMMAD RAIHAN RAHMADAYANSYA', 2),
('1201154097', 'FAHMY HABIB HASANUDIN', 2),
('1201154098', 'KEVIN YUAN PUTRA DINATA', 2),
('1201154099', 'SALMAN SHADIQURRACHMAN', 2),
('1201154100', 'ADITYA DIMAS RAMADHAN', 2),
('1201154101', 'LATIP SUTIYANA', 2),
('1201154102', 'NITOGEGAS AGAN PRATOMO', 2),
('1201154103', 'FAIZ AZHARIE', 2),
('1201154104', 'RICKY RAMADHAN TANJUNG', 2),
('1201154105', 'RAYHAN MUHAMMAD', 2),
('1201154106', 'THOMMY HANIF SETIAWAN', 2),
('1201154107', 'MUHAMMAD HAFIDZ LUTHFI', 2),
('1201154108', 'FAJAR ASYIRAQ TILAMMURA', 2),
('1201154109', 'MOCHAMAD AZHAR HIDAYAT', 2),
('1201154110', 'FARIZ HARDIANSYAH PUTERA', 2),
('1201154111', 'MUHAMMAD RIZKY PARAMARTA', 2),
('1201154113', 'IVAN GANIKA BIYANTORO', 2),
('1201154114', 'BILLY WIDJAYA', 2),
('1201154115', 'TRADIGA NUR AZIZ', 2),
('1201154117', 'IDA BAGUS YOGA SAMKHYAITA', 2),
('1201154119', 'GILANG ILHAM PRADANA', 2),
('1201154120', 'MUHAMMAD RAKATAMA FARHAN HABIBIE', 2),
('1201154121', 'KAUTSAR RIZAL', 2),
('1201154122', 'MUHAMMAD IMRON', 2),
('1201154123', 'WIRANTO ACHMED', 2),
('1201154126', 'BIMO SETYO HUTOMO', 2),
('1201154128', 'RADEN MAS ADITYA RANGGA PRATAMA', 2),
('1201154129', 'DIMAS FATHURRAHMAN', 2),
('1201154130', 'DHIALDI WIBI RADITYA', 2),
('1201154131', 'ADHY INDRA PERMANA', 2),
('1201154132', 'MOHAMMAD TAJUDIN', 2),
('1201154133', 'FRANS ARIANTONO SILALAHI', 2),
('1201154134', 'FIKRI VINO PRASETYA', 2),
('1201154135', 'RIZKI SURYO WIBOWO', 2),
('1201154136', 'HASYIM MUSLICH SETIAWAN', 2),
('1201154139', 'ARIEF KALAM NUGROHO', 2),
('1201154140', 'CAPRILLIO BRIANDHITO', 2),
('1201154142', 'REFA MEIRANO ALDILLA', 2),
('1201154143', 'AUFA RINALDO', 2),
('1201154145', 'DICKY RAMA SUKSMANANDA', 2),
('1201154148', 'ABDURRAHMAN PRABASWARA SIDI', 2),
('1201154149', 'MUHAMMAD HUMAM HAEKAL', 2),
('1201154150', 'REZA ROLIO FAHNI', 2),
('1201154151', 'RAIHAN MUHAMMAD FAIZAL', 2),
('1201154152', 'RIZKY FAJAR ADITYA', 2),
('1201154154', 'ACHMAD SYARIF BACHRIANSYAH ZAINI', 2),
('1201154155', 'FIRZA BILAL AULIA', 2),
('1201154156', 'ZULKIFLI MOCHAMMAD NAUFAL', 2),
('1201154157', 'ELDESKA FADHIL HAMDI', 2),
('1201154159', 'ARDITO DARMAWAN', 2),
('1201154160', 'RAVI ALVIANTO', 2),
('1201154162', 'ELVAN KADAHRULSALAM', 2),
('1201154163', 'SANDY KHADAFI', 2),
('1201154164', 'MAULANA ALIF ANUGRAH', 2),
('1201154165', 'ANDRI ALWAN DZULFAQQOROKI', 2),
('1201154166', 'AHMAD MAKHDUM BADAWI', 2),
('1201154168', 'FAUZAN RAHMTULLAH', 2),
('1201154169', 'NOVRI NUR RIZKI', 2),
('1201154170', 'MOHAMMAD ALFIAN ADHI SAPUTRO', 2),
('1201154171', 'MUHAMMAD RAYES FITRA GIFARI', 2),
('1201154172', 'MUHAMMAD FADHIL HABIBIE', 2),
('1201154173', 'MUHAMMAD RIZKY HASYA', 2),
('1201154174', 'AFIF IRFANSYAH', 2),
('1201154175', 'MUHAMAD ALVIN MULYONO', 2),
('1201154177', 'TAMADO EFRAIM EDGAR', 2),
('1201154178', 'MUHAMAD REYNALDI', 2),
('1201154179', 'FEBRI HARLEN', 2),
('1201154180', 'ARBIE SUNDOYO', 2),
('1201154182', 'HUSEIN BIMANTORO', 2),
('1201154183', 'FAUZI NURRAHMAN', 2),
('1201154184', 'ARIF INDRA SATRIA', 2),
('1201154185', 'NAUFAL FAUZAN ARIANTO', 2),
('1201154186', 'KEVIN DWI SYAHPUTRA', 2),
('1201154187', 'ACHMAD NUR FAUZI', 2),
('1201154188', 'ALWY FADLY', 2),
('1201154189', 'YONATAN ONNY PRANATA', 2),
('1201154190', 'DELLA PRASETYA ISWARA', 2),
('1201154191', 'ANDI SETYO ARDANA', 2),
('1201154192', 'MUHAMMAD RIZKI ALFARIZI', 2),
('1201154193', 'MUHAMMAD ILHAM MAULANA', 2),
('1201154194', 'MUHAMMAD HIDAYAT', 2),
('1201154195', 'ARWANDA BUDIONO', 2),
('1201154196', 'MUHAMAD HAKIM ADHIWIRO SASMITO', 2),
('1201154197', 'MAULANA ADI SAKSONO', 2),
('1201154198', 'REINALDI DWI BASKORO', 2),
('1201154199', 'FAUZAN NOVENDRA PUTRA YASYA', 2),
('1201154200', 'NOVALDI DWIPUTRA PRIHADI', 2),
('1201154201', 'PANJI AGDA', 2),
('1201154202', 'ALJOEVETO MUHARAM PUTRA', 2),
('1201154203', 'AUFA SATRIA NUGROHO WIBOWO', 2),
('1201154204', 'HASNIL SYAM', 2),
('1201154205', 'DWI DAFA DOIFULLAH', 2),
('1201154206', 'RAY FATHKA AKIKO SUMERU', 2),
('1201154207', 'ELVAN PRATAMA', 2),
('1201154208', 'MOCHAMAD RIEPSA FADILLA', 2),
('1201154209', 'RIZKI EKA RIDANI', 2),
('1201154210', 'HAIKAL MUNAWAR FIKRI', 2),
('1201154211', 'KARTIKO ARYA YUDISTIRA', 2),
('1201154212', 'DIMAS CAHYA ANUGRAH', 2),
('1201154214', 'MUHAMAD ALI YUSUF', 2),
('1201154216', 'GERHARD IMANUEL SIMARE MARE', 2),
('1201154217', 'GILANG MANGESTIKA', 2),
('1201154218', 'AKHMAL MUAMMAR DWIKI RAFSANJANI', 2),
('1201154219', 'RIDHO ABDHILLAH PERMANA', 2),
('1201154220', 'LINTONG TARNAMA LUMBANTORUAN', 2),
('1201154221', 'FAUZAN GHIFARI PRAKOSO', 2),
('1201154222', 'ELDWIN ILHAM MURPRATOMO', 2),
('1201154223', 'RIO ZULIAN MAULANA', 2),
('1201154224', 'BIMA AGUNG LAKSANA', 2),
('1201154226', 'KAMA IHSAN ALI SYUHADA', 2),
('1201154227', 'ILHAM RAMLI', 2),
('1201154228', 'MUHAMMAD RIFKY KANTAPRAWIRA', 2),
('1201154229', 'I GUSTI NGURAH BAGUS ARYA DANANJAYA', 2),
('1201154230', 'ARNOL HENDRA MANYU', 2),
('1201154231', 'RANGGA HERBOWO PUTRA', 2),
('1201154232', 'HARI SETIAWAN', 2),
('1201154235', 'KETMANTO', 2),
('1201154237', 'BAGOES MUCHAMMAD FAIZAL', 2),
('1201154238', 'MUHAMAD AMRULLAH FAQIH', 2),
('1201154240', 'IRSYAD BASKARA', 2),
('1201154241', 'RAKA DIRGANTARA', 2),
('1201154242', 'FACHRI RAZIQ EL-AHMADY', 2),
('1201154243', 'CHRISTIAN DHIMAS MAHARDDHIKA', 2),
('1201154244', 'MUHAMMAD IMAM RA`IS', 2),
('1201154245', 'MAKKI FATHUR RAHMAN', 2),
('1201154247', 'ILHAM AL GEFARI', 2),
('1201154248', 'WYDZKA TASHA AULIA AKBAR', 2),
('1201154251', 'FARID ARDIKA DASUM', 2),
('1201154252', 'FAWWAZ EL GIFARI', 2),
('1201154253', 'MUHAMMAD RIZKI APRILIANSYAH', 2),
('1201154255', 'ANDRIAN BIMA ARDIANTA', 2),
('1201154257', 'WILLIARDY ADHUM PRATAMA', 2),
('1201154258', 'ROZI ABRORI FATHURROCHIM', 2),
('1201154259', 'ADITYA RIZKI FAUZI', 2),
('1201154260', 'MUHAMMAD AKHBAR FIKRIANSYAH', 2),
('1201154261', 'AULIA SOANGKUPON SIREGAR', 2),
('1201154263', 'MOHAMMAD YASIN ABDUL HAFIIDH', 2),
('1201154264', 'HILMI LUTFI', 2),
('1201154265', 'FAJAR RIZKY FERNANDA', 2),
('1201154266', 'ERIK RAKHA RIZQULLAH', 2),
('1201154267', 'I NENGAH WIDIANA PUTRA', 2),
('1201154268', 'MUHAMMAD ZAKIEY AZHAR', 2),
('1201154269', 'PRIMA HUTAMA PUTRA ABDI', 2),
('1201154270', 'MUHAMMAD TETUKO BUDI LAKSONO', 2),
('1201154271', 'BAGAS ARDHI PRATAMA', 2),
('1201154274', 'CAKRA RANA WIJAYA', 2),
('1201154275', 'ADITYA DHANIYANTO', 2),
('1201154277', 'RAVIZQI ADITYA DWIYANTO', 2),
('1201154279', 'FAZA FIRDAUS NUZULA', 2),
('1201154280', 'DAVY RHESA PUTRA PRATAMA', 2),
('1201154281', 'IHFAN FAJAR SATRIA', 2),
('1201154282', 'RADEN FARHAN ASHADIAR', 2),
('1201154283', 'HILMAN ABI RAFDI', 2),
('1201154285', 'PRAYOGA SUMADI', 2),
('1201154290', 'DENTA ELVIANDA RIZKI RAMADHAN', 2),
('1201154324', 'DEWI INTAN SARI', 2),
('1201154325', 'SISKA FEBRIYANTI', 2),
('1201154326', 'RAISA NURFADILA', 2),
('1201154327', 'SAORI DWISASKIA SOFYAN', 2),
('1201154328', 'DEWI SHINTA MARIA', 2),
('1201154329', 'KEYNA RATU NEFIRA', 2),
('1201154330', 'AULIA DIAH FITRIANINGTYAS', 2),
('1201154331', 'ADINDA RAHMI HUMAIRA', 2),
('1201154332', 'PATRICIA AMELIA', 2),
('1201154333', 'RIZKI SYOFIA QOLBIAH', 2),
('1201154334', 'INTAN PERMATASARI', 2),
('1201154335', 'PUTRI FATIMAH SURI OKTAVIA', 2),
('1201154336', 'DIANA ARVIANA LESTARI', 2),
('1201154338', 'RENATA GANISWARA', 2),
('1201154339', 'FAUZIYYAH EKA SYA`BANI', 2),
('1201154340', 'SHAFIRA AMANDA UMAR', 2),
('1201154342', 'MEGA DWICAHYA', 2),
('1201154343', 'SITI ALMIRA MU`MINAH', 2),
('1201154344', 'MIRANTI', 2),
('1201154345', 'NURUL FARHANA', 2),
('1201154347', 'UTAMI WULANDARI', 2),
('1201154348', 'SONIA RAMADONA', 2),
('1201154349', 'RIANI SRIKANDI', 2),
('1201154350', 'CHAULA TRIZA PUTRI', 2),
('1201154351', 'INDIRA SAVITRI', 2),
('1201154352', 'KENANDA ARDHENARISWARI SUBAGYA', 2),
('1201154353', 'FIDELA HARDIYANTI NARISWARI', 2),
('1201154354', 'TRI WAHYU SETYAWATI', 2),
('1201154355', 'TULUSIANI WIDJANARKO', 2),
('1201154356', 'PUTRI MEIRA NABILA', 2),
('1201154357', 'TRIANA SURYANI', 2),
('1201154358', 'NISSA YUNITA PRATIWI', 2),
('1201154359', 'FITRA AKBAROKAH', 2),
('1201154360', 'INTAN NOVHELA', 2),
('1201154361', 'NUGITA ARLENDATAMA', 2),
('1201154362', 'PUTU AYU ANGGRASARI WIRAWARDANI', 2),
('1201154363', 'AJENG KIRANA KUSUMAWARDHANI T', 2),
('1201154364', 'ANDWI WULANSARI', 2),
('1201154365', 'SAFINAH RIZKIYANI', 2),
('1201154366', 'SALMA NURRAFIANTI', 2),
('1201154368', 'RACHMATUL BAETY', 2),
('1201154369', 'ANDREA DEWI LINGGANI', 2),
('1201154370', 'ALISYA PRAMESTI', 2),
('1201154371', 'NINDIRA RIZKITA', 2),
('1201154372', 'CENDANA WIDYANINGTYAS PERMATASARI', 2),
('1201154373', 'NADIA UTARI', 2),
('1201154374', 'HASNAWATI PIETYA SOLEHAH', 2),
('1201154375', 'MASFUFAH MOTIK LARASATI', 2),
('1201154376', 'NENCY YULIANA PUTRI', 2),
('1201154377', 'FARAH AFIFAH', 2),
('1201154378', 'RISYA RAHMASARI KOSASIH', 2),
('1201154379', 'DIAN RAHMANIA', 2),
('1201154380', 'INDAH AYU MELANINGSIH', 2),
('1201154381', 'YUMNA SABILA', 2),
('1201154382', 'WIDIA ZULHAFIZAH', 2),
('1201154383', 'DURROTUS SA`ADATI', 2),
('1201154384', 'FAHIRA ALYAYUSI LITAMURNI', 2),
('1201154385', 'NOVIA MIFTAQUL JANNAH', 2),
('1201154386', 'HELGA OLIVIA NAULI', 2),
('1201154387', 'ZAHROH OLIVIANY FADILAH THOMAS', 2),
('1201154388', 'TIARA EMING YUDHASTRI', 2),
('1201154389', 'AMELIA PUTRI ANISA', 2),
('1201154391', 'FATIA MULYAHATI YUNUS', 2),
('1201154392', 'WIBIA WIDOWATI', 2),
('1201154393', 'NANDA MARHANDHIKA PUTRI', 2),
('1201154394', 'MIA MAULIDAH AWALIYAH', 2),
('1201154395', 'AMALIA INDAH PRATIWI', 2),
('1201154396', 'CYNTHIA FRESKY ANGELINA', 2),
('1201154397', 'MIFTHAHUL FATHIA', 2),
('1201154398', 'RATIH FEBIYANTI', 2),
('1201154400', 'NI PUTU TIARA SANTI RIYANI', 2),
('1201154401', 'RARA NIKEN RAMADHANY', 2),
('1201154402', 'FAADHILAH ALWI', 2),
('1201154403', 'AQIILAH KHOIRIYYAH HUSNAA', 2),
('1201154404', 'ANISA NURFADILAH', 2),
('1201154406', 'SANTY AGRASARI', 2),
('1201154407', 'INDI ERDINIATY', 2),
('1201154408', 'DINDA AYU NURINDAHSARI', 2),
('1201154410', 'AZHARINE ANANDA', 2),
('1201154411', 'RESKA AYU SULISTYANINGSIH', 2),
('1201154412', 'EVA RAHMAWATI', 2),
('1201154413', 'TIARA AYU LESTARI', 2),
('1201154414', 'YANUARI RANI SETYOWATI', 2),
('1201154415', 'TANIA SILVANI', 2),
('1201154416', 'BUNG AYUNING SYARIFAH', 2),
('1201154417', 'OKKY SAFIRA', 2),
('1201154418', 'WIRDA HAMRO AFIVA', 2),
('1201154419', 'LINDA AYUMNA P', 2),
('1201154420', 'SEVY SAFIRA HANDINI', 2),
('1201154422', 'SALWA NABILA IZZA SALSABILA', 2),
('1201154423', 'AISYA KHAIRU`NISA', 2),
('1201154424', 'YUNITA PUTRI GITA MULYANDARI', 2),
('1201154425', 'FIRJATULLAH NASTARI', 2),
('1201154426', 'RISKA AYU HANIFAH', 2),
('1201154427', 'ARDIAH WAHYU CAHYANI', 2),
('1201154428', 'MEUTHIA MURFI', 2),
('1201154429', 'ASHSYFA GUSTINA', 2),
('1201154430', 'PUTRI RAHMA MULIAWATI', 2),
('1201154431', 'GHINA ZHAFIRAH', 2),
('1201154432', 'DWI SELA TRESNASARI', 2),
('1201154433', 'NANCY PUTRI RAMADHANI', 2),
('1201154434', 'FIYANIKA AMALIA PUTRI', 2),
('1201154435', 'ROMY SEFTIVANI ANGGITA PUTRI', 2),
('1201154436', 'HASNA FITRI NUR\'AINI', 2),
('1201154437', 'AULIA INDANA ZULFA', 2),
('1201154438', 'YONA RIZKITA CINDO', 2),
('1201154439', 'LUTFITA ASTIFANI RUNDANA', 2),
('1201154440', 'SARAH WAHYUNI', 2),
('1201154441', 'PUTRI MAULANI FAUZI', 2),
('1201154442', 'ANNISA PRIAS MAYSARAH', 2),
('1201154443', 'ADITIA SETIA WARDHANI', 2),
('1201154445', 'NUR FALAH SOFIATUL JANNAH', 2),
('1201154446', 'PRAMESTI INTAN MEUTHIA', 2),
('1201154447', 'RISTY MAYANG SARI', 2),
('1201154449', 'SETYORINI AYU YULI HARDIANTI', 2),
('1201154450', 'AYU MUFIDA AULIA', 2),
('1201154451', 'ANINDITHA DJUARSA', 2),
('1201154453', 'PUTRI RATNASARI', 2),
('1201154454', 'PEBRINA DONNA IZZAQI', 2),
('1201154455', 'AYU ARISTA LAMATO', 2),
('1201154456', 'MENTARI LARASATI', 2),
('1201154457', 'MUTHI MAITSA ZULFATRI', 2),
('1201154458', 'GHINA TIYASTI HUTAMI', 2),
('1201154459', 'WIDIA RETNOAYU', 2),
('1201154460', 'HANA NABILAH', 2),
('1201154462', 'PUTRI AYU WULANDARI', 2),
('1201154463', 'NAJAH', 2),
('1201154464', 'ANJANI MAULAYA', 2),
('1201154465', 'IRVANIDA SYAZWANIYYA MAUDYA IHSANI', 2),
('1201154466', 'EVITA RENGGANIS', 2),
('1201154467', 'LAILATUL FITRI', 2),
('1201154468', 'DINA LAILI SAFITRI', 2),
('1201154470', 'NABILA VIDYA ARIANI', 2),
('1201154471', 'DIAH AYU LAKSITA', 2),
('1201154472', 'RIZKY ADELIA', 2),
('1201154473', 'AUDREY RAHMANTI UNADI', 2),
('1201154474', 'ZHARALIN SURYAPUTRI', 2),
('1201154475', 'ULUL AZMI', 2),
('1201154477', 'FRISKA SOLOGIA', 2),
('1201154479', 'HANDINI OCTAFIA', 2),
('1201154480', 'LINDSAY BEANNING', 2),
('1201154481', 'FITALOKA DIAH AGUSTIN', 2),
('1201154482', 'FENITA NABILAH', 2),
('1201154483', 'SHELLA PUTRI YOULANDASARI', 2),
('1201154484', 'NOVITA PERMATA SARI', 2),
('1201154485', 'DINDA NURLISA RIANTI', 2),
('1201154486', 'ARNIS ARISMA PUTRI', 2),
('1201154487', 'ELSA WAHYU HARLIANA', 2),
('1201154488', 'BAIQ RISMA SULISTIANA', 2),
('1201154489', 'ANDINI PRATIWI', 2),
('1201154492', 'GABRIELLA MARGARETH HUTASOIT', 2),
('1201154522', 'RIFADLI DOKTAWIRANDA AGUSDIN', 2),
('1201154523', 'MUHAMMAD FADLY', 2),
('1201154525', 'INTAN ADZANI YUNUS', 2),
('1201154530', 'MUHAMMAD GALIH NISKALA KENCANA', 2),
('1201154531', 'ANAK AGUNG GEDE DWISUYOGA PUTRA', 2),
('1201154535', 'MUHAMMAD ICHSAN NURLIYAN', 2),
('1201154538', 'OLIVIA CAHYANINGDHIA SAPUTRI', 2),
('1201154540', 'DZULHIA ARDIATY', 2),
('1201154543', 'NURAINI AJENG JULIAWATI', 2),
('1201160002', 'ADITYA CHAMDI YUSUF', 2),
('1201160009', 'BOING ILHAM HANISAPUTRO', 2),
('1201160014', 'PAXY RAMADHAN', 2),
('1201160017', 'FANDI OKTAFIAN', 2),
('1201160028', 'APSARI SHANTI NAYOAN', 2),
('1201160033', 'BENNY FERNOSA', 2),
('1201160036', 'RAIHAN FACHREZI YUNUS', 2),
('1201160048', 'FIRLY DEWI WIBISONO', 2),
('1201160063', 'INDRIANA NOVITIARA', 2),
('1201160068', 'ANAK AGUNG SRI NANDINI', 2),
('1201160072', 'DITA SWADANDIKA', 2),
('1201160085', 'CHRISTINA NATALINE', 2),
('1201160092', 'CAHYA WULAN JAYANINGRUM', 2),
('1201160099', 'MUHAMMAD SULTAN', 2),
('1201160109', 'TIARA ANANDA HUSEN', 2),
('1201160121', 'DEVA MARKANO', 2),
('1201160127', 'ADINDA DAMAYANTI', 2),
('1201160129', 'THAMARA', 2),
('1201160132', 'ANGGIT PRATAMA', 2),
('1201160142', 'RIANA SANIA SEPTIANI', 2),
('1201160143', 'NAURA ALFIYYA RAMADHANTI', 2),
('1201160144', 'CITRA PUSPANINGRUM', 2),
('1201160157', 'ANDHYMURTI TIMUR HERYANTO', 2),
('1201160174', 'PUTU RISMA ALFIANI', 2),
('1201160195', 'AZZAVIRA LIYANSHURULLAH', 2),
('1201160212', 'EKA PAKSI ESTIAWAN', 2),
('1201160221', 'RIFQY AMRULLAH', 2),
('1201160245', 'RIZKY DINAR KUSUMADEWI', 2),
('1201160248', 'PANGESTU RIZKY PURNAMA', 2),
('1201160253', 'MUHAMMAD CADIAK GARI LINDO', 2),
('1201160254', 'FARHAN IHZA IMRAN', 2),
('1201160261', 'SILMI KAAFFAH', 2),
('1201160275', 'HERU BAHARUDIN YUSUP', 2),
('1201160290', 'HERU KURNIAWAN', 2),
('1201160303', 'MUHAMMAD YUMNA MAJDINA', 2),
('1201160324', 'SAEPUL ANWAR', 2),
('1201160333', 'SHAFY HAFIDZ', 2),
('1201160334', 'WIDIGDO ADHY UTOMO', 2),
('1201160338', 'RULLY SATRIAWAN', 2),
('1201160339', 'RASYAD NAUFALANA HAUZAN', 2),
('1201160340', 'MOHAMMAD WAHYU SILAYHAN', 2),
('1201160345', 'VADILLA RAHMADANIARTI', 2),
('1201160346', 'IMMANUEL HASINTONGAN CHRISTOPHER SINAMBELA', 2),
('1201160348', 'AFI IHSANUL ARIEF', 2),
('1201160353', 'MAHFUD ALFIRDAUS', 2),
('1201160356', 'DEBORA DEVANI SINAGA', 2),
('1201160357', 'DIO TAQIY ASYROF', 2),
('1201160359', 'NADYA FIRDHAUSYA', 2),
('1201160364', 'DEVA HIDAYAT', 2),
('1201160366', 'JOCHANAN ERGANTHEO SURYONO', 2),
('1201160373', 'RIDHO RAHATESA', 2),
('1201160384', 'AGUSTIAN MAULUDIN', 2),
('1201160391', 'NUR ALIM HABIBI', 2),
('1201160396', 'FEILIANA', 2),
('1201160406', 'MUHAMMAD RAHMADANA', 2),
('1201160410', 'I PUTU ENRYCHO CHIEZA', 2),
('1201160421', 'GILANG PRASETYO WIBOWO', 2),
('1201160422', 'ERLANG PASHA SIDIQ', 2),
('1201160423', 'MUHAMMAD FIKRY ALI', 2),
('1201160425', 'SHAFIRA LAKSITASARI', 2),
('1201160427', 'RAIS YUFLI XAVIERULLAH', 2),
('1201160438', 'DANDI MUHAMMAD ALIM', 2),
('1201160439', 'IRSYAD SHIDQI RAMADHAN', 2),
('1201160442', 'TYARA SILVA SAGITA', 2),
('1201160444', 'FARRAS BURHANUDDIN PRIHANDOKO', 2),
('1201160445', 'NAUFAL LIANDI BASKARA', 2),
('1201160448', 'ATIKA EMMA WULANDARI', 2),
('1201160452', 'FIRDAUSA RAMADHANTI', 2),
('1201160454', 'GHIFARI IRFA`AN SWASTOMO', 2),
('1201160456', 'FADHAL NAFI PRATAMA', 2),
('1201160458', 'YENNY', 2),
('1201160460', 'NAFISHA HERMA HANIFHA', 2),
('1201160471', 'RORO DANIELA TAWANG PUTRI', 2),
('1201160472', 'RIFQI ARIF FADHILAH', 2),
('1201160477', 'DAMARIO HAZNAM', 2),
('1201160479', 'BRIAN NANTA NUGRAHA', 2),
('1201160483', 'WANDA RAMADHAN', 2),
('1201160493', 'MUHAMMAD RIFANSYAH', 2),
('1201160498', 'PRANTIA AMANDA', 2),
('1201161135', 'FEBRYAN KHOIRUN YUSUF', 2),
('1201162071', 'SALSHA GILANG MADANI', 2),
('1201162112', 'MSY CAHAYA DINDA PAMUNGKAS', 2),
('1201162190', 'MOCHAMMAD RIFALDI BACHTIAR', 2),
('1201162369', 'MUHAMMAD HANIF IMADUDDIN', 2),
('1201162374', 'RAFAELLA ANASTASIA', 2),
('1201162465', 'ATIKAH RONAA AMBARARUM', 2),
('1201163056', 'HERVIN TRI PUTRA', 2),
('1201163218', 'ILHAM SAHERDIAN', 2),
('1201163328', 'FADHIL ARINDA FARID', 2),
('1201163433', 'FARHAN ARDHITO', 2),
('1201163453', 'TARA ALDIERA', 2),
('1201164001', 'MARIA FRANCISCA RARAS DEWANTARI', 2),
('1201164003', 'MUHAMMAD NAUFAL NURLIYAN', 2),
('1201164004', 'MUHAMMAD FAKHRUL MUKMIN', 2),
('1201164005', 'SRI YUZARNIMAR', 2),
('1201164006', 'FAHIRA NURAZIZAH', 2),
('1201164007', 'MAHARANI FUJI LESTARI', 2),
('1201164008', 'MUHAMMAD FAUZI ROFIQ', 2),
('1201164010', 'FIRMAN SETIA NUGRAHA', 2),
('1201164012', 'BELLA HESTINA PUTRI', 2),
('1201164013', 'ALDI RAHMAWAN', 2),
('1201164015', 'HASYIM IFNU AKBARI', 2),
('1201164018', 'M IKHBAL EFENDI', 2),
('1201164019', 'KHOLILATUL MUSTAGHFIROH', 2),
('1201164020', 'NYOMAN CHITTA MAHAYANTI', 2),
('1201164021', 'SARASTYA DEWI', 2),
('1201164022', 'KHALID FAJAR HARAHAP', 2),
('1201164023', 'MUHAMMAD CATUR PRIAMBODO', 2),
('1201164024', 'REYHAN MUHAMMAD IHZA', 2),
('1201164025', 'SALMA SYAFIQA', 2),
('1201164026', 'SINTA MULYANI DWI PUTRI', 2),
('1201164027', 'YESICA BERLIANA CHRISMADORA', 2),
('1201164029', 'NOVITA ZANNAH SARI', 2),
('1201164030', 'TRI MAISYAH NUGRAH SAMUDRO', 2),
('1201164031', 'FARAH ANINDYA RIZKITA', 2),
('1201164034', 'ARGON BAYU SAPUTRO', 2),
('1201164035', 'ALYA HANIF ISTIQOMAH', 2),
('1201164037', 'NADYA SANIYYA RAMADHANTI', 2),
('1201164038', 'ANDI ZEHAN SASKIA SALSABILA', 2),
('1201164039', 'NOVREYNA LUDMILLA ALDA', 2),
('1201164040', 'STEVANUS YUSTIAWAN', 2),
('1201164041', 'JANIS NURUL AULIA', 2),
('1201164042', 'ARIEF ADHITYA RAHMAN', 2),
('1201164043', 'ELISIA WORLINDA NAINGGOLAN', 2),
('1201164044', 'ISLAMIA NURAINI', 2),
('1201164045', 'FARAH MARTARIZA PUTRI', 2),
('1201164046', 'LAILA RAFIDAH HUSNA', 2),
('1201164047', 'RIZKA AMALIA ZAHRA', 2),
('1201164049', 'MADE GANDI WAHYU PUTRA', 2),
('1201164050', 'WINA RENANDA PUTRI', 2),
('1201164051', 'BAGAS ARGANTO P', 2),
('1201164052', 'SALSABILA MEDIANA RIDHA FIRIDZKY', 2),
('1201164053', 'BELA PITRIA HAKIM', 2),
('1201164054', 'NADIA LUQIANA', 2),
('1201164057', 'AF`IDATUL ALMAS', 2),
('1201164058', 'IVANDER RIZKY SUHARTO', 2),
('1201164059', 'MOCHAMAD FAKHRI PRATAMA IRAWAN', 2),
('1201164060', 'DEDE WILDAN GINANJAR', 2),
('1201164062', 'MOCHAMAD ALDI AL GHIFFARI', 2),
('1201164064', 'MUHAMAD RIDWAN SUJUDI', 2),
('1201164065', 'RAMADHAN SINAGA', 2),
('1201164066', 'DIO PANJI CAENANDO', 2),
('1201164067', 'IQBAL MIFTAHUDIN', 2),
('1201164068', 'PUTRA ASH SHIDDIQ', 2),
('1201164069', 'CAUSA PRIMA QODRATI', 2),
('1201164070', 'KIKIN NUR ULYA IINDRAWATI', 2),
('1201164073', 'IVORY ALIFIA RAMADHANTY', 2),
('1201164074', 'DINA DWI NOVELLA', 2),
('1201164075', 'MOCHAMAD FABIAN REDHATAMA', 2),
('1201164076', 'JASSICA HERMANSYAH FITRI', 2),
('1201164077', 'LUH PUTU DEWI AYU TARI', 2),
('1201164078', 'DIAN HAYYU RANA MUNA', 2),
('1201164079', 'CHRISTIAN MARULI', 2),
('1201164080', 'MUHAMMAD RAFI', 2),
('1201164081', 'ASYSYIFA RAMADHAN', 2),
('1201164082', 'LUTHFI ROMIZ HUSAINI', 2),
('1201164083', 'RIA MEGASARI', 2),
('1201164086', 'DEVIANTY SAFITRI', 2),
('1201164087', 'HAFIDZ IRFANSYAHDANA BATUBARA', 2),
('1201164088', 'HANNI SALSABILA', 2),
('1201164089', 'NI PUTU SUNYANIARI', 2),
('1201164090', 'M ARDIAN SUGIHARTO', 2),
('1201164093', 'NI PUTU CYNTHIA SASMITA DEWI', 2),
('1201164094', 'NI KADEK AYU ANDINI', 2),
('1201164095', 'AMELLYA CHONITHA BAYU', 2),
('1201164096', 'YOHANES FAJAR SITOHANG', 2),
('1201164097', 'ANGELINA DESANDRA ADVENTA', 2),
('1201164098', 'JACINTA JASMINE', 2),
('1201164100', 'SAUSAN NABILA', 2),
('1201164101', 'RIZKA CAHYA SYAFITRI', 2),
('1201164102', 'NUR FADILLA', 2),
('1201164103', 'RIFDAH AZHAARI', 2),
('1201164104', 'VICKY NURDIAWATI', 2),
('1201164105', 'FAUZIAH RAHMAWATI', 2),
('1201164106', 'GRACE ANNE NATHASYA H', 2),
('1201164107', 'FARIZ SEPTIAN', 2),
('1201164108', 'AW ROSALINA ABJAMIS', 2),
('1201164110', 'NABILA DWI LESTARI', 2),
('1201164111', 'FADHIL HADIANTORO', 2),
('1201164113', 'AMANDA PERWITA SARI', 2),
('1201164114', 'AULIA ADINA', 2),
('1201164115', 'NISA NURAINI', 2),
('1201164116', 'MUTHIA KHAIRUNNISA', 2),
('1201164117', 'KEVIN FIRDAUS', 2),
('1201164118', 'FIRYAL AMANI KHANSA', 2),
('1201164119', 'IHSANUDDIN KHRISTANTO DWI NUGROHO', 2),
('1201164120', 'NINDYTHA SALSABILA KARA NOOR', 2),
('1201164122', 'REFILDA AGUSTRIYANTI', 2),
('1201164123', 'WHENDY MARGARETA', 2),
('1201164124', 'ARGYA RAHMASARI', 2),
('1201164125', 'DINA ANJANI', 2),
('1201164126', 'NIKEN ADHINDA WARASTUTY', 2),
('1201164128', 'ALFRIYANI OKTAVIA HUTASOIT', 2),
('1201164130', 'MUHAMMAD KAMAL FIKRI HARAHAP', 2),
('1201164131', 'DANIA QATRUNNADA', 2),
('1201164133', 'ANNISA YUSTISYA', 2),
('1201164134', 'LEVINA DEVI SARASWATI', 2),
('1201164136', 'AZZAHRA SAFIRA ASMON', 2),
('1201164137', 'NUR FITRIANITA SYAHNAS', 2),
('1201164139', 'DESTIFA JODIARINI PUTRI', 2),
('1201164140', 'FATHAN GIFFARI AKBAR', 2),
('1201164141', 'DEANNA AULIYA FARID', 2),
('1201164145', 'GITANJALI WIDAYU DIATRI', 2),
('1201164146', 'FARHAN NANDYAWAN SYARIEF', 2),
('1201164147', 'AGUNG RIZKI PUTRA', 2),
('1201164148', 'DIAN AYU DETASARI', 2),
('1201164149', 'MUHAMMAD ARYA FURQON', 2),
('1201164150', 'FATHURRIDHA ABDI DARMAWAN', 2),
('1201164151', 'ESENSIL MAN HIA', 2),
('1201164153', 'HELMI ASTARIFKI MULYADI', 2),
('1201164154', 'AMIRA MILLATI DAVNIKA', 2),
('1201164155', 'IKHSANA DIANA PUTRI', 2),
('1201164156', 'I PUTU RANGGA PERBAWA', 2),
('1201164158', 'MUHAMMAD RIZKY FAWZI', 2),
('1201164159', 'MARENO FITRA', 2),
('1201164160', 'ARIQA RADHWA', 2),
('1201164161', 'REFAL BHAKTI ALFANZAIN', 2),
('1201164162', 'NURUL ALIYA INAYAH', 2),
('1201164163', 'SAMUDRA CAHYONO', 2),
('1201164164', 'MARTHA LAURA PURBA', 2),
('1201164165', 'IKSAN BUDIMAN', 2),
('1201164166', 'MUHAMMAD RIZKY ADITHYA TRIWARDHANA', 2),
('1201164167', 'INTAN HAYYU RANA MUNA', 2),
('1201164168', 'M. RAFKA IHZA S', 2),
('1201164169', 'RIDANI FAULIKA FIARINI', 2),
('1201164170', 'NAUFAL RIFAT MUHAMMAD HARRIS', 2),
('1201164171', 'ADRILA PUTRI AKBAR', 2),
('1201164172', 'DWI RATNA MUGIA AMALIA', 2),
('1201164173', 'ILHAM WIRA SAKTI', 2),
('1201164176', 'R MIRZA F JUARSAH', 2),
('1201164177', 'JASMINE RAISYA SALSABILA', 2),
('1201164178', 'M IRFAN HAMMADI AHADIS', 2),
('1201164179', 'RIO TEGUH PERMANA', 2),
('1201164180', 'AYU KHALIM MENTARI', 2),
('1201164181', 'MUHAMMAD AKBAR RAKA RAMADHAN', 2),
('1201164182', 'ALIF MUHAMMAD JATI MUSTIKO', 2),
('1201164183', 'MARIO ADIPRANA MUKI', 2),
('1201164184', 'FIRDAH DIPI JUNI KURNIAWATI', 2),
('1201164185', 'JULIANDRI IKHSAN', 2),
('1201164187', 'HILDA FIBRIANTI', 2),
('1201164188', 'BRENI ENCY PURBA', 2),
('1201164189', 'ZIDNI SYAKURI', 2),
('1201164192', 'EBEN SADANA PANE', 2),
('1201164193', 'WASKITHO PAMBUDI', 2),
('1201164194', 'BIMA DWICA ANANTO', 2),
('1201164196', 'HANI KHAIRUNNISA', 2),
('1201164197', 'HERVIN WIJAYA', 2),
('1201164198', 'RD AURELIA SURYA RAMADHANTY', 2),
('1201164199', 'SYAVIRA RAMADIANTI', 2),
('1201164200', 'HILMAN MAULANA', 2),
('1201164201', 'ANINDITA DEWI ARTANTI', 2),
('1201164202', 'WISNU YUDA KRISENA', 2),
('1201164203', 'MUHAMMAD REZA OCTAVINO', 2),
('1201164204', 'MARCUS GALENIUS LIMAHELU', 2),
('1201164205', 'REIRI AYU RISYANI', 2),
('1201164206', 'PUTU SHANTI MAHADEWI', 2),
('1201164207', 'KADEK WIRASUKESSA', 2),
('1201164208', 'MUHAMMAD ADAM KHALED', 2),
('1201164209', 'ROSULLAH KHAIRUNNISA', 2),
('1201164210', 'I GUSTI NGURAH AGUNG BAGUS PUTRAWAN', 2),
('1201164211', 'AHMAD MUFLIH SAEPUDIN', 2),
('1201164213', 'AKBAR DWIKI SETIAWAN', 2),
('1201164214', 'MUHAMAD ULUL ALBAB', 2),
('1201164215', 'AGUNGBUDI RAHARJO', 2),
('1201164216', 'ILHAM NARENDA PUTRA', 2),
('1201164217', 'SABRINA DIANA PRATIWI', 2),
('1201164219', 'NAUFAL DZIKRI AFIFI', 2),
('1201164220', 'VIRGYAWAN SAMAGAHA', 2),
('1201164222', 'ERINA RIZKY RAMADHANTY', 2),
('1201164223', 'YENI PEBRIANTI', 2),
('1201164224', 'NAUFALDANNY FARHAN SHIDDIEQ', 2),
('1201164225', 'I PUTU SURYA ADI PRASTAMAN', 2),
('1201164226', 'PUJI PRABAWA MUALIM', 2),
('1201164227', 'IMADUDDIN ABUBAKAR', 2),
('1201164228', 'NADHIFAH AQILAH NUGRAHA', 2),
('1201164229', 'RIFQI RHEZA PRATHAMA', 2),
('1201164230', 'RIZQI NUR SAFITRI', 2),
('1201164231', 'MUHAMAD HELMI', 2),
('1201164232', 'RIKO HERLAMBANG', 2),
('1201164233', 'MUHAMMAD REVO SIREGAR', 2),
('1201164234', 'FARHAN AIMAN', 2),
('1201164235', 'NURFALAH ADIMA', 2),
('1201164236', 'I GEDE WIRA RANATA', 2),
('1201164237', 'IQBAL BAIHAQI FIRDIANSYAH', 2),
('1201164238', 'REZA SULISTIANTO', 2),
('1201164239', 'GILANG RAHMAT WIBOWO', 2),
('1201164241', 'BIMA PRATAMA PUTRA', 2),
('1201164242', 'MOHAMMAD FUAD FARISI', 2),
('1201164243', 'AHMAD RAFI FAUZAN', 2),
('1201164244', 'ADHITYA FAJAR RAMADHAN', 2),
('1201164246', 'ALDYAN NURFAIZI HARIS B.TAU', 2),
('1201164247', 'ZULFA MARDHIYAH', 2),
('1201164249', 'VIRDA BERLIANTI PRATIWI', 2),
('1201164250', 'MUHAMMAD FACHRURROZI AKBAR', 2),
('1201164251', 'M AFIQ FAUZAN', 2),
('1201164252', 'RAMDHANI YANUAR', 2),
('1201164255', 'IRFAN RACHMAWAN', 2),
('1201164256', 'REZKI SETIAWAN', 2),
('1201164257', 'INDRA BAGUS ALVIANTO', 2),
('1201164258', 'ADITYA NOVINDA HENDRAWAN', 2),
('1201164259', 'ANGGRAENI AMBARWATI', 2),
('1201164262', 'DAFFA MUKHTAR DZAKIR', 2),
('1201164263', 'AQILAH SMARTAZIZ KHOLIULLAH', 2),
('1201164264', 'ZAKARIA GUNADA', 2),
('1201164265', 'RATIH NURSANDRA DEWI', 2),
('1201164266', 'VINCENTIUS ANSEL SUPPA', 2),
('1201164267', 'DWI WAHYUNI', 2),
('1201164269', 'DESYAM ARDIANTO', 2),
('1201164271', 'ANSELVI MEGA LESTARI', 2),
('1201164272', 'HILMI FAUZI', 2),
('1201164273', 'RINI OCTAVIANY', 2),
('1201164274', 'DEANDRA NOBELA YAHYA', 2),
('1201164276', 'HARITS DZULYADDAIN', 2),
('1201164277', 'AHMAD ADZHAM ANUGRAH KUSUMA', 2),
('1201164278', 'REINALDI KUDRAT FADHILAH', 2),
('1201164279', 'GHINA SALSABILA', 2),
('1201164280', 'MUHAMMAD ROSYID KRISWANTO', 2),
('1201164281', 'ALWAN LUTHFI DAMANIK', 2),
('1201164282', 'EGA RIVANGGA HANTORO', 2),
('1201164284', 'ARRIVAN DIKA SANTOSA', 2),
('1201164285', 'ZHARFAN AFIF PRATAMA', 2),
('1201164286', 'MUHAMMAD FACHRUZZAKA MARTABAYA', 2),
('1201164287', 'ADELLA PUTRI ARINDITA', 2),
('1201164288', 'JORDAN GULTOM', 2),
('1201164289', 'ANDRE DWI MASQAH', 2),
('1201164291', 'FAISAL AKBAR', 2),
('1201164292', 'AMANDA SUCITA BRAHMANA', 2),
('1201164293', 'QIF MUJAHIDAN FIDDIN', 2),
('1201164294', 'INDAH RAHAYU ALIKA PUTRI', 2),
('1201164295', 'FAJRI RAHMAN QUSYAIFI', 2),
('1201164296', 'FARAH FADHILA MULYADI', 2),
('1201164297', 'BELLA YULIANTI', 2),
('1201164298', 'LARAS RIZKIA', 2),
('1201164299', 'MUHAMMAD NAUFAL NOOR FARRAS DHAROSCA', 2),
('1201164300', 'PUTU MANIKAN AL-RAYEN UMBARA', 2),
('1201164301', 'MARUDUT ANDIKA SIMARMATA', 2),
('1201164302', 'ADITYA BAGUS PRAKOSO', 2),
('1201164304', 'MOHAMMAD RIZKY', 2),
('1201164305', 'M RIANANDA PRATAMA', 2),
('1201164306', 'RICO DHIMAS WIBOWO', 2),
('1201164307', 'WASKITO RADAR WICAKSONO', 2),
('1201164308', 'ANUGERAH TRISATRYO', 2),
('1201164309', 'KEVIN GABRIANTO RIZKY PERDANA', 2),
('1201164310', 'WILDAN CHAIRUL FAQQIE', 2),
('1201164311', 'ZULKARNAEN RASYID ADHINUGROHO', 2),
('1201164312', 'MANUEL JALENSKI', 2),
('1201164313', 'MUHAMMAD FIKRIANSYAH', 2),
('1201164314', 'AJENG SARWENDAH ARYANINGRUM', 2),
('1201164315', 'SEVTIAN NUR RACHMADI', 2),
('1201164316', 'ALIZA BRAGASTA LAZUARDY', 2),
('1201164317', 'DINDA TRIA KUSUMA', 2),
('1201164318', 'MOCHAMAD ILHAM FANANI', 2),
('1201164320', 'RASYAD PRASETIO AJI', 2),
('1201164321', 'GILANG BAGAS SATRIA PRADANA', 2),
('1201164322', 'MUHAMMAD FAHREZA FIRDAUS', 2),
('1201164323', 'NURFIA WIDIANTI', 2),
('1201164325', 'AULIA YOGI FACHLIVAN', 2),
('1201164326', 'AQFIE JUMIDHAL ARDHA', 2),
('1201164327', 'YOGA CAHYO WIBOWO', 2),
('1201164329', 'VENANDO MUHAMMAD NUR AMRULLOH', 2),
('1201164330', 'HANIF INSAN ILMAN', 2),
('1201164332', 'RYAN GAMAS AGROMEGA', 2),
('1201164335', 'KARINA BRILLIANTI', 2),
('1201164336', 'ADELIA SULISTYANI', 2),
('1201164337', 'LAZUARDI IMAN MAULUDI', 2),
('1201164341', 'FAUZAN DIMAS HANANTO', 2),
('1201164342', 'ZHA SHA PUTRI ANUGERAH', 2),
('1201164343', 'NURUL ARUM TRI CAHYANI', 2),
('1201164344', 'NOVIA UTAMI PUTRI', 2),
('1201164347', 'JESICA ANGELICA', 2),
('1201164349', 'RIZKI RAMADHAN', 2),
('1201164350', 'FATIH ILHAM PERMANA', 2),
('1201164351', 'TYAS MARHENI SUSILOWATI', 2),
('1201164352', 'FIRNA ZANIA RAMADHANTY', 2),
('1201164354', 'ALSANIA AFNAN SALSABILA', 2),
('1201164355', 'IRINDA AULIYASARI HERNINGTYAS', 2),
('1201164358', 'ALMIRA ZANA PRATAMA', 2),
('1201164360', 'NANDA HAIKAL MUSJA', 2),
('1201164361', 'SYAUQI RABBANI NURFACHMI DAHLAN', 2),
('1201164362', 'BRILLIANT RAFLY PRAMANA PUTRA', 2),
('1201164365', 'SOPHIA YASMINE AGNAPUTRI', 2),
('1201164367', 'RALA NISRINA SHIAMI', 2),
('1201164368', 'JEREMY RAY CRISTIAN', 2),
('1201164370', 'MARYUDI RAHMA SAPUTRA', 2),
('1201164371', 'RAMADHANI KURNIAWAN', 2),
('1201164372', 'YUFIA RUSMALINA', 2),
('1201164375', 'SALSABILA ALYA HUSEIN', 2),
('1201164376', 'FANY PUTRI NOVITASARI', 2),
('1201164377', 'GHINA MAYLIANA', 2),
('1201164378', 'RADEN BAGUS TRI NUGROHO', 2),
('1201164379', 'REGINE RAHMADA BERLIANA', 2),
('1201164380', 'M RAPIH ATMANEGARA', 2),
('1201164381', 'MOCHAMMAD ALDIO HAMZAH PUTRA', 2),
('1201164382', 'M AGUNG HAMBALI', 2),
('1201164383', 'AVERIEL AKMAL NUGRAHA', 2),
('1201164386', 'R.LAKSAMANA DWICAHYO ARYADI', 2),
('1201164387', 'SATRIA RAHMADANI PUTRA', 2),
('1201164388', 'SAMSUL MUHAMAD RAMDAN', 2),
('1201164389', 'FARIDHAH RAEHANISA PRIBADI', 2),
('1201164390', 'SHAFIRA AYU NURLITASARI', 2),
('1201164392', 'ENDAH TRI UTAMI SETIANINGSIH', 2),
('1201164393', 'NINDYA TRIANA PUTRI', 2),
('1201164394', 'ERIKA ASIHYANTO SAPUTRI', 2),
('1201164395', 'SITI NUR HAMIDAH', 2),
('1201164397', 'PINKI MEITA PERMATA PUTRI', 2),
('1201164398', 'ISTI SALMA FAUZIYAH', 2),
('1201164399', 'MUHAMMAD RAIHANNATULLAH', 2),
('1201164400', 'RULLY RACHMAN', 2),
('1201164401', 'LA ODE MUHAMMAD SYARIF SIDI', 2),
('1201164402', 'NUR FAJAR FADHILAH', 2),
('1201164403', 'REFALDI AZHAR', 2),
('1201164404', 'RIMA DWI ANGGRAINI', 2),
('1201164407', 'MELVIANI KAROLIN KAMARALO', 2),
('1201164408', 'ALYA YULISTI FAUZIYYAH BACHTIAR', 2),
('1201164409', 'DHEA BESTARI ANUGRAH PUTRI', 2),
('1201164411', 'MUHAMMAD IBNU RAMADHAN', 2),
('1201164412', 'SASMITA AYU CAHYANINGTYAS', 2),
('1201164414', 'RATNA MUFIDAH', 2),
('1201164415', 'SITI MAESAROH', 2),
('1201164416', 'GINALDI FARHAN HAFIZ', 2),
('1201164417', 'YUSUF ANDRI DWI SULISTIONO', 2),
('1201164418', 'PUTRI ETRIF HANIFA', 2),
('1201164419', 'ADINANTYAS PRASOJO', 2),
('1201164424', 'MAHARDDHIKA ADITYA', 2),
('1201164426', 'MUHAMAD ARIEF DAMANHURI', 2),
('1201164429', 'DONNY FIRLI ARDIAWAN', 2),
('1201164430', 'SILMI NUR INAYAH', 2),
('1201164431', 'EVELYN DEVIAN NOER', 2),
('1201164432', 'YOSUA ANDREW HAMONANGAN', 2),
('1201164434', 'BAGAS SIDIQ BUDIARGO', 2),
('1201164435', 'SYAHRIL YOGA', 2),
('1201164437', 'AMAR MAULANA', 2),
('1201164441', 'NUR RAHMAT GILANG KENCANA PUTRA DEWA', 2),
('1201164443', 'BAYUGIRI TAUFIK ADIPUTRA', 2),
('1201164446', 'MUKHRAJI RIZKHA', 2),
('1201164447', 'DIANA INDAH PUSPITASARI', 2),
('1201164451', 'ANANDA KEANU AJI PRAWIRA', 2),
('1201164455', 'RYANDIKA HARDITYA', 2),
('1201164457', 'FARHAN EKA SAPUTRA', 2),
('1201164459', 'MUHAMMAD ALDO HABIB AKBAR', 2),
('1201164461', 'HARI AKBAR SANTOSA WA', 2),
('1201164462', 'FAKHIRAH NUR ALIFAH', 2),
('1201164463', 'DEVANY RAMADHANTY', 2),
('1201164464', 'ARVAN FIRMANSYAH HASIBUAN', 2),
('1201164466', 'DIMAS ARIEF RESPATI ISKANDAR', 2),
('1201164467', 'FACHRY EDWA MAULANA', 2),
('1201164468', 'GILANG ANUGRAH FAJRI', 2),
('1201164469', 'DICK ARCHANDANA PRATAMA', 2),
('1201164470', 'MUHAMMAD ABDUL AZIZ', 2),
('1201164473', 'DESTI RIZKI ARTINI', 2),
('1201164475', 'ALIA AGISTINA', 2),
('1201164476', 'FAKHRI FAUZI', 2),
('1201164478', 'MUHAMMAD FAJAR', 2),
('1201164480', 'FADILA AULIA NURHIDAYAH', 2),
('1201164481', 'ERICHA MUTIA PUTRI', 2),
('1201164482', 'FADHIL HILMI ALHABIB', 2),
('1201164484', 'FACHRIZA HIDAYA THOYIB', 2),
('1201164487', 'DESROSA MAULIZAR', 2),
('1201164488', 'MUHAMMAD IQBAL BUDIMAN', 2),
('1201164489', 'DIO CIKA ANUGRAH', 2),
('1201164491', 'MUTIARA HALIFAH', 2),
('1201164492', 'FARAH MELIA SATRIANA', 2),
('1201164496', 'RINALDI JULIAN', 2),
('1201164497', 'MUHAMMAD FARID BURHANUDIN', 2),
('1201164499', 'INDRAWAN ARFID', 2),
('1201164500', 'MUHAMMAD QALYUBI', 2),
('1201170003', 'ABIDZAR AL`GHIFARY', 2),
('1201170004', 'BRANDO MIKARDONI RUMAPEA', 2),
('1201170006', 'TAQYYA NAUFINDA ASNIN', 2),
('1201170013', 'MUHAMMAD FARID SYAIFULLAH', 2),
('1201170019', 'MUHAMMAD DZAKY MUSTAFA', 2),
('1201170022', 'MUHAMMAD DZULFIQAR AZHAR BABA', 2),
('1201170024', 'DEFINA AQLIMA', 2),
('1201170025', 'MELANIA AMANDA ALIFFIA SAVIRA', 2),
('1201170028', 'GIBRAN CESARINO SUCAHYO', 2),
('1201170029', 'MUHAMMAD FAISAL FADHLURRAHMAN', 2),
('1201170032', 'WIDYA PARASDIASARI', 2),
('1201170034', 'BISMO YUDHO TOEFANO SUDEWO', 2),
('1201170035', 'ANYA SHAFIRA PRAMESTI', 2),
('1201170036', 'I GUSTI AYU DERIANA WINGARA', 2),
('1201170037', 'ABDUL RAZAK', 2),
('1201170038', 'RYANI AMELIA', 2),
('1201170042', 'KEVIN RAHADIAN YUDISTIRA', 2),
('1201170044', 'MOHAMAD IQBAL ABU ARIFIN', 2),
('1201170048', 'FAHREZA ATHAR SYAHPERDANA', 2),
('1201170050', 'NABILLA VALDA SAFIERA', 2),
('1201170059', 'JUNAIDI', 2),
('1201170060', 'LIANA FITRI RAMADHANI', 2),
('1201170066', 'IBNU HASYIM HUTASUHUT', 2),
('1201170069', 'SAVINA NABA AULINASARI', 2),
('1201170091', 'BINTANG ANUGRAH RINALDI', 2),
('1201170092', 'FAKHRI ALMI', 2),
('1201170093', 'SEAN CHOLLIN AL MAJID GINTING', 2),
('1201170094', 'MOHAMMAD FARREL EDGARDA', 2),
('1201170098', 'NABILA AURELLIA GHAISANI', 2),
('1201170102', 'HARSYA NUR AULIA DEWI', 2),
('1201170103', 'GREGORIUS SIGIT HERMAWAN ZAVIT', 2),
('1201170113', 'AGNIS FADHILAH SUKMANA', 2),
('1201170118', 'NADIAH AYU FAUZIYAH', 2),
('1201170119', 'JASMINE DEVINA FANY ATMAJA', 2),
('1201170121', 'GEBRINA OKTAVIANI TARIGAN', 2),
('1201170122', 'WENING AYOMI DHARA SETYANI', 2),
('1201170126', 'TRISHA ALYA LATIFA', 2),
('1201170130', 'NAUFAL AGIN RAMADHAN', 2),
('1201170145', 'AGUNG PRATAMA DAFIO', 2),
('1201170147', 'FIRDAYANTI NUR SASTIANANDA', 2),
('1201170155', 'FAJAR MUHAMMAD ASRI', 2),
('1201170156', 'NAUFAL AQIEL FITRACHMAN', 2),
('1201170157', 'DEYANA BANOWATI DWIKUMOROJATI', 2),
('1201170158', 'AZIZ IRSYAD', 2),
('1201170159', 'GUSTI NABIL KHOURY PUTRA', 2),
('1201170161', 'ARIEF TRI HENDRAYANTO', 2),
('1201170166', 'FERYAN KURNIA DHANDHY', 2),
('1201170178', 'ABDURRAHMAN RASHIF IBRAHIM', 2),
('1201170183', 'NISRI HUSNA FAADHILAH', 2),
('1201170186', 'MALIK ADE RIZKI', 2),
('1201170191', 'YOGA PRATAMA DARMAWAN', 2),
('1201170197', 'ANNASA YESKAINAYAH', 2),
('1201170198', 'VIVALDY IZZA NAUFALINDRA HERBAYU', 2),
('1201170199', 'AMANANDITO SHAFA MAULA', 2),
('1201170204', 'MOHAMMAD HUSAIN RIFAI', 2),
('1201170206', 'MUHAMMAD FARSHA KAUTSAR', 2),
('1201170209', 'LARAS NURUL FAZRIA', 2),
('1201170211', 'MOHAMMAD ILHAM BUKHORI', 2),
('1201170213', 'DINDA SYABILA ELFANI', 2),
('1201170219', 'RAMADHAN GARDA PAMUNGKAS', 2),
('1201170220', 'AFRIADIE FIRMANSYAH', 2),
('1201170229', 'MUHAMMAD RAFI NURROHIM', 2),
('1201170231', 'MUHAMMAD FAKHRI QOLBI', 2),
('1201170232', 'AJI ELPUR SETYO AGUNG', 2),
('1201170233', 'MEIDY TATALUCKYTA', 2),
('1201170237', 'HASYA SABILA', 2),
('1201170246', 'MUHAMMAD NABIL RUMI', 2),
('1201170247', 'FIKRI AL FARISI RIHALDIAN ABDURACHMAN', 2),
('1201170250', 'AMIRA WISENTIA SURYANDARU', 2),
('1201170252', 'AMIRAH SYAHFITRI HARAHAP', 2),
('1201170254', 'RIZKY HAMDANI', 2),
('1201170257', 'ZAHRAN FATHINAH S', 2),
('1201170258', 'LANGGENG SETYO HARI LAKSONO', 2),
('1201170260', 'RWAFEMIR VERZANI HARARI', 2),
('1201170261', 'GILANG GUSTIARDI', 2),
('1201170264', 'YANNA SAVITRI', 2),
('1201170265', 'MUHAMMAD IHSAS ALVI IBRAHIM', 2),
('1201170267', 'MUHAMMAD RAFLY FAUZAN WIBOWO', 2),
('1201170268', 'NAMIRA DAHLESTI', 2),
('1201170272', 'BAGJA ABDULLAH SUFYAN', 2),
('1201170277', 'ISLAHUN NIHAYAH', 2),
('1201170279', 'IRFAN MUHAMMAD IQBAL', 2),
('1201170283', 'FARHAN MUZAKI DARWIN', 2),
('1201170285', 'DAFFA PUTRA WIDAYAKA', 2),
('1201170290', 'MUHAMMAD FARHAN ARDYA CHAIRURIZKI', 2),
('1201170291', 'MUHAMMAD AVIV', 2),
('1201170292', 'AULIA SAIFA IZZUDIN', 2),
('1201170296', 'MUHAMMAD NAUFAL', 2),
('1201170297', 'RAFI PRAGIWAKA GANI', 2),
('1201170299', 'MUHAMMAD RIZKY VANZANI', 2),
('1201170301', 'MOH. ALDI AZHARUDIN', 2),
('1201170305', 'HILMI FARIS RAMADHAN', 2),
('1201170308', 'CYNTHIA TRI UTAMI PUTRI', 2),
('1201170309', 'NAUFAL DZAKY BELLAMY PACO', 2),
('1201170312', 'MUHAMMAD THORIQ ARIFBILLAH', 2),
('1201170314', 'ALYSSA LEONITA SAVITRI', 2),
('1201170315', 'PRISQIA AMANANDIANTI HANIFA', 2),
('1201170321', 'IVY LEORA DEWANGGI TRISUSILO', 2),
('1201170326', 'SASMA DANI TANJUNG', 2),
('1201170329', 'MUHAMMAD RENDY KUSUMA', 2),
('1201170330', 'MAULANA YUSUF CHUZAIRI', 2),
('1201170332', 'TALITHA NURSABILA', 2),
('1201170333', 'J HARITZ', 2),
('1201170340', 'ELISA INTAN PUSPITA SARI', 2),
('1201170345', 'NYOMAN KARMAYOGA WIDYANTARA', 2),
('1201170346', 'SYAHRULLAH', 2),
('1201170347', 'RANI GUSTI ANGESTI', 2);
INSERT INTO `student` (`nim`, `student_name`, `student_status`) VALUES
('1201170348', 'GRACE ELFRIDA SYLVANA NAPITUPULU', 2),
('1201170351', 'DEAN MUHAMMAD ALTAR ABYANCA', 2),
('1201170353', 'M.RAKA ARNINDO', 2),
('1201170360', 'RANDY KURNIAWAN NUR', 2),
('1201170362', 'MUHAMMAD IQBAL TAWAKAL', 2),
('1201170368', 'M DAFFA ARAFI', 2),
('1201170372', 'SABHRINA SALSABELLA', 2),
('1201170374', 'REIKI HERSA PRATAMA', 2),
('1201170377', 'MUHAMMAD RIDZKI ISMAIL', 2),
('1201170381', 'GEDE ADITYA JUNIANTARA', 2),
('1201170391', 'DEA EKA HERDIANI', 2),
('1201170392', 'ALISSA SAPHIRA PUTRI', 2),
('1201170394', 'TANIA AYU SUKMA', 2),
('1201170396', 'WARDATUL FAIZAH', 2),
('1201170397', 'MOHAMMAD RAFLY NURHADI', 2),
('1201170400', 'AHMAD IRFAN AKMAL', 2),
('1201170405', 'ANGEL YORA SIAHAAN', 2),
('1201170406', 'HANIFFAN ZIKRI ANUGRAH DE TASYA', 2),
('1201170408', 'MUHAMMAD ARDIN GHIFARI', 2),
('1201170410', 'PRADANA AKBAR SURYO PUTRO', 2),
('1201170415', 'APRILIANO LENTERA ARINANDA', 2),
('1201170418', 'YONATAN GARA PRIMAESA', 2),
('1201170420', 'MUHAMMAD SYAFIQ AHNAF', 2),
('1201170424', 'RIZKY IBNU ABI CAHYONO', 2),
('1201170426', 'ANNASTASYA SEPTIANI', 2),
('1201170428', 'CAITRANGGANA NARESWARI', 2),
('1201170433', 'YUMNA DHIYA MAZAYA', 2),
('1201170438', 'GAMALIEL SITUMEANG', 2),
('1201170439', 'RAHMA JAMES GALLIANO SETIARADI', 2),
('1201170451', 'RADITYA RIAN GHIFARI', 2),
('1201170454', 'PUTRI NADINA SHAFIRA ISLAMY', 2),
('1201170457', 'FARA RAHMANIA IZZATY', 2),
('1201170460', 'IRFAN HANIFAH WARDHANA', 2),
('1201170467', 'RIZKYAH ERWANDA', 2),
('1201171140', 'MUHAMMAD IQBAL FATONI', 2),
('1201172129', 'SANDHIKA MELBEN ANDRIEN', 2),
('1201172163', 'TRIAFINI NUGROHO', 2),
('1201172235', 'EVITA NURISNAINI PUSPITASARI HARIYONO', 2),
('1201172331', 'OLIVIA SIHITE', 2),
('1201172357', 'DIMAS RAYHANDIKA YOGASWARA', 2),
('1201172373', 'ANNUR PRIO ANGGORO', 2),
('1201172378', 'FUHAIDY HAFIIZHAN AHNAF', 2),
('1201172386', 'GILANG TRIASMORO JATI', 2),
('1201172388', 'ZUL ARFFAN', 2),
('1201172402', 'ALVARO RAYHAN RISYAD', 2),
('1201172414', 'WILLY KURNIAWAN', 2),
('1201172422', 'KRISNA GEO PUTRA', 2),
('1201172440', 'MUHAMMAD FAISHAL SETYA', 2),
('1201172441', 'MUHAMMAD REYHAN FIKRIANSYAH', 2),
('1201172442', 'DANIEL BINSAR SITORUS', 2),
('1201172446', 'DIMAS TRIANTO', 2),
('1201172448', 'DELLA ARIYANTI HAKIMAH', 2),
('1201172450', 'AYSHA AZLIA NUR RAMADHANIA', 2),
('1201172459', 'MUHAMMAD AJI PANGESTU', 2),
('1201172461', 'FAUZAN FARREL MOHAMMAD', 2),
('1201172466', 'MITHA PRAMISTY', 2),
('1201173043', 'PUPUT NIDAUL CHOIRIYAH', 2),
('1201173058', 'AGI YOGASWARA', 2),
('1201173132', 'RATNA WULANDARI', 2),
('1201173169', 'FATHIYYA NADA NAZHIFA BUDIMAN', 2),
('1201173170', 'SAVIRA ALIFA DHARMADI', 2),
('1201173179', 'KARIN NABILA', 2),
('1201173263', 'MUHAMMAD FERDIAN', 2),
('1201173365', 'FAUZIA ANINDYA SYAHIRA', 2),
('1201173383', 'I GUSTI MADE ADITYA WIRATAMA', 2),
('1201173390', 'DIMAS PAMUNGKAS', 2),
('1201173407', 'MUHAMMAD ATHFAL', 2),
('1201173435', 'MUHAMMAD HANIF MUSHODDAQ', 2),
('1201173443', 'SHABRAN ABIYYU SYAMS', 2),
('1201173445', 'GRACE AGUSTINA', 2),
('1201173474', 'CESALTINO SARMENTO SOARES', 2),
('1201173475', 'NONIA FATIMA DA COSTA MARTINS', 2),
('1201174001', 'MUHAMMAD ARGA GHIFARI', 2),
('1201174002', 'SIDIQ NUR HIDAYAH', 2),
('1201174005', 'PUTRI INDAH SARI', 2),
('1201174007', 'MUHAMMAD FADHIL RAFIF', 2),
('1201174008', 'HARWINVANIA FAUZIA', 2),
('1201174009', 'DELA PUSPITA', 2),
('1201174010', 'LARASATI FITRIA AZIZAH', 2),
('1201174011', 'DYAH PUTRI SARASWARI', 2),
('1201174012', 'TIARA YASINTA KIBTI', 2),
('1201174014', 'LINA RAHMITA DEWI', 2),
('1201174015', 'BELLA RAMADINI', 2),
('1201174016', 'IFROH LAYALI', 2),
('1201174017', 'ADAM ARIEF WIBAWA', 2),
('1201174018', 'DWINDAH PUTRI PARISA FILI', 2),
('1201174020', 'NUR MUHAMMAD RAHADIANTO', 2),
('1201174023', 'ALIEF FACHRIE FATTUROHMAN', 2),
('1201174026', 'DHIYA SHAFA AZIZAH', 2),
('1201174027', 'TIRZA AYU NURSAZABILLAH', 2),
('1201174030', 'MUTIA NUR AVIFAH', 2),
('1201174031', 'NURSYARIKHA D. M', 2),
('1201174033', 'DEA NURFITRIYANA HARYATI', 2),
('1201174040', 'RIFALDI KRISTIAN ALFAREZA', 2),
('1201174041', 'MUHAMMAD KINAN AMMAR', 2),
('1201174046', 'TEGAR TRI NUGRAHA', 2),
('1201174047', 'YUDHAN SYAM GILANG PRATAMA', 2),
('1201174049', 'ZENITA MEYLIA', 2),
('1201174051', 'KOMANG SURYA GITAWAN ARDYA PUTRA', 2),
('1201174052', 'LIRA LORENZA', 2),
('1201174053', 'LINATI KHAIRINA SYAROFAH', 2),
('1201174055', 'ANNIKE TRI WAHYUNI', 2),
('1201174056', 'TITANIA PERMATA PUTRI', 2),
('1201174057', 'YULIA WAHYUNI', 2),
('1201174061', 'GIGAS JOUHAN ARVYANTO', 2),
('1201174062', 'ALDI RAMADHAN', 2),
('1201174063', 'MUHAMMAD ARIEF ARDYANSYAH', 2),
('1201174064', 'ABDULLAH NADHIF', 2),
('1201174065', 'ANINDHYA AULIA RAHMAH', 2),
('1201174067', 'MOCHAMMAD ICHWAN NUGRAHA', 2),
('1201174068', 'HASYA QINTHARA PUTRI', 2),
('1201174070', 'INDIRA KUSUMA WARDANI', 2),
('1201174071', 'NAURA MAISAZAHRA', 2),
('1201174072', 'AQUILLA YUNMA IMARISTHA', 2),
('1201174073', 'GHIFARI NAUFAL RAHMAN', 2),
('1201174074', 'NURUL TAQWA', 2),
('1201174075', 'MADE ARYA TEGUH DVAIPAYANA', 2),
('1201174076', 'ALWIYYAH', 2),
('1201174077', 'AMELIA ANGGRAINI RAHMAN', 2),
('1201174078', 'NI PUTU AYU LAKSMI PURWATI', 2),
('1201174079', 'ELVIN SUPRIYANTO', 2),
('1201174080', 'YOSUA SARAGIH', 2),
('1201174082', 'FIQRI NUGRAHA RAMADHAN', 2),
('1201174083', 'MALSYA DEBRINA NUR SALSABILA', 2),
('1201174084', 'M. RAFIF ALIYASYAH', 2),
('1201174085', 'GEORDHY SYAHBANA', 2),
('1201174086', 'ALAN RAMADHAN', 2),
('1201174088', 'MUHAMMAD AFIF WAHYU ARSANTA WARDHANA', 2),
('1201174089', 'MUHAMMAD DIMAS BASWARA', 2),
('1201174090', 'MUHAMMAD ILHAM DURANI', 2),
('1201174097', 'NANDA SAGITA APRILIA', 2),
('1201174099', 'ANITHA CHARMITHA MARSHA', 2),
('1201174100', 'RADEN MAHARANI NUR ROBBI', 2),
('1201174101', 'MICHAEL YUSDISTIRA', 2),
('1201174105', 'RADHITA ANANDA PUTRI', 2),
('1201174106', 'FIBYAN SALEH ANTHONY', 2),
('1201174107', 'INDAH EKANURHAYATI', 2),
('1201174108', 'REANATAMI IRAWAN', 2),
('1201174109', 'FIFIN NUR HANIFAH', 2),
('1201174110', 'KHARISMA IFFATUN NISA`', 2),
('1201174111', 'VIRA MAULINA PUTRI', 2),
('1201174112', 'MUHAMMAD ARASH ARISIAH', 2),
('1201174114', 'M FADLAN HANIFA', 2),
('1201174117', 'IRMA MAHARANI NABILA', 2),
('1201174120', 'OLIVIA INGER PITALOKA', 2),
('1201174123', 'NUR REZQI HANDHININGSARI', 2),
('1201174124', 'RAISYA FADHILLAH DZARFANI', 2),
('1201174125', 'AYUNIAR SALSABILA PUTRI', 2),
('1201174127', 'MAHENDRA MAULANA TRESNANTO', 2),
('1201174128', 'NI NYOMAN PUTRI AYU PRAMESTI', 2),
('1201174131', 'DEVITA THALIA PUTRI', 2),
('1201174133', 'EVELIN SEKAR DEWINTA', 2),
('1201174134', 'ERSYURA LIANDHINI', 2),
('1201174136', 'FARIZ AFI AKBAR', 2),
('1201174137', 'OETARI WIRANDANY', 2),
('1201174138', 'FAQIH ILYASA', 2),
('1201174139', 'YOSAFAT YAHOWU HIA', 2),
('1201174141', 'NABILA KHAIRUNNISA', 2),
('1201174142', 'NAUFAL MUHAMMAD IQBAL', 2),
('1201174143', 'SALSABILAH PUTRI SUHARTO', 2),
('1201174144', 'MUTI HANIFAH', 2),
('1201174146', 'IRFAN RAIHAN', 2),
('1201174148', 'NABILAH NUR AULIAULLAH', 2),
('1201174149', 'ZULFA KAMILIA FIRDAUS', 2),
('1201174150', 'ALIF ILHAM MUHAMMAD', 2),
('1201174151', 'AMELIA DEFANKA', 2),
('1201174152', 'SEKAR TANJUNG MULYANINGRUM', 2),
('1201174153', 'SATRIA PANJI WINATA', 2),
('1201174154', 'FAYA DWITIFANY', 2),
('1201174160', 'SVADEV PRANAMAM MAHASAGARA', 2),
('1201174162', 'TAHTA MANUSAKERTI', 2),
('1201174164', 'ANSA WIDIANI', 2),
('1201174165', 'TAUFIK RAHMAN', 2),
('1201174167', 'ANISSHA AYU PURWANTINA', 2),
('1201174168', 'SITI AMIRAH KHANSA', 2),
('1201174171', 'SOFANO RUDI HARTONO', 2),
('1201174172', 'BIMA BIRAHMATIKA', 2),
('1201174173', 'MUNALYS HIDAYATUL NAFISA', 2),
('1201174174', 'MUHAMAD FADHLAN ZAKIRI SETIABUDI', 2),
('1201174175', 'ENAR DEWI FORTUNA', 2),
('1201174176', 'ALFIAN SETYO NUGROHO', 2),
('1201174180', 'DWINARDY SAPUTRA', 2),
('1201174181', 'DIMAS ARVIAN BUDIANTO', 2),
('1201174182', 'DEWI LARASATI', 2),
('1201174184', 'AGUNG PURNAMA PUTRA', 2),
('1201174185', 'HAFIZA APRILIA', 2),
('1201174187', 'PUTU ANDRIAN SURYA INDIRVA', 2),
('1201174189', 'KHOLIQ GIFFARI', 2),
('1201174190', 'LINDA ARINI HAKIM', 2),
('1201174192', 'ANISAH RIDHAYANI FEBRI KUNTARSIH', 2),
('1201174193', 'IRFANUL ZUHDI N', 2),
('1201174194', 'AHMAD GHALEB AHDA', 2),
('1201174195', 'FAHMI AULIA RACHMAN', 2),
('1201174196', 'AFIN RIZQI PRAMADYA', 2),
('1201174200', 'ARIFIANTO AJI PUTRO', 2),
('1201174201', 'RIZKI MALIQAL MULQI', 2),
('1201174202', 'PUTRI LEONI VIRCESA SOENDJATMO', 2),
('1201174203', 'PRAPTIANA RAISYA SYARIF', 2),
('1201174205', 'TANISA NABILA TASHA', 2),
('1201174207', 'AMALIA NUR AZIZAH', 2),
('1201174208', 'DWI ANGGARA MUHARRAM', 2),
('1201174210', 'M. FAHMI DJATNIKA', 2),
('1201174212', 'ALYA RAISA KHANZA', 2),
('1201174214', 'ERALLTAMI', 2),
('1201174215', 'FADHEL MUHAMMAD', 2),
('1201174216', 'MUHAMMAD ADIE SAMMAJID', 2),
('1201174217', 'BUNGA HARNUM SANDITA', 2),
('1201174218', 'GILBERT BILLY RIVALDO MATAHURILA', 2),
('1201174221', 'I GEDE OKA MAHENDRA', 2),
('1201174222', 'PRADIPTA RICKY BASKARA', 2),
('1201174225', 'MUHAMMAD AUFA RIZQULLAH', 2),
('1201174226', 'MOCHAMAD RIFKY', 2),
('1201174227', 'DAFFA IRFAN', 2),
('1201174228', 'R.MOH.RIZAL RAMDANI', 2),
('1201174230', 'MUHAMAD HILMY ABDULLAH', 2),
('1201174234', 'VIDIANTO FAJAR NUGRAHA', 2),
('1201174236', 'FITRI ANDA SARI', 2),
('1201174238', 'YUDIMAN ABDUL HIDAYAT', 2),
('1201174239', 'EGGY RADIANSYAH SUTENDI', 2),
('1201174240', 'ULFIA RAHMAH', 2),
('1201174242', 'ANNISA NUR FALAHI AHMAD', 2),
('1201174243', 'SYANTIKA PUTRI MAHARANI SUNTORO', 2),
('1201174244', 'AQIL FEBRIAN ASRIF', 2),
('1201174245', 'FEBRYAN ALFI PRIHASTORO', 2),
('1201174248', 'VANYA AULIA RACHMA', 2),
('1201174249', 'TRIA OKTAVIA ARADINY', 2),
('1201174251', 'ARMEINITA SALSABILA', 2),
('1201174255', 'SANDY ARGYA PRADIPTA', 2),
('1201174256', 'MUHAMMAD FADHLI', 2),
('1201174259', 'MUHAMMAD RAIHAN ARRAFI', 2),
('1201174262', 'RIFAT AL KAUSAR', 2),
('1201174266', 'GURUH JIWO PRAKOSO', 2),
('1201174270', 'FACHRIAN NUGRAHA ARMA', 2),
('1201174271', 'FIRYAL FADHILAH', 2),
('1201174273', 'DAVID RICHARDO CANIAGO', 2),
('1201174274', 'ALFIAN KUSUMA AJI', 2),
('1201174276', 'ZEIN ZUFAR SAVALUDIN', 2),
('1201174278', 'ILHAM AKBAR', 2),
('1201174280', 'SAFFANIA ZAHRA AINA HALINDA', 2),
('1201174281', 'MEYLIZA GUSANDI', 2),
('1201174282', 'ALIF AULIA', 2),
('1201174284', 'PRAYOGI TRI MULYANA', 2),
('1201174286', 'MUHAMMAD SOHIBUL WAFA', 2),
('1201174287', 'FAHMI RIZAL SAMLISTIYA', 2),
('1201174288', 'MUHAMMAD FADILLAH ADHITAMA', 2),
('1201174289', 'CHELDRIC PRADITYA GEORDANNIE', 2),
('1201174293', 'RAHMAD DWI PUTRA SUHANDA', 2),
('1201174294', 'RISMADA KRISNA ANUGRAH', 2),
('1201174295', 'ALIF AFTHARIQ', 2),
('1201174298', 'SHEILA SEKAR SOKA', 2),
('1201174300', 'SULTHAN MUHAMMAD ZAIDAN', 2),
('1201174302', 'MUHAMMAD AL FAJRI KURNIA', 2),
('1201174304', 'CHAVIA ZAGITA REZKI NARWASTU', 2),
('1201174306', 'MOHAMAD RAFIKI ZULQITSY', 2),
('1201174310', 'MOCHAMMAD RIFKY FADILLAH', 2),
('1201174311', 'DHIA IRFAN RAMADHANY', 2),
('1201174313', 'SHOLEKAH DWI SAPUTRI', 2),
('1201174316', 'CHARLI MARTINABELLA', 2),
('1201174317', 'FITRIYA AYUNINGTYAS RUMANDA', 2),
('1201174318', 'MUHAMMAD ARI YASIN', 2),
('1201174319', 'ANINDHITA PUTRI AULIA', 2),
('1201174320', 'JERRICO NASE NATALIN', 2),
('1201174322', 'MUHAMMAD RAKA ADITYA', 2),
('1201174323', 'AULIA NAUFAL RAMADHAN', 2),
('1201174324', 'KIRANA RIZKY AMALIA DIANI SUPNADI', 2),
('1201174325', 'IMAM NURHAQ FADHLI', 2),
('1201174327', 'MUHAMMAD ALDI SAPUTRA', 2),
('1201174328', 'MOCHAMAD RAVIOLI SUBUR', 2),
('1201174329', 'ARIEFTYARTO TAUFIQ RAMADHAN', 2),
('1201174334', 'RARAS FARRISA DEARY', 2),
('1201174335', 'RYU FAJAR HARMAWAN', 2),
('1201174336', 'JESSICA NINDYA PUTRI', 2),
('1201174337', 'MUHAMMAD FARIZ HAFIZHUDIN', 2),
('1201174338', 'ARGA DIPTA PUTRATAMA', 2),
('1201174339', 'ALGHIFARI NURONI', 2),
('1201174341', 'LAILA RIZKYA NUR LATIFAH', 2),
('1201174342', 'ANINDIYA DEWI ARTANTI', 2),
('1201174343', 'AULIA AGHNIA NURILMIANTI', 2),
('1201174344', 'GIBRAN MAKARIM MUHAMMAD', 2),
('1201174349', 'MUHAMMAD ALFI FAUZI', 2),
('1201174350', 'MUHAMMAD RAFIENDRA KHAIR', 2),
('1201174352', 'GENTA YUSUF MADHANI', 2),
('1201174355', 'ALFATH GHANI SAMSIAR', 2),
('1201174356', 'NOVIANTO FAJAR RAHMAT', 2),
('1201174358', 'DITA AYU WANDIRA', 2),
('1201174359', 'BION FARHAN WIDIRAHARJANTO', 2),
('1201174361', 'MUHAMMAD FAUZI AULIA RAHMAN', 2),
('1201174363', 'GIMNASTYAR ALGHIFARI HERLAN', 2),
('1201174364', 'ELIZABETH ELKA NOVIA AJENG NASTITI', 2),
('1201174366', 'MUFLIH FATTAH HERAWANTO', 2),
('1201174367', 'FELLICIA AMANDA DINDA HAPSARI', 2),
('1201174369', 'NUR IKHSAN ASHARI R', 2),
('1201174370', 'LIA YULIANA', 2),
('1201174371', 'ASRI SUKMA ISABARI', 2),
('1201174375', 'MUHAMMAD GHANI RIZQULLAH', 2),
('1201174376', 'MICHAEL SAMUEL SIMATUPANG', 2),
('1201174379', 'KEVIN AHMAD AUFARRIZKY', 2),
('1201174380', 'VIONA JESSIE OLIVIA BANGUN', 2),
('1201174382', 'SABILA HAYYU FAUZIA', 2),
('1201174384', 'ALVIERA SUCI DAMAYANTI', 2),
('1201174385', 'RINO WICAKSONO', 2),
('1201174389', 'MUTIA RAHMA NIZA', 2),
('1201174393', 'GUSTI AYU DWITYA SARI', 2),
('1201174395', 'RAFFI MULYA AL GHIFARI', 2),
('1201174398', 'ARIA PERMANA MULUK', 2),
('1201174399', 'DAVID YOSAFAT', 2),
('1201174401', 'CORIE ARIESTA ARBAY', 2),
('1201174403', 'BELLA PERTIWI ALIFIA PANDRA', 2),
('1201174404', 'ADISTY AZZAHRA NOEYA', 2),
('1201174409', 'IMAN ROZIQ', 2),
('1201174411', 'ZAHRAN TIASUFA', 2),
('1201174412', 'TENGKU RYAN FAKHRY', 2),
('1201174413', 'MOCHAMAD VALIANT DHIYAULHAQ', 2),
('1201174416', 'RACHMA AGUSTYORINI', 2),
('1201174417', 'M. FACHRI HUSAMUDDIN', 2),
('1201174419', 'DIMAS WIDO PRASETYO', 2),
('1201174421', 'FAREL TRISA ALGIFFARY', 2),
('1201174423', 'INTAN KUSUMAWARDANI', 2),
('1201174425', 'FIRLAN SBASTIAN', 2),
('1201174427', 'YONI SOTYA BASWARA', 2),
('1201174429', 'MUHAMMAD RADIFAN IZZUDIN AKBAR', 2),
('1201174431', 'MUHAMMAD FOURA GARINDA', 2),
('1201174432', 'HAIKAL MUHAMMAD FARHAN', 2),
('1201174434', 'IVAN SATRIO HANINDITO', 2),
('1201174436', 'RAMA YUDHA PRATAMA KARIWIRA', 2),
('1201174444', 'HERU HENDRAWAN', 2),
('1201174447', 'FAYI FIRZATULLAH ACHMAD', 2),
('1201174449', 'AMMAR GHIFARY ABDILLAH', 2),
('1201174452', 'MOCHAMAD RIZKY ANALKA', 2),
('1201174453', 'BENNY AZIZ AGITSNA', 2),
('1201174455', 'FATYA HAFIZHA AULIA RAHMA', 2),
('1201174456', 'FIRSTYO DEWO WICAKSONO', 2),
('1201174458', 'MALIK ENDANG ZUANA', 2),
('1201174462', 'BOBBY HIMAWAN', 2),
('1201174465', 'SATRIA NUGRAHA', 2),
('1201174468', 'RAFI FAUZAN SASMITAPRAJA', 2),
('1201174469', 'DINNIA NAHLIA PUTRI', 2),
('1201174470', 'MOCHAMMAD DIMAS NAUVAL', 2),
('1201174471', 'ZA`IMATUL HAKIMAH SEPTIANI', 2),
('1201180003', 'SEPTY NUR AULIA DARMANTYA', 2),
('1201180008', 'SULTHAN ARAFAT BRIFIAN', 2),
('1201180009', 'I MADE ARDY WIRYATAMA', 2),
('1201180019', 'SHALMA ZAHRA NABILAH', 2),
('1201180022', 'WALI HAKIM PRADANA', 2),
('1201180024', 'MUHAMAD ALFARIZI FADIANDI LUKMANA', 2),
('1201180027', 'NURUL ARIFIN ARISTARINI', 2),
('1201180028', 'SEBRIELLA AULIA SIREGAR', 2),
('1201180031', 'RAFLI WAHID ARASYAD', 2),
('1201180037', 'TIRTA CANDRA PARIPURNA', 2),
('1201180060', 'MUCHAMMAD IZDIHAR ZALFA AULIA', 2),
('1201180068', 'MUHAMMAD FAUZAN BAIHAQI', 2),
('1201180072', 'TIARA PUTRI NABILA', 2),
('1201180082', 'FARDA AINAYYA HASEENA ZIA', 2),
('1201180088', 'NADILA ATTIN MIFTAH', 2),
('1201180097', 'QONITA AFIFA SALSABILA', 2),
('1201180098', 'ARLIETA KIRANA BRAHMANISWARI', 2),
('1201180103', 'SANDIKA LAFALDI SUGANI', 2),
('1201180104', 'MUTIARA PRAMUTI JAYA', 2),
('1201180105', 'AFIFAH NABILA', 2),
('1201180106', 'MIFTAH AMINNUL HAQ', 2),
('1201180108', 'CATUR WILLIAM IMMANUEL TAMBUN', 2),
('1201180113', 'RIEFALDY NADIVKHA SUBROTO', 2),
('1201180115', 'SYAFIQ FATIH BASALAMAH', 2),
('1201180119', 'MUFQI DIANA RAMANDA', 2),
('1201180126', 'FAJAR ABDILLAH PERMANA', 2),
('1201180129', 'REYHAN RIZKY MAHADIKA', 2),
('1201180130', 'MUHAMMAD ZAKI WIBOWO', 2),
('1201180133', 'RIZKY PRANCA BANGUN', 2),
('1201180134', 'MUTIA AL MASRI', 2),
('1201180136', 'DWI CAHYA PRASETYA', 2),
('1201180141', 'RADHITA NINDA AZANI YURISMAN', 2),
('1201180144', 'OLIVIA AKMA CHANITA', 2),
('1201180146', 'ICHSAN RAMADHAN MUCHLIS', 2),
('1201180148', 'MUHAMMAD RIFQY', 2),
('1201180149', 'HERFAIDA NADIA NINGRUM', 2),
('1201180150', 'ALFIANDIKA NURSANTIKA', 2),
('1201180151', 'FEBRY AKBAR WIBISONO', 2),
('1201180161', 'MALIK DAFFA ABDILLAH', 2),
('1201180162', 'AHMAD IZZAN GUNAWAN', 2),
('1201180163', 'IRFAN AKMAL DIASTYONO', 2),
('1201180170', 'RAYHAN MUHAMMAD NAUFAL', 2),
('1201180171', 'MOHAMAD RIZKY OKTAVA', 2),
('1201180172', 'ALLAM RAIHAN PUNTODEWO', 2),
('1201180174', 'TAUFAN MAULANA RIZALDY', 2),
('1201180176', 'MUHAMMAD ALFIAN DHARMAWAN', 2),
('1201180179', 'MUHAMMAD ALFARIZI REIZEL', 2),
('1201180180', 'PATRICIA REGINA BATSYEBA', 2),
('1201180185', 'WIRANANDRA SASTRAMIHARDJA', 2),
('1201180197', 'CALISTA DAMARA', 2),
('1201180199', 'NAUFAL MAHDI FADHILLAH', 2),
('1201180201', 'DIANA SALSABILA', 2),
('1201180205', 'DIMAS FATURRAHMAN KUSUMO NUGROHO', 2),
('1201180206', 'ADRIAN IRFANA', 2),
('1201180207', 'FAHREZI AHMAD AZWARI', 2),
('1201180210', 'EVAN RADITYA', 2),
('1201180213', 'ALIF SULTHAN RASSYA WINOTO', 2),
('1201180217', 'ADINDA DIASTININGRUM', 2),
('1201180219', 'MITA AZWARI', 2),
('1201180225', 'ENUNG SRI SUKMAWATI', 2),
('1201180226', 'DHAMASTANA DHARMA DENIANTARA', 2),
('1201180235', 'HANIF RIZQI FALAH', 2),
('1201180236', 'HILMAN FAUZY AKBAR', 2),
('1201180240', 'YOSEPH CAESARIO NUGROHO SINAGA', 2),
('1201180242', 'IRHAM YURAHMAJI', 2),
('1201180243', 'MOH RIFKI PUTRA PERDANA', 2),
('1201180245', 'RADEN FATHUR RAHMAN', 2),
('1201180246', 'HAFIYYAN FAZA', 2),
('1201180248', 'RUSDAVINA ROMAULI SIREGAR', 2),
('1201180253', 'ANDIKA DEANNA RAHMA', 2),
('1201180268', 'RAKHA RAIHAN ALAMSYAH', 2),
('1201180270', 'AKHDAN RAFI MAULANA', 2),
('1201180273', 'PUTU PANJI LESMANA', 2),
('1201180274', 'I PUTU PRAMANA ARIVIANTO', 2),
('1201180278', 'I NYOMAN ARI SUPUTRA', 2),
('1201180281', 'ANISYA ISTIADZAH CANDRANINGTYAS', 2),
('1201180285', 'KUKUH TRIASBUDI', 2),
('1201180291', 'HANIF RAFI AUFA', 2),
('1201180292', 'MUHAMMAD GIAN NAUFAL IHSAN', 2),
('1201180298', 'RAISHA AZHARI GHANIYYAH TANRA', 2),
('1201180299', 'NAJLA ATHIRA KHAIRUNNISA', 2),
('1201180302', 'ERTZA HAFIZAN WIRYADINATA', 2),
('1201180307', 'SONDANG EKO IRAWANTO', 2),
('1201180309', 'FATHIA NAFILA GHINA', 2),
('1201180310', 'JOVITA AILEEN TRISTIE', 2),
('1201180311', 'MUHAMMAD EGASKARA MAHAGNYANAPUTRA', 2),
('1201180313', 'BACHTIAR ARYA PRAJA', 2),
('1201180314', 'ETANIA RAMADHANTY', 2),
('1201180315', 'BOY DIVA SENA', 2),
('1201180323', 'BIMA ANANTO STYOWANDI', 2),
('1201180333', 'YASINTA NADIA KURNIA', 2),
('1201180334', 'NURUL HIKMAH SABILA', 2),
('1201180335', 'VHANQA NOVTANA SENDINI', 2),
('1201180348', 'VIGHO SHEVCHENKO', 2),
('1201180349', 'MICHAEL YESAYA TOREH', 2),
('1201180350', 'WIDYA HANGGANA RARAS', 2),
('1201180352', 'ROSALYA AZZAHRA NURFIRDAUSI', 2),
('1201180356', 'MUHAMMAD IHSAN CANIAGO', 2),
('1201180358', 'RADIN RADITO HERLAMBANG', 2),
('1201180361', 'LUTHFI IMAM FAUZI', 2),
('1201180362', 'DAFFA RAIHAN DITYO', 2),
('1201180370', 'REDI ISMAN LISTRIANTO', 2),
('1201180372', 'MOCHAMAD FADHLAN ADLANA', 2),
('1201180378', 'MAYANG DAESI SABILLA', 2),
('1201180384', 'TANIA ALYA ANDRIANINGRUM', 2),
('1201180386', 'AMANULLAH IRSYAD', 2),
('1201180388', 'FIKRI ARYAGUNA DAFA', 2),
('1201180390', 'MUHAMMAD DIPONEGORO ST ROPAWIRO', 2),
('1201180391', 'NADA LINGGA AFRILI', 2),
('1201180393', 'DARA CAHAYA NABILA', 2),
('1201180397', 'NURUL FITRI DWI ANDINI', 2),
('1201180400', 'SISKA RATNA ANGGRAENI', 2),
('1201180404', 'SONIA NABILA ANNISA', 2),
('1201180405', 'MATTHEW EWALDO AMANIPUTRA', 2),
('1201180407', 'VINSA ARINALDI', 2),
('1201180412', 'PUTU SURYADIKA PRAMUDYA', 2),
('1201180414', 'ANAK AGUNG GEDE AGUNG DAMA MAHATMA PUTRA', 2),
('1201180415', 'MUHAMMAD FACHRI DHIFA', 2),
('1201180419', 'HERRY DWI CHAHYONO', 2),
('1201180420', 'SOLIYAN RAMA DEWA', 2),
('1201180431', 'JIHAN SALMA RAMADHANTI WIDODO', 2),
('1201180443', 'DIMAS GHIFARI PRIANDONI', 2),
('1201180444', 'LUTFI IBRAHIM PRATAMA ROSMAN', 2),
('1201180448', 'RANGGA GALUH RIZAL RIFAI', 2),
('1201181050', 'MUHAMMAD RIF`AT REIHAN AULA ARIFIN', 2),
('1201181137', 'MARIA EMERALD NAINGGOLAN', 2),
('1201181142', 'RIEFDA FAIZATUL AULIA', 2),
('1201181233', 'FIRMAN RAMADHAN PUTRA', 2),
('1201181238', 'GHIFARY ADINEGORO', 2),
('1201181249', 'HANINAIDAR HASNA F', 2),
('1201181375', 'RIZAL RENALDI LEYN', 2),
('1201182337', 'HARYO KRESNO AJI', 2),
('1201182341', 'REGGIE NURAVIANTA HAEDAR', 2),
('1201182406', 'DHEA TRULLYANI SAVITRI', 2),
('1201182410', 'ALDARHENA PUTRI DEWANTY', 2),
('1201182449', 'MUHAMMAD RIDZKY ADITYA', 2),
('1201182450', 'NISRINA SOFIA RAHMAN', 2),
('1201182451', 'NADIA KHAIRUNNISA', 2),
('1201182452', 'RANI AFIFAH PUTRI', 2),
('1201182453', 'INDAH CAMELIA FADHILA', 2),
('1201182454', 'TAUFIQ PRAMU BENTAR', 2),
('1201182455', 'MUHAMMAD FARHAN AJI ALDINO', 2),
('1201182456', 'YOLA HAJI SYMON', 2),
('1201182457', 'SHIDQI RIZQULLAH FERIANSYAH', 2),
('1201182458', 'ZIDAN IBRAHIM ZAMZAMI', 2),
('1201182459', 'MUHAMMAD HARIZKY ADITIA', 2),
('1201182460', 'NADYA CALISTA SIAHAAN', 2),
('1201182461', 'NUR HAPSAH MAULIDIA', 2),
('1201182462', 'DHIYAN FAUZAN RACHMATULLAH', 2),
('1201182463', 'NUR AFIAH HUTARI', 2),
('1201182464', 'FERRO ARIEF NURRAHMAN', 2),
('1201182465', 'MUHAMMAD MILZAM AKBAR', 2),
('1201182466', 'AHMAD RASYID IBRAHIM ARSY', 2),
('1201182467', 'SYAHRASTANI AYASA', 2),
('1201182468', 'DIANSAH HIDAYAT', 2),
('1201182469', 'ADAM AWALUDIN', 2),
('1201182470', 'RESTU FADHILLAH', 2),
('1201182472', 'RYAN ARIS HIDAYATULLAH', 2),
('1201182473', 'RAFLY AHMAD NURFIKRI', 2),
('1201182474', 'KEVIN HOSEA', 2),
('1201182475', 'SYIFA SALSABILA', 2),
('1201182476', 'REYHAN SENOPUTRI', 2),
('1201182479', 'RIFALDI YUDHA RAMADHAN', 2),
('1201182480', 'AZIZ FAUZAN LISKIYANTO', 2),
('1201183006', 'MUHAMMAD GHAFARI NURFATHONI', 2),
('1201183010', 'MUHAMMAD DAFFA ALFARRASI', 2),
('1201183015', 'ILZA AZHAR RADYA', 2),
('1201183020', 'MUHAMMAD GIGA RIZKY ARSYADI', 2),
('1201183021', 'DEVINRIZA ELIANSYAH', 2),
('1201183025', 'INTEN AYUNING GHAISANI', 2),
('1201183305', 'ANGGI STEPANI BR SIPAYUNG', 2),
('1201183308', 'NAILA KHOIRUN NISA', 2),
('1201183318', 'ARYA FEBIAN ANUGRAH', 2),
('1201183319', 'BRIAN CHRISTIAN SARNIEM', 2),
('1201183321', 'NESIA PAULINE ANGGIPANGIHUT THANTY SIREGAR', 2),
('1201183332', 'RAEGAN AMMAR PRAWIRA', 2),
('1201183336', 'NI MADE AMRITHA DEVI PRATIWI', 2),
('1201183339', 'BETARA CHURRAERA', 2),
('1201183340', 'NAUFAL AULIA MEIKA', 2),
('1201183344', 'OKTAVICHA SALSABILA INDARTI', 2),
('1201183345', 'NURAINI NISA MAHARANI', 2),
('1201183346', 'FARIDAH MUTHIA AZZAHRA', 2),
('1201183347', 'RAHMI NUR AFIFAH', 2),
('1201183351', 'ZULA ANSELMA', 2),
('1201183355', 'ANDI MUHAMMAD FACHRI CHAERUDDIN', 2),
('1201183357', 'LALU ANANTA GIFARI ROBANI', 2),
('1201183376', 'M FIRMANSYAH', 2),
('1201183377', 'MEYLIASA DANIRA', 2),
('1201183382', 'ADE ACHMAD FAISAL', 2),
('1201183385', 'RAHMA SABILLA ASHAR', 2),
('1201183389', 'ALIFIA RANYA ATALLAH RIZKY', 2),
('1201183392', 'IRISH ILLENIA MARTHA AYUDYA', 2),
('1201183394', 'AFRA NASTITI UTAMI', 2),
('1201183395', 'HAFIZHAH KHAERANI', 2),
('1201183403', 'EVAN YURI PRIAMBODO', 2),
('1201183418', 'ATHIYYAH AYUNINGPUTRI', 2),
('1201183422', 'MELINIA WULANDARI', 2),
('1201183425', 'ASYIFA FREDA SALSA BILLA', 2),
('1201183427', 'KINANTHI PARASDYA SISTA', 2),
('1201183438', 'BAIHAKI HAKIM FIRDAUS', 2),
('1201183439', 'MOCHAMAD REIGY DWI F', 2),
('1201183441', 'CHANDIKA IVANO', 2),
('1201183445', 'MUHAMMAD DZAKY PRASETYO', 2),
('1201183481', 'HELIO FREITAS PEREIRA', 2),
('1201184002', 'MAHDAR ARIANTO', 2),
('1201184004', 'SHINTA NAMIRA', 2),
('1201184005', 'VINI AVIOLINA', 2),
('1201184007', 'MUHAMMAD ALDIO ROZAN PUTRA', 2),
('1201184011', 'ARINDA LAYLA ALFIRA', 2),
('1201184012', 'VIETRA SHAUMA RANABILLA', 2),
('1201184013', 'LAELATUL MUCHAROMAH CITA SARI', 2),
('1201184014', 'TENGKU KHALIDA ZIA GIOVANNY', 2),
('1201184016', 'GIESTA AYUNDA SEKAR KINASIH', 2),
('1201184017', 'SEKAR ARUM PRAMESTI', 2),
('1201184018', 'AFRA GHAIDA HANA', 2),
('1201184023', 'MUHAMMAD EVAN RISMAWAN', 2),
('1201184026', 'SYAVINA MI`RAJ ISKANDAR', 2),
('1201184029', 'ALMAYDA REZA MAHENDRA', 2),
('1201184030', 'BELLA KHARISMA APRILIA', 2),
('1201184032', 'ANWAR FIRDAUS ASH-SHIDDIQ', 2),
('1201184033', 'AULIA ANANTA SIREGAR', 2),
('1201184034', 'FIRDA AMALIA WIDYANINGRUM', 2),
('1201184035', 'SHAKILA HAMIDI', 2),
('1201184036', 'DITA KUSUMA NINGSIH', 2),
('1201184038', 'CHARISMA ZAAFIRA ABDULLAH', 2),
('1201184039', 'AGNES NABILA', 2),
('1201184040', 'POPY NOPIA', 2),
('1201184041', 'AFIFAH NURLAYALIA', 2),
('1201184042', 'NOPINA SARI PUTRI SARAGIH', 2),
('1201184043', 'BRYANNE RAFA LEVINA', 2),
('1201184044', 'PRATIWI NOVAYANTI', 2),
('1201184045', 'THORIQ BARAMBILLAH', 2),
('1201184046', 'ANGGUN SUSILAWATI', 2),
('1201184047', 'VARYNA AYU RAHMALISA WIBOWO', 2),
('1201184048', 'VERONA MARSHA ALVINIA BANGUN', 2),
('1201184049', 'FIRZA KHALISHA RINJANY', 2),
('1201184051', 'ANDHINI AMALIA PUTRI', 2),
('1201184052', 'YOLLA SYAIDINA DEOZY', 2),
('1201184053', 'DYAH MUMPUNI INDAH PALUPI ASIH LESTARI', 2),
('1201184054', 'NAURA RIZKA CAMELIA', 2),
('1201184055', 'SITI HANA FAJARWATI', 2),
('1201184056', 'TARIZA FITRIA', 2),
('1201184057', 'AJENG YUNITA', 2),
('1201184058', 'RAHMI SALSABILA', 2),
('1201184059', 'ELVIRA PARINDING', 2),
('1201184061', 'IRFAN WISNU NADHIF PUTRA', 2),
('1201184062', 'ANNAS KHOIRUL MAJID', 2),
('1201184063', 'HAFIZH HARIAJI', 2),
('1201184064', 'ANWAR AZHAR', 2),
('1201184065', 'RAFIF MUJADID', 2),
('1201184066', 'ALYA NURUL MUTHIA', 2),
('1201184067', 'RAIHAN NURFITRI HASANAH', 2),
('1201184069', 'ADITIAS FAUZI AHMAD', 2),
('1201184070', 'ASIH AULIA PUTRI', 2),
('1201184071', 'NOVIA WALRAHMADANI', 2),
('1201184073', 'REZIALDY RAYHAN WIHARDIPUTRA SASMITA', 2),
('1201184074', 'MUHAMMAD ILHAM PRATAMA', 2),
('1201184075', 'VIKA OCTAVIANA PUTRI', 2),
('1201184076', 'WIWIT AGI YUNIAR', 2),
('1201184077', 'WINA NISRINA NALINI', 2),
('1201184078', 'SALSABILA HARUMI WICAKSONO', 2),
('1201184079', 'ARYA PUTRA PRATAMA', 2),
('1201184080', 'RAISA AFIFAH', 2),
('1201184081', 'TANTYA DEGA WAHYU MAHARANI', 2),
('1201184083', 'GHINA ATHA FEBRIANTI', 2),
('1201184084', 'AGNES PANJAITAN', 2),
('1201184085', 'NAUFAL ABIYYU ZAHRAN SUKMANA', 2),
('1201184086', 'NAUFAL HESANTRA HARIJADI', 2),
('1201184087', 'NABILLA MUTIA DEVI', 2),
('1201184089', 'MUSTIKA PERMATA CAHAYA', 2),
('1201184090', 'SITI SOLEHAH RAHMAH TUNISA', 2),
('1201184091', 'ANASTASYA MAHENDRA PUTRI', 2),
('1201184092', 'ARIF FADILAH RIZKI', 2),
('1201184093', 'LARAS ATI', 2),
('1201184094', 'MUHAMMAD EKO YURIANTO', 2),
('1201184095', 'MOH DAFFA AL AZMI', 2),
('1201184096', 'ASTRI MERLINA', 2),
('1201184099', 'RAHADY INDRA', 2),
('1201184100', 'NADIA LUCKY PRISTIKA', 2),
('1201184101', 'ADE MULYONO', 2),
('1201184102', 'DEO FATURRAHMAN', 2),
('1201184107', 'RAUSAN FIKR MAULANA HAJJ', 2),
('1201184109', 'MUHAMMAD AL FATIH', 2),
('1201184110', 'MOCH NAUFAL THORIQ MASRA', 2),
('1201184111', 'DESYA PUTRI', 2),
('1201184112', 'BARKAH AGUNG PANGESTU', 2),
('1201184114', 'YUDHA PERMANA', 2),
('1201184116', 'HABIB FANNANI AL FARIZI', 2),
('1201184117', 'TIMMY PERMANA PUTRA', 2),
('1201184118', 'MIKAIL ARMIYA', 2),
('1201184120', 'ARDHAN HARISH RAHADIAN', 2),
('1201184121', 'KADEK IVAN MAHENDRA DWIJANA', 2),
('1201184122', 'MUHAMMAD FIQRI APRILIAN ADRIANSYAH', 2),
('1201184123', 'I GUSTI PUTU AGUNG SUGIARTHA', 2),
('1201184124', 'ARDIANSAH', 2),
('1201184125', 'MUHAMMAD RIDHO', 2),
('1201184127', 'REDI AHMAD PUTRA NURANTO', 2),
('1201184128', 'RIDHO SEPTIADI HAKIM', 2),
('1201184131', 'RETINDA LIANDYA GITA', 2),
('1201184132', 'RAMADHAN FIRDAUS', 2),
('1201184135', 'ARIA ZEIN SYAMSI ASTANTO', 2),
('1201184138', 'GANIS WORO AYUNINGTYAS', 2),
('1201184139', 'NAUFAL HABIBILLAH', 2),
('1201184140', 'DEYANA PRASTIKA PUTRI', 2),
('1201184143', 'FARIDA HANUM', 2),
('1201184145', 'DIAN KUSUMA DAMAYANTI', 2),
('1201184147', 'PAUL AZARYA', 2),
('1201184152', 'RIZKY FERDENAL PUTRA', 2),
('1201184153', 'GRADY DHIYAA SUYUD', 2),
('1201184154', 'M TAUFIQ ISMAIL', 2),
('1201184155', 'FARIZ INDRA ALHAKIM SIREGAR', 2),
('1201184156', 'M PRIMA ZE', 2),
('1201184157', 'FADILLA ZARA LARASHATI', 2),
('1201184158', 'NADIA PUTRI FEBRIANTI', 2),
('1201184159', 'ADELIA SEKAR APSARI', 2),
('1201184160', 'MUHAMAD HIRAM INDARYANI PUTRO', 2),
('1201184164', 'IRSYAD THALIB ABDILLAH', 2),
('1201184165', 'AMANI AULIA HUSNA', 2),
('1201184166', 'R. YUAN ABDIEL GAMA BANDORO', 2),
('1201184167', 'MUHAMMAD AGRIDZADHANA', 2),
('1201184168', 'RINO DWI HARDIAWAN', 2),
('1201184169', 'FAJAR SATRIO PAMUNGKAS', 2),
('1201184173', 'MUHAMMAD AGRITYO PRIMAPRAKOSO', 2),
('1201184175', 'MUHAMMAD YUSUF FAUZI', 2),
('1201184177', 'ARNANDA EKA SYAHPUTRA', 2),
('1201184178', 'MUHAMMAD KHALID ASY-SYAFII', 2),
('1201184181', 'RIFQI HADYAN', 2),
('1201184182', 'ARYA RIZQULLAH AZHARI', 2),
('1201184183', 'MUHAMMMAD IHSAN FANSURYA', 2),
('1201184184', 'HANNY SETYANINGRUM', 2),
('1201184186', 'CALISTA DWI LESTARI', 2),
('1201184187', 'ISNA JIHAN NAVI`A', 2),
('1201184188', 'TAMIMI TIZANI PUTRI', 2),
('1201184189', 'MELINDA SALEHA', 2),
('1201184190', 'ANDIKA YUDHISTIRA RAMADHAN', 2),
('1201184191', 'FIKRI MUHAMAD FAUZI', 2),
('1201184192', 'FADILA RAHMASARI', 2),
('1201184193', 'MIA AMELIA', 2),
('1201184194', 'HANIFAH PRILIA SEPNITA SUROSMAN', 2),
('1201184195', 'FAUZIA LATIFA AINAYA', 2),
('1201184196', 'ANGGUN NUR HIDAYAH', 2),
('1201184198', 'NABIILAH RAHMAH DITA', 2),
('1201184200', 'FASYA FATIMMA AZZHRA', 2),
('1201184202', 'FATUROCHMAN NIRWANA', 2),
('1201184203', 'ALDITAMA CHANDIKA', 2),
('1201184204', 'MUHAMMAD RIFKI OKTAVIANDI', 2),
('1201184208', 'MUHAMMAD IQBAL RAMDHANI', 2),
('1201184209', 'LUCKY MUHAMMAD TRIYUDANTO', 2),
('1201184211', 'FERDI SETYONO', 2),
('1201184212', 'MUHAMMAD ALIFAR ADVANNI', 2),
('1201184214', 'KRESNA NURFAJRI SETYA PUTRA', 2),
('1201184215', 'DHEA NUR SHAFIRA', 2),
('1201184216', 'JEEHAN HAFIZHA HERFI', 2),
('1201184218', 'INAYA IZZATI', 2),
('1201184220', 'MUHAMMAD HASYIM ASY`ARI NUR MAFUDI', 2),
('1201184221', 'EMELIAWATY', 2),
('1201184222', 'MUHAMMAD FIRDHO', 2),
('1201184223', 'FADHEL BAIHAQI', 2),
('1201184224', 'FARAH DELFA NURHANIFAH', 2),
('1201184227', 'ADICK MADE SURYA KENCANA SUWETA', 2),
('1201184228', 'SABIL ASYRAF ARIBOWO', 2),
('1201184229', 'KEVIN REVIALDY HANDOKO', 2),
('1201184230', 'WIRA ANDANI GALIH SETIAWAN', 2),
('1201184231', 'GUSTI NGURAH AGUNG KRISNA WICAKSANA', 2),
('1201184232', 'JUDITH DWILENDA', 2),
('1201184234', 'MUHAMMAD ARIQ DARMAWAN', 2),
('1201184237', 'FANDI ACHMAD', 2),
('1201184239', 'MUHAMMAD FARHAN MAULANA', 2),
('1201184241', 'TAUFIK RAHMAN NURUDDIN', 2),
('1201184244', 'MUHAMMAD RAYHAN', 2),
('1201184247', 'RADEN DIEVA QINTHARA', 2),
('1201184250', 'DWI CAHYANINGRUM', 2),
('1201184251', 'FATHIYA SAFIRA ARIANI', 2),
('1201184252', 'MUHAMMAD ILHAM FIRDAUS', 2),
('1201184254', 'MIRANDA CAHAYA REMBULAN BR SIHALOHO', 2),
('1201184255', 'NIKEN ARENSI', 2),
('1201184256', 'ARTAMEVIA SALSABILA RIZALDI', 2),
('1201184257', 'AFRA RANIYA YASSER', 2),
('1201184258', 'ADELA MEGA AGLINA', 2),
('1201184259', 'FADHIA NADHIRA PUTRI YULIANTO', 2),
('1201184260', 'HANIF FAIRUZ ISMAN', 2),
('1201184261', 'ABIYAN FAQIH', 2),
('1201184262', 'MUHAMMAD DIMAS FIRDAUS', 2),
('1201184263', 'FADHILAH MUHAMMAD HANIF', 2),
('1201184264', 'KHALID ABDULRAHMAN SAID', 2),
('1201184265', 'KHOIRUL RIZAL', 2),
('1201184266', 'YUSFI ACHMAD PRADANA', 2),
('1201184267', 'DES PRARAMA BETHA ROMAN', 2),
('1201184269', 'RAKAN FURQAN ADI PUTRA', 2),
('1201184271', 'DIMAS BAGUS SATRIO', 2),
('1201184272', 'ANDIKA SENO AJI', 2),
('1201184275', 'TANIA ISSABEL', 2),
('1201184276', 'FIET DIANA HANDAYANI', 2),
('1201184277', 'MUGI LESTARI', 2),
('1201184279', 'MUHAMMAD IHSAN HUSNI', 2),
('1201184280', 'ARIANNE DEAPATI INTIFADHAH', 2),
('1201184282', 'NAUFAL IRFANTO', 2),
('1201184283', 'REYNALDI RAMDHANI', 2),
('1201184284', 'HALIM ORNEST ASRIANDY PUTRA', 2),
('1201184286', 'GERIO ADITAMA PURWANTO', 2),
('1201184287', 'FADHLANI NURSANDI AKBAR', 2),
('1201184288', 'HERLAMBANG PRASETYO NUGROHO', 2),
('1201184289', 'HENDRAWAN ADI WIJAYANTO', 2),
('1201184290', 'RIZA ALDI SATRIA', 2),
('1201184293', 'ANANDA JULIAN NUGRAHA', 2),
('1201184294', 'RAHAYU ZAHWA PRATIWI', 2),
('1201184295', 'HANA QATRUNNADA', 2),
('1201184296', 'ANNISA HAQ', 2),
('1201184297', 'PUPUT AUDITYA FITRA', 2),
('1201184300', 'AZZAHRA PUTRI NURWAHYUDIN', 2),
('1201184301', 'ANINDA SATYA PRATIWI', 2),
('1201184303', 'REZA OCTAPRASETYA PERMADI', 2),
('1201184304', 'MUHAMAD IQBAL SYARIF', 2),
('1201184306', 'ANNISYA SYAPUTRI', 2),
('1201184312', 'MUHAMMAD DZAKI ALFANDI', 2),
('1201184316', 'GHEA MONIQUE UMAR JHITIA', 2),
('1201184317', 'INKA MAYANG FAHIRA', 2),
('1201184320', 'YUSUF SYARIF IQBAL', 2),
('1201184322', 'GHINA FADIYAH', 2),
('1201184324', 'MOCHAMMAD SINATRIYYA SURYANEGARA', 2),
('1201184325', 'NI PUTU PUTRI PRAMESTI', 2),
('1201184326', 'ARIF RAHMAN', 2),
('1201184327', 'GEVARA HAYKAL HEKMATYAR', 2),
('1201184328', 'REZA YURAMTO', 2),
('1201184329', 'SATYA ELANG YOGANTARA', 2),
('1201184330', 'MUHAMMAD RAFIF ADIGUNA', 2),
('1201184331', 'M. NAUFAL ANDINA PUTRA', 2),
('1201184338', 'LAVEANE HARIYANTO', 2),
('1201184342', 'MUHAMMAD HAFIZH NAUFAL FADHILAH', 2),
('1201184343', 'MUHAMMAD LUTHFI RAMADHAN', 2),
('1201184353', 'DENISSYA MAHARANI ADRIAN', 2),
('1201184354', 'MUHAMMAD ZALMAN ALFARIZY', 2),
('1201184359', 'RAKA ADITYA PRAYOGA', 2),
('1201184360', 'DZAKI REYNALDI', 2),
('1201184363', 'FARHAN ANWAR', 2),
('1201184364', 'ACHMAD AFFANDHY', 2),
('1201184365', 'NARA BAGAS TAMA', 2),
('1201184366', 'SYIFA MAARIF AL AZHAR', 2),
('1201184367', 'IRDAH BUJA PUTRA', 2),
('1201184368', 'MUHAMMAD ILYAS HERMAN', 2),
('1201184369', 'MUHAMMAD FAUZAN BADRUZZAMAN', 2),
('1201184371', 'I MADE AGUNG SAGITA ASTIWIGUNA', 2),
('1201184373', 'MOCHAMAD ERLAN ERLANGGA', 2),
('1201184374', 'INSAN ADITYO PAMBUDI', 2),
('1201184379', 'SHOLAHUDIN UMAR', 2),
('1201184380', 'BONATUA HIZKIA PUTRA MANALU', 2),
('1201184381', 'ALMER AHMAD DEVISON', 2),
('1201184383', 'FARIZ FATUROCHMAN', 2),
('1201184387', 'M AMIN MURTADHA S', 2),
('1201184396', 'ZERLIN ANGGRENI KEMBAREN', 2),
('1201184398', 'DANA AZIZAH RAHMAT', 2),
('1201184399', 'LUTHFIA SALMA GUMBIRA', 2),
('1201184401', 'LABIBAH ISNAINI CHOERONISSA', 2),
('1201184402', 'ADITA NAILATUL FADHILA', 2),
('1201184408', 'NADYA ALMIRA AMROH', 2),
('1201184409', 'DEA RIKA PUTRI PURBA', 2),
('1201184411', 'AGHNIYA RAHMADITA DAHTIAR', 2),
('1201184413', 'MUHAMMAD THARIQ ARRAZZAQ', 2),
('1201184416', 'ANISA PUTRI KURNIAWATI', 2),
('1201184417', 'RATIH SEKAR ARUM', 2),
('1201184421', 'AGAM FARREL FADHLURRAHMAN', 2),
('1201184423', 'ARVIA NISRINA EFENDI', 2),
('1201184424', 'ALVINIA SHAFIRA', 2),
('1201184426', 'THIFALYA NASYAHIRA', 2),
('1201184428', 'MUHAMAD DAFFA AMANULLAH', 2),
('1201184429', 'REZA PRATAMA', 2),
('1201184430', 'LATHIFAH NURULAINI SYAHPUTRI', 2),
('1201184432', 'ASSYIFA SHAFIRA RAMADHINI', 2),
('1201184433', 'FAKHRUL BURHAN MU`MIN', 2),
('1201184434', 'MUHAMMAD HAFIZH PUTRA ADHY PRATAMA', 2),
('1201184435', 'MARSA AL-MUSYAFFA', 2),
('1201184436', 'LUTHFI FAQIHUDDIN MULYANA', 2),
('1201184437', 'RADEN JOHAN FAHAL', 2),
('1201184440', 'GIORGY SATRIA MERDHIKA', 2),
('1201184442', 'ZAHRANISA NURAMALIA USWATUN HASANAH', 2),
('1201184446', 'DHIYO ARDHYAN HERFIRSTA', 2),
('1201184447', 'ALRIQ RAHMANSYAH FERI', 2),
('1201184471', 'NADYA AMALIA FITRI', 2),
('1201184477', 'YOHANA DEACHRIST', 2),
('1201184478', 'MUHAMMAD ARKAN WASKITA', 2),
('1202140033', 'GUSTI ANANDA RESPATI', 2),
('1202140034', 'NIKEN GALUH RAMADHANI', 2),
('1202140075', 'DIMAS ARIADI WIDODO', 2),
('1202140092', 'MUHAMMAD NAUFAL BUTAR BUTAR', 2),
('1202140144', 'AHMAD FAIZ AL FIKR', 2),
('1202140175', 'NOVEGHA YUSTIRA', 2),
('1202140184', 'BOYINGTON RONY OFSTAR PANJAITAN', 2),
('1202140189', 'FINKA AMALIA', 2),
('1202140198', 'FAJRI NUGRAHA', 2),
('1202140205', 'YASYFI ZEYD', 2),
('1202140224', 'BASKORO FADHLUR RAHMAN WISTJASONGKO', 2),
('1202140231', 'RAJA DWIKA GUSRI', 2),
('1202140235', 'M. ANGGIR AKHDAN F. HARAHAP', 2),
('1202140256', 'LARAS WIDIASTUTI', 2),
('1202140278', 'IDA MAHMUDAH', 2),
('1202141070', 'MUHAMMAD REZA IMADUDDIN', 2),
('1202142016', 'TRI YOGI LEDANI OCTOBILLY', 2),
('1202142262', 'TITA HARKIANTI AJNAZ', 2),
('1202144013', 'PRAYOGA SEPGRAENA', 2),
('1202144017', 'IGNASIUS BERNEO DWITAMA', 2),
('1202144021', 'M. FADHLAN AL HIRZI', 2),
('1202144026', 'BAHTERA ANUGRAH', 2),
('1202144028', 'FARAH FATIMAH', 2),
('1202144029', 'DIBYO SUVENDRI', 2),
('1202144046', 'RINI NUR\'AINI', 2),
('1202144051', 'REZA RIZKI RAMADHAN', 2),
('1202144052', 'FANI PUTRI UTAMI', 2),
('1202144058', 'INDRA PRAMANA MAAJID', 2),
('1202144072', 'DANU RIDWANTO', 2),
('1202144078', 'RD. LUGINA LUDIRAPRAWIRA UTAMA', 2),
('1202144084', 'HERZA PARAMAYUDHANTO', 2),
('1202144087', 'APRIDHO DARANI', 2),
('1202144104', 'RAMADHAN HADIATMA', 2),
('1202144112', 'AFAN TAUFIQURROHMAN SHOLEH', 2),
('1202144114', 'ALFIAN MULYA RACHMANDANY', 2),
('1202144117', 'MOHAMAD RIZKY ADI BINTORO', 2),
('1202144119', 'M ZAKY BANGKIT AL WAHID', 2),
('1202144120', 'DYNASTY TANSA PANAMA', 2),
('1202144152', 'MUHAMMAD FARHAN', 2),
('1202144167', 'LUTHFIANINGRUM KHRISTANTI MAHARDHIKA', 2),
('1202144187', 'MUHAMMAD RIDWAN TAWAKAL', 2),
('1202144188', 'NABILLAH PUSPITA RAHMAH', 2),
('1202144191', 'IBNU TEGUH GHIFARY', 2),
('1202144193', 'RANDI EKA SETIAWAN', 2),
('1202144195', 'SHEHBY RAHMA AFIFAH', 2),
('1202144203', 'KHOIRUN NISA', 2),
('1202144208', 'ALTHEA ARIANI PUTRI', 2),
('1202144209', 'GAGAH MERUDANDA', 2),
('1202144212', 'ABDUL RAZAQ FATHONY', 2),
('1202144217', 'DIMAS FAUZI MOCHAMMAD ZEAN', 2),
('1202144220', 'MUHAMAD IHSAN SUSANTO', 2),
('1202144226', 'ADITYA MAULANA', 2),
('1202144252', 'LINGGA PRIYADI', 2),
('1202150001', 'SYABATRA HASAID', 2),
('1202150002', 'RONALD LOIS SEPTIAN SIANTURI', 2),
('1202150004', 'MOH.AKBAR ANSHORY', 2),
('1202150005', 'ENGGAR PUTRA ARIYAN', 2),
('1202150006', 'PRIMA ADITYA SADOSO', 2),
('1202150007', 'DAMAR AURIGA DANISWARA', 2),
('1202150009', 'PANDU ARY WIJAYA', 2),
('1202150010', 'FERDINAN GINTING MANIK', 2),
('1202150011', 'SATRIA REFDI ARDIGUNA', 2),
('1202150012', 'MUHAMMAD SUBHAN AL AZMI', 2),
('1202150013', 'I GUSTI PUTU YOGA ADHI KARISMA', 2),
('1202150014', 'HARRY ANDRIAN', 2),
('1202150015', 'RESTU KUATNO', 2),
('1202150016', 'BERLIANTO PARLINGGOMAN SARAGIH', 2),
('1202150017', 'TAUFAN FADHILAH ISKANDAR', 2),
('1202150018', 'FIRZA VENANDA', 2),
('1202150019', 'RIFQI MAHFUZH', 2),
('1202150020', 'MUHAMMAD IRFAN LUTHFI', 2),
('1202150022', 'FANHARIL ARDIAN', 2),
('1202150023', 'ASRI NOVIANTO', 2),
('1202150024', 'ROBBY DWI HARTANTO', 2),
('1202150025', 'I GUSTI PUTU TRESNANATA', 2),
('1202150026', 'AKBAR ANGGIT PAMBUDI', 2),
('1202150029', 'HIKAM HAIKAL RADYA HANS ANANZA', 2),
('1202150030', 'HAFIZ AFANDI', 2),
('1202150031', 'EGA FIRMANSYAH HARAHAP', 2),
('1202150032', 'AJI NUR LAKSONO', 2),
('1202150033', 'FARREL RAMADHIKA PUTRA', 2),
('1202150034', 'ANTHONIUS ONGKO WIJOYO', 2),
('1202150035', 'FADEL FACHREZI', 2),
('1202150036', 'YOEL FEBRYAN TAMPUBOLON', 2),
('1202150037', 'AULIA RAVI', 2),
('1202150038', 'WILDAN ADITYA PERMADI', 2),
('1202150041', 'AHMAD FAKHRI RIZALDI', 2),
('1202150042', 'ANGGI PRIATNA', 2),
('1202150043', 'RAI ADI KRISNA', 2),
('1202150044', 'ELROY YEHEZKIEL S', 2),
('1202150046', 'HERDIAWAN NUR EFFENDY', 2),
('1202150049', 'MUHAMMAD ILHAM', 2),
('1202150052', 'BREGAS ARIA WICAKSANA', 2),
('1202150054', 'I MADE DWIMA GITA DIRTANA', 2),
('1202150055', 'FAIZ MUHAMMAD HERMAWAN', 2),
('1202150057', 'JAFAR HARITSAH', 2),
('1202150058', 'MUHAMAD NUR ICHSAN', 2),
('1202150059', 'MOHAMAD AFIFUDIN', 2),
('1202150060', 'HAGANTA BREMA BANGUN', 2),
('1202150061', 'I MADE DWI MARTHAYANA', 2),
('1202150062', 'SYAH ADJI MUHAMAD YUSRON', 2),
('1202150063', 'AULIA HERYANOV', 2),
('1202150064', 'M. RASYID RIDHO TOBING', 2),
('1202150065', 'RAHMANDA AFRIALDI', 2),
('1202150066', 'SAYYID PRATAMA SHIDDIQ', 2),
('1202150067', 'SARDHIKA JANAR PRASETYO', 2),
('1202150068', 'GINANJAR WIDYA PAMUNGKAS', 2),
('1202150069', 'MIFTAH ACHMAD AFWAN', 2),
('1202150070', 'IRHAM FAKHRI', 2),
('1202150071', 'ACHMAD TAUFIK RIZKI', 2),
('1202150072', 'AULIA RAMADHAN', 2),
('1202150073', 'LUTHFI RAUDHA SURI', 2),
('1202150074', 'FAIZAL SUDRAJAT', 2),
('1202150075', 'AMRI HANIF', 2),
('1202150076', 'GALUH WISNU PAMBAYUN', 2),
('1202150077', 'ARYA WIRASANDI', 2),
('1202150079', 'FILHAN DENNIS', 2),
('1202150080', 'MUHAMMAD KEVIN DEFIANTO', 2),
('1202150081', 'DESFARI ADITIAN ARIF', 2),
('1202150082', 'APRIANIL SESTI RANGGA', 2),
('1202150083', 'FADHLURRAHMAN AFIF', 2),
('1202150084', 'MUHAMAD IKHSAN LAISA', 2),
('1202150085', 'FAJAR BAGASKARA DWISATRIO', 2),
('1202150086', 'FIKRI ALFITRA RAHADI', 2),
('1202150087', 'MUHAMMAD ARI RAMDHANY', 2),
('1202150088', 'RIFYANDARU WIBISONO', 2),
('1202150089', 'REGIN RIDHOPUTERA', 2),
('1202150091', 'JIMLY ASSHIDDIQY', 2),
('1202150092', 'IRFAN HAMDANI', 2),
('1202150093', 'ARDI TRI YUNANSYAH', 2),
('1202150094', 'MUHAMMAD FARHAN DANY', 2),
('1202150095', 'FARHAN FAIZ AKBAR', 2),
('1202150096', 'SATRIO HANDITYO', 2),
('1202150097', 'YUDANTO ANAS NUGROHO', 2),
('1202150098', 'FARHAN PUTRA RIANTONO', 2),
('1202150099', 'MOHAMMAD ZAKKY FAUZAN', 2),
('1202150100', 'EPIFANIO JUANG VICTORIUS', 2),
('1202150101', 'HISYAM AILATAT', 2),
('1202150103', 'ADHITYA', 2),
('1202150104', 'ALDI ROSTIAWAN', 2),
('1202150107', 'GHUNIYU FATTAH ROZAQ', 2),
('1202150108', 'JIMMY', 2),
('1202150109', 'RENNO RIFALDO PALAPESSY', 2),
('1202150110', 'WILDAN FAUDZAN MAULANA HARYONO', 2),
('1202150111', 'AHMAD BAHRI AL-ANWAR', 2),
('1202150112', 'ANANDIKA NUR IMAN', 2),
('1202150236', 'NI MADE PRADNYA DIANITA WIDYANTARI', 2),
('1202150237', 'GITA DESTRIANTI', 2),
('1202150238', 'PAULIN YOHANESTA FERNANDA TUKAN', 2),
('1202150239', 'NADYA YULI PRATAMA', 2),
('1202150240', 'BERLIANA FEBRIANTI PUTRI HERMAWAN', 2),
('1202150242', 'NUR FITRIYANI', 2),
('1202150243', 'VENY AMILIA FITRI', 2),
('1202150244', 'RATIH AULIA NINDYASTITI', 2),
('1202150245', 'ADILA CHUSNUL FATIYAH', 2),
('1202150246', 'ZAHRA MAIDA FATHI', 2),
('1202150247', 'VENESSA VISINTRY', 2),
('1202150248', 'AMALIA INTAN SAFURA', 2),
('1202150249', 'SYARAH NUR LATIFAH', 2),
('1202150250', 'HANA NUR FAUZIAH', 2),
('1202150251', 'IRA SYAFIRAH FAUZIAH', 2),
('1202150252', 'ATHAYA PUTRI SLAVIA', 2),
('1202150253', 'NABILA AMALIA KHAIRANI', 2),
('1202150254', 'DHEA KHAIRANI ZAHRA', 2),
('1202150255', 'RARAS YUSVININDYA', 2),
('1202150256', 'NYOMAN DIAH KUMARA DEWI', 2),
('1202150257', 'ARETHA FATHARANI', 2),
('1202150258', 'DWI RATNA SARI', 2),
('1202150259', 'TIARA SABRINA', 2),
('1202150260', 'DAHLIA RAITANA', 2),
('1202150261', 'ANGELA MALAU', 2),
('1202150263', 'MARISA ARIESTI', 2),
('1202150264', 'FITRIANI', 2),
('1202150265', 'DEWI ZSAQIA', 2),
('1202150266', 'SUCI WULANDA AGUSTI', 2),
('1202150267', 'DINA NOVALIA PUSPITA', 2),
('1202150268', 'SRI WULANDARI', 2),
('1202150270', 'ANNISA RIFQI MU`AFAH', 2),
('1202150271', 'RAHMANIA ARINA ALKHA SAPUTRI', 2),
('1202150272', 'GABRIELLA APRILIANA', 2),
('1202150273', 'LOLLY ASRI WIDYASTRI', 2),
('1202150274', 'FIRDA NURUL A', 2),
('1202150275', 'TSARA SYAFIERA', 2),
('1202150276', 'APRILIANTI PUTRI', 2),
('1202150277', 'KARINA FEBRIYANA', 2),
('1202150278', 'EDITHA DEWI PURNAMA SARI', 2),
('1202150279', 'SHAHNIZ KAULIKA FIRDAUS', 2),
('1202150280', 'IDA AYU GEDE ANILA SUKMA MURTI', 2),
('1202150282', 'KHALIDA ZIA AMRINA', 2),
('1202150283', 'REGINA YUSTICIA FIRDAUS', 2),
('1202150284', 'FINA SRI PUTRI', 2),
('1202150285', 'KHAIREN NIZA MEFID', 2),
('1202150286', 'RINDU YUNA PUTRI', 2),
('1202150287', 'MIA DWI AULIA', 2),
('1202150288', 'ANNISA AYU WAHDINI FATIMAH', 2),
('1202150289', 'INA INDAH HAPSARI', 2),
('1202150366', 'MUHAMMAD NAUFAL CAHYO BASKORO', 2),
('1202150372', 'FADHLI AULIA SYALFINAF', 2),
('1202150373', 'SRI RAHAYU', 2),
('1202150379', 'RIZKI ANANDA', 2),
('1202151228', 'WIRADHIKA DWI PUTRA', 2),
('1202151230', 'HARRI MARGONO', 2),
('1202151231', 'BAGAS SAADILAH', 2),
('1202151232', 'AFRIZAL RIZKY PUTRA PAMUNGKAS', 2),
('1202151233', 'RANGGA AYESHA', 2),
('1202151234', 'HALIM AFIF HUSFI', 2),
('1202151364', 'SITI AULIA NOOR', 2),
('1202151365', 'SITI RAFTIANA PUTRI', 2),
('1202152157', 'EKKY RIZKI PRATAMA', 2),
('1202152158', 'ARFIA ARI PRABOWO', 2),
('1202152159', 'FARHAN RIZKY FIRDAUS', 2),
('1202152160', 'MUHAMMAD FERDI KURNIAWAN', 2),
('1202152161', 'FAUZAN EKAPUTRA', 2),
('1202152162', 'MUHAMMAD RINADHI PUTRA', 2),
('1202152163', 'TEUKU MUHAMMAD RAZA IQBAL', 2),
('1202152164', 'INDRA AJIPUTRA', 2),
('1202152165', 'RIZALDI SUJUD HAQIKI', 2),
('1202152166', 'DIMAS DWI CAHYA', 2),
('1202152167', 'THORIQ AHMAD EPLIN', 2),
('1202152168', 'MUHAMMAD DENNES FERDYANSYAH PRAWIRANEGARA', 2),
('1202152169', 'MUHAMAD ABDURRAHMAN RIFAI', 2),
('1202152171', 'CATUR SENA NUGRAHA', 2),
('1202152172', 'YOGA ADITAMA DIPAWIKARTA', 2),
('1202152173', 'HANS GRACIA ANDERSON SIHOMBING', 2),
('1202152174', 'MUHAMAD ILHAM FAUZI', 2),
('1202152175', 'HIMAWAN ALIM', 2),
('1202152176', 'RIFQY IRSYAD PUTRA', 2),
('1202152178', 'AHMAD TAUFIQ HIDAYAT', 2),
('1202152179', 'AGUNG BUDI PRASETYO', 2),
('1202152180', 'ARARIKO REZEKI PASA', 2),
('1202152181', 'NICO ALMANSYA ELLSADAAI', 2),
('1202152322', 'FARAH URFANI NUGRAHA', 2),
('1202152323', 'BINAR BINARI AHYA', 2),
('1202152324', 'LEVIE SYAFIRALIANY', 2),
('1202152325', 'HELEN OKTAVIA SIAHAAN', 2),
('1202152326', 'RADEN CYNTHYA JANNATUNNISA JULYANTI', 2),
('1202152327', 'SYANAZ TASIA', 2),
('1202152328', 'OCTA KARLINA', 2),
('1202152329', 'IVANA TYORA OKTAVIAN', 2),
('1202152330', 'LABBAIKA PUTRI TIOVANI', 2),
('1202152331', 'LARAS AYU SAFITRI', 2),
('1202152332', 'ALIKA WULANSARI', 2),
('1202152333', 'WIDI SETIA CAHYANI', 2),
('1202152334', 'ANNISA ANINDITYA', 2),
('1202152335', 'ELVIERA MAHAYATI HARIS', 2),
('1202153367', 'DICKY ADITAMA', 2),
('1202153368', 'TOMMY SYAMRANATA', 2),
('1202153371', 'AZKYA TELISHA HARTONO', 2),
('1202153381', 'DELIA FARIZKI PUTRI', 2),
('1202154116', 'PRIMA POSMA RYAN', 2),
('1202154117', 'AUFA TESAR RAMADHAN', 2),
('1202154118', 'MOCHAMAD RISKI', 2),
('1202154119', 'YOSAFAT DHIMAS KURNIA ADI', 2),
('1202154120', 'JULIAN DWI NUGRAHA', 2),
('1202154121', 'SANNY PUTRA HENDARSYAH', 2),
('1202154122', 'ALDY LORENZO SUTAN', 2),
('1202154123', 'FIQIH MUHAMMAD HAEKAL ROSYADI', 2),
('1202154124', 'MUHAMMAD TSANY MALIK ATHA NUR', 2),
('1202154125', 'MOCHAMMAD QOYUM AL KAHFI', 2),
('1202154126', 'ALIF NOORACHMAD MUTTAQIN', 2),
('1202154127', 'BAYU ARIANTIKA IRSAN', 2),
('1202154129', 'MOHAMMAD REZA EFFENDY', 2),
('1202154130', 'MOCHAMMAD RIZA NAUFAL', 2),
('1202154131', 'IQBAL ADITYA SALAM', 2),
('1202154132', 'PRADIKA ADHEA GEVANI LAKSANA', 2),
('1202154133', 'M. YUZAR HASPANI', 2),
('1202154134', 'ADI PURNOMO SIDIK', 2),
('1202154135', 'MUHAMMAD YUEDHITIA', 2),
('1202154136', 'ZULFIKAR ANSHARI OKTAFINAWAN', 2),
('1202154138', 'MOHAMAD IKHSAN ZULFADLY', 2),
('1202154139', 'ADITYA EKA SAPUTRA', 2),
('1202154140', 'FIKRI ADITYA MOESTAFA', 2),
('1202154141', 'NAUFAL ABIDIN', 2),
('1202154142', 'PRADIPTA RAMADHAN', 2),
('1202154143', 'CHANDRATYA NAFIANTO', 2),
('1202154144', 'HELMI KHAIRULLAH SETIANA', 2),
('1202154145', 'ANANTYA KHRISNA SETA', 2),
('1202154146', 'ARKAN TARA MUHAMMAD', 2),
('1202154147', 'MUHAMAD AFIF ABDURRAHIM', 2),
('1202154148', 'KHAERUL UMAM', 2),
('1202154149', 'MUHAMMAD FARIZ NAUFAL', 2),
('1202154150', 'AJI RAHMAT MUHAJIR', 2),
('1202154151', 'PRIMADI ANINDITO', 2),
('1202154152', 'LEONARDO', 2),
('1202154153', 'SAHRUL EVENDI', 2),
('1202154154', 'FAHMI ANANDA PRADANA', 2),
('1202154155', 'ABEL JUNANDO', 2),
('1202154156', 'NURCAHYADI PERDANA', 2),
('1202154182', 'MIFTAH FAJAR ASY`ARI', 2),
('1202154183', 'ZAILANI SINABARIBA', 2),
('1202154184', 'ACHMAD IRJIK UBAY', 2),
('1202154185', 'RIZKY ALAMSYAH', 2),
('1202154186', 'VIAN RASYID DIYATMA', 2),
('1202154188', 'RYAN FAIZAL ANDRIYANTO', 2),
('1202154189', 'BRIAN ARGYA RESPATI', 2),
('1202154191', 'RANDY HIDAYAT', 2),
('1202154192', 'ADIB FAKHRI MUHTADI', 2),
('1202154193', 'ILHAM AKBAR FITRIANSAH', 2),
('1202154194', 'SANDY SETIAWAN', 2),
('1202154195', 'MUHAMMAD IKHSAN', 2),
('1202154196', 'M.ZAHID SYAFNEL', 2),
('1202154197', 'HARIS YUNANTO', 2),
('1202154198', 'AGITA OKTAVIAN BANGUN', 2),
('1202154199', 'JAYSYURAHMAN', 2),
('1202154200', 'M.ALFIAN AZHARI', 2),
('1202154201', 'MUHAMMAD YUSUF M', 2),
('1202154203', 'YUDHA BHAKTI ISLAMI', 2),
('1202154204', 'M GILANG BAGASKARA', 2),
('1202154205', 'MUHAMMAD ARIF WICAKSONO', 2),
('1202154208', 'ACHMAD FARHAN F', 2),
('1202154209', 'MUHAMMAD BREDA TAFTAYANI', 2),
('1202154210', 'DIMAS KOMARA RAMADHANI RIYANTO', 2),
('1202154211', 'PANGESTU TITAN MAHAYASA', 2),
('1202154212', 'MUHAMMAD RIDWAN AAM', 2),
('1202154213', 'HAKIM RIZKI PRATAMA', 2),
('1202154214', 'CHAIRIANDI PUTRA YUDA', 2),
('1202154215', 'KAHFI AHADIAN MUTAQIN', 2),
('1202154216', 'MAULANA HABIBIE', 2),
('1202154217', 'AFIF RAMADHAN', 2),
('1202154218', 'POLTAK HASUDUNGAN PURBA', 2),
('1202154219', 'ACHMAD MUHAIMIN AZIZ', 2),
('1202154220', 'REZKY AULIA EFENDY', 2),
('1202154221', 'PRADIPTA PRIYA ADYATMIKA', 2),
('1202154222', 'MUH. RIDWAN', 2),
('1202154223', 'WASKITO', 2),
('1202154224', 'MUHAMMAD SATRIA WIBAWA', 2),
('1202154225', 'RIZKI NUZULI', 2),
('1202154227', 'RANGGA ARDIANSYAH', 2),
('1202154290', 'AYU SARASWATI OKTAVIANI', 2),
('1202154291', 'DEVITA AYU WULANDARI', 2),
('1202154292', 'EXA PARMITA PUTRI', 2),
('1202154293', 'PUTRI PUSPITA PURWIRANDA', 2),
('1202154294', 'MUGIDYA MAFARIENTH ILMI', 2),
('1202154295', 'NOVI RIYANTI PUSPASARI', 2),
('1202154296', 'NADIA ARDHIANIE', 2),
('1202154297', 'NIKEN FEBRIANI KUSUMAWATI', 2),
('1202154298', 'RANTI DWITA PUTRI', 2),
('1202154299', 'ISTY RACHMI WARDHANI', 2),
('1202154300', 'RIZKY CHERTHIO ANNISYAH', 2),
('1202154301', 'AMALIA YOVADIANI', 2),
('1202154302', 'PRESI NILLA ALFRISTA', 2),
('1202154303', 'AYU PRIYAMBODO', 2),
('1202154304', 'DEVALIA MESHA', 2),
('1202154305', 'RIZKA NURSYAHDILLA PUSPITASARI', 2),
('1202154306', 'EGA SILVANA ALMUNADIA', 2),
('1202154307', 'TASYA FAUZIA', 2),
('1202154308', 'ERNADILA SUKMADINATA', 2),
('1202154309', 'DZATIN HIMMATI ALIYA', 2),
('1202154310', 'GHINA TRESNA SORAYA', 2),
('1202154311', 'SHINTHYA YODA PUTRI', 2),
('1202154312', 'KHALISA VIRRA', 2),
('1202154313', 'GUSTARINA NURFADILAH', 2),
('1202154314', 'PRATIWI IKA KARTIKANINGRUM', 2),
('1202154315', 'SAFIRA AINI', 2),
('1202154316', 'DAYANE KAMILA HAFIFAH', 2),
('1202154317', 'MUTIARA RIZKA NASUTION', 2),
('1202154318', 'DINAR AMANI LAKISTA RITONGA', 2),
('1202154320', 'ONE TIKA SURYATI', 2),
('1202154321', 'TRI HANDAYANI', 2),
('1202154337', 'ANAWAHIDAH RIZKY MANURUNG', 2),
('1202154338', 'HIR NANDA PUTRI', 2),
('1202154339', 'RIZKI ANIK TIA SUKOCO', 2),
('1202154340', 'T.MAISHA SHAHRANI', 2),
('1202154341', 'RAHMADINA ARIFAZHARI', 2),
('1202154342', 'ALIF MIFTAHUL JANNAH', 2),
('1202154343', 'LEIDY KURNIA HATIKA', 2),
('1202154345', 'SILVIA FIRDAUS', 2),
('1202154346', 'HYLDA RIZQA AUGINA', 2),
('1202154347', 'IRMAYANTI SYAM', 2),
('1202154348', 'DHUWI AMBAR WATI', 2),
('1202154349', 'LINDA NUR ANISA AMALIA', 2),
('1202154350', 'KHANIA PUTRI KUSUMA DEWI', 2),
('1202154351', 'INTAN GANTIRA MIRA', 2),
('1202154352', 'RAESA TANYA MAQFIRAH', 2),
('1202154353', 'ASTRID SHOFI DZIHNI RIESTA', 2),
('1202154354', 'NYIMAS MARISSA GITA FITRI', 2),
('1202154355', 'I DEWA AYU LALITA MARMIKA', 2),
('1202154356', 'ALIYYA NUR RAMDHANIA', 2),
('1202154357', 'QORY UMMU HANIFAH', 2),
('1202154358', 'RERY SURYANI', 2),
('1202154359', 'LENNI PATIMA HARAHAP', 2),
('1202154360', 'IKE WAHYUNING WULANDARI', 2),
('1202154361', 'DEWI PURNAMA SARI', 2),
('1202154362', 'ANGGIT NUR FITRIA', 2),
('1202154363', 'PIPIT LIANDANI', 2),
('1202154377', 'AKBAR ADRIANSYAH', 2),
('1202154378', 'FIRDAUS ADI NUGROHO', 2),
('1202154380', 'DICKY YUDHA HANDIKA', 2),
('1202160002', 'AULIA NURI IKHSANATI', 2),
('1202160009', 'RAFLY ZULFI ROBBIANSYAH', 2),
('1202160011', 'OKSYA AFIFAH', 2),
('1202160013', 'CAHYANTO AJI NUGROHO', 2),
('1202160015', 'AWANDA PUTRI PERDANA', 2),
('1202160019', 'FADLIL MUHAMMAD', 2),
('1202160023', 'GUSTI AYU FRISCA FRIDAYANTHI', 2),
('1202160024', 'AGUNG PRABOWO', 2),
('1202160028', 'AZKY AKMAL', 2),
('1202160030', 'MOHAMMAD RAGA BAWAZIER', 2),
('1202160034', 'HANIF RAMADHAN ABDILLAH', 2),
('1202160041', 'KARINA FARIZKI SALMAWATI', 2),
('1202160043', 'IRENE IRAWATY S', 2);
INSERT INTO `student` (`nim`, `student_name`, `student_status`) VALUES
('1202160044', 'M. ASRI FADLURRAHMAN', 2),
('1202160045', 'NURIN TASYRIFA', 2),
('1202160046', 'AHMAD AL BANNA', 2),
('1202160047', 'YUSRIL IQBAL', 2),
('1202160048', 'KENDRY AYU LAKSANA', 2),
('1202160050', 'RIZKA FADHILAH', 2),
('1202160051', 'STEFI MUTIA SARI', 2),
('1202160052', 'THIO FAUZI', 2),
('1202160054', 'NI MADE PUSPITA NOBIANI SAVITAR', 2),
('1202160055', 'REZA NUGROHO', 2),
('1202160057', 'AGISTI DEA SAVANA', 2),
('1202160059', 'YOGA SAKTI PRATAMA', 2),
('1202160061', 'NUNE ELGA PURNAMA AJI', 2),
('1202160062', 'REVA SETIA LESMANA', 2),
('1202160063', 'ZALINA FATIMA AZZAHRA', 2),
('1202160066', 'ADITYO SATRIO BAGASKORO', 2),
('1202160067', 'OZI WIRAJATI', 2),
('1202160070', 'NADA TRY PASHA JULIAN', 2),
('1202160074', 'MUHAMMAD RAFIDAN', 2),
('1202160080', 'WAHYU AFRIZAL', 2),
('1202160082', 'RINALDY JABAR SETIA', 2),
('1202160083', 'FRITASYA DWIPUTRI SURYOPUTRO', 2),
('1202160084', 'ALBERT AGUNG WEASURYA', 2),
('1202160086', 'MONICA AREZA PUTRI', 2),
('1202160088', 'BASRIYAL', 2),
('1202160089', 'ADILLA AMALIA AFRI', 2),
('1202160093', 'ANGGUN MARIZA', 2),
('1202160095', 'ZALNA SALSABILA', 2),
('1202160096', 'GHINA NADIAH', 2),
('1202160098', 'APRILIA ARI WIDYASTUTI', 2),
('1202160101', 'FAWQA NURRA RIZQIA', 2),
('1202160103', 'VINDHA NOVRIANI TANJUNG', 2),
('1202160105', 'DEN YUSUF RAMDHANI', 2),
('1202160107', 'HAFIDZ RIZKY RAMADHITYA', 2),
('1202160110', 'ARVA ABHYOSO HAMENGKUBUDI', 2),
('1202160111', 'SUZANNA RIZKA HANDAYANINGTYAS', 2),
('1202160112', 'ERVINA SISKAWANI SIPAYUNG', 2),
('1202160117', 'HAFIDA NOOR AZIZAH', 2),
('1202160118', 'ALYA YUSHANITA DELLA', 2),
('1202160120', 'DHIYA FATHIA', 2),
('1202160121', 'RENEITA RAHMA CHAIDIR', 2),
('1202160124', 'DARA SHAVIRA', 2),
('1202160126', 'KESYA ASIH ZARINISA', 2),
('1202160127', 'ARRASYID KAMIL', 2),
('1202160130', 'ANISYA ANGGITA FEBRYANTI', 2),
('1202160132', 'JELITA PUTRI DEVIARINDA', 2),
('1202160133', 'EGI CHAYATUNNUFUS', 2),
('1202160134', 'MUHAMMAD ROBI MUNAWIR', 2),
('1202160135', 'HILDA AINI SYIFA', 2),
('1202160138', 'SEVIRA HENDARI PRATIWI', 2),
('1202160141', 'QATRUN NADA', 2),
('1202160145', 'LIEM AGUNG RISKY SANJAYA PUTRA', 2),
('1202160148', 'NADIRA ALIFIA RAHMAN', 2),
('1202160151', 'RAZAN LANTANG RAHARDJO', 2),
('1202160153', 'MUHAMMAD ALDI NUGRAHA', 2),
('1202160154', 'DANTI PUJI YUHERISNA', 2),
('1202160155', 'AULIA IRSYAD FAHMY', 2),
('1202160160', 'ROWITA ELIESLINA GIRSANG', 2),
('1202160167', 'FAKHRI RAMADHAN', 2),
('1202160169', 'MOHAMMAD FAHRUL DATU', 2),
('1202160171', 'AZOLLA DHIGO PRASETYA', 2),
('1202160173', 'WIN DANY NOVAN', 2),
('1202160178', 'DODI YUSUP HARAHAP', 2),
('1202160179', 'DENNIS NIGEL CUNONG', 2),
('1202160180', 'RAHMAT DANI SETIAWAN', 2),
('1202160182', 'RAFA MAULANA FADLILA', 2),
('1202160183', 'IZZ ABDUR RAHMAN', 2),
('1202160184', 'ALIF NUGROHO', 2),
('1202160185', 'SANG PUTU SANTIKA WIRANATHA', 2),
('1202160186', 'ABDURRAHMAN YASKUR', 2),
('1202160190', 'DIMAS ABDUL ROHIM', 2),
('1202160192', 'NURMANSYAH RADITYA MUSLIM', 2),
('1202160195', 'MARINTA FANI BR TARIGAN', 2),
('1202160196', 'FAJAR SIDIQ TAZKIYYAH', 2),
('1202160197', 'MICHAEL ADDRYAN LIWE', 2),
('1202160200', 'EKKI RIZKI RAMADHAN', 2),
('1202160202', 'FADEL ACHMED GANESHA', 2),
('1202160205', 'MADE ADIDHARMA TORUTAMA', 2),
('1202160206', 'MUHAMMAD TRISNA FIRMANSYAH', 2),
('1202160210', 'IRWAN ADITAMA', 2),
('1202160212', 'CHANDRA WARDANA', 2),
('1202160214', 'ACHMAD INDRA FAUZAN', 2),
('1202160215', 'FADHILAH DIAN UTAMI', 2),
('1202160216', 'ROBBY DIDI PRAWIRA', 2),
('1202160222', 'RIDOH GUSTI MARHO', 2),
('1202160227', 'SYAHRIL J GUGERE', 2),
('1202160229', 'CHANDRA ADHITYA', 2),
('1202160232', 'HARDITYO NUR KUNCORO', 2),
('1202160234', 'VRESELIANA AYUNINGTYAS', 2),
('1202160236', 'FAHRI HAMZALAH', 2),
('1202160237', 'SAFIRA DWI SOFIANA', 2),
('1202160240', 'ISMU HANIAN', 2),
('1202160248', 'BAYU HERDIAN', 2),
('1202160251', 'MUHAMMAD IQBAL GHAUZHI FEBRIANTO', 2),
('1202160253', 'RETNA TAQIYYAH ADIBA', 2),
('1202160255', 'HARRY WAHYU RAMADHAN', 2),
('1202160256', 'HARYASENA PANDUWIYASA', 2),
('1202160257', 'LUTHFI FERNANDA ASNEL', 2),
('1202160258', 'VIDIYA KRESNAWATI', 2),
('1202160262', 'FEBRIAN RIZKY', 2),
('1202160264', 'AUDI AULIA F', 2),
('1202160265', 'DIMAS MAULANA FASYA', 2),
('1202160266', 'REVO RAMA DEWANGGA', 2),
('1202160267', 'RIZQIE MAULIDAN FIRDAUS', 2),
('1202160268', 'KHOIROTUN NISA`', 2),
('1202160269', 'ARIEF RYAN RISBAYA', 2),
('1202160277', 'FIRDHA UTAMI', 2),
('1202160278', 'DAFFA NAUFAL MAULUDDANI', 2),
('1202160281', 'RIANDI PRATAMA', 2),
('1202160282', 'IHWANUL IKHSAN', 2),
('1202160283', 'ACHMAD GABRIEL GLOWDY', 2),
('1202160288', 'ALIF SHOFA DANUTIRTA', 2),
('1202160292', 'FITRIANAWATI TRI PALUPI', 2),
('1202160293', 'SILVIA ANGELINA LINGGA', 2),
('1202160294', 'IAN DZILLAN MALIK', 2),
('1202160295', 'NOVRIANDA MARZA', 2),
('1202160297', 'NANDA AULIA RIFKI', 2),
('1202160299', 'SYIHAN QAES YAMANI', 2),
('1202160300', 'BRANDON', 2),
('1202160303', 'DICKSON PERDANAKUSUMA', 2),
('1202160308', 'FARHAN PRASETIA', 2),
('1202160313', 'SANDI PUTRA PRATAMA', 2),
('1202160316', 'ABEL NATHALIA WIDYASTORO', 2),
('1202160320', 'MUHAMMAD NAZRI', 2),
('1202160321', 'MUHAMMAD FARHAN ZUHDY', 2),
('1202160322', 'MOHAMAD FADEL AL-FARIZI', 2),
('1202160324', 'NAVY HARUMI NING ERTO', 2),
('1202160325', 'HANIF YOGA A', 2),
('1202160326', 'MUHAMMAD AZZAM IMADUDDIN', 2),
('1202160327', 'NABILA CHAIRUNNISA', 2),
('1202160330', 'MUHAMMAD RIZKI SEPTIAWAN', 2),
('1202160332', 'MAR`IE CHASARA MEIZIR', 2),
('1202160333', 'SASKIA NABILA PUTRI', 2),
('1202160338', 'BRILIANT MARISTA ZAKKA BILLY', 2),
('1202160339', 'YUSUF BAHTIAR', 2),
('1202160340', 'SHALAHUDIN FADILAH BHAKTI', 2),
('1202160341', 'MAHSYA FAJRIANI', 2),
('1202160342', 'M.FAISAL ADIMARANGGA', 2),
('1202160347', 'HASAN ADIB ALATAS', 2),
('1202160353', 'M LUTHFI RIDHWAN', 2),
('1202160355', 'SHIDRATUL KHODRI', 2),
('1202160358', 'RICKY YUDISI DWIARANDA', 2),
('1202160360', 'REVO FARIS SAIFUDDIN', 2),
('1202160362', 'RADEN ICHSAN ACHMAD FALACH', 2),
('1202160365', 'PANGERAN YUDHISTIRA MUHAMAD', 2),
('1202160370', 'ALFI SYAHRI CAN', 2),
('1202160372', 'MOHAMMAD AUFAR', 2),
('1202160375', 'TIANSYAH MUHAMMAD SALMAN KHAIRRIZAL', 2),
('1202160380', 'LEONARDO TAUFAN SONTANI', 2),
('1202160381', 'YOHANES ALFANDI', 2),
('1202160382', 'RIZKY PRATAMA', 2),
('1202160383', 'GRASE OKTAVIA HUTASOIT', 2),
('1202160385', 'HUMAIRAH', 2),
('1202160396', 'MUHAMMAD TUBAGUS ALIMUDIN', 2),
('1202160398', 'TEGAR KURNIA FAJAR', 2),
('1202160400', 'MOCHAMMAD DAFFA JOVIAN', 2),
('1202161228', 'MUHAMMAD ROZZAQ YUSALIANO', 2),
('1202162004', 'FAUZAN KHAIRY PULUNGAN', 2),
('1202162006', 'BAL-YA HARIS AL-FAJRI', 2),
('1202162042', 'ANISA AGUSTINA', 2),
('1202162097', 'ILHAM FANNANI', 2),
('1202162137', 'RANGGA PATRA PRATIKTIO', 2),
('1202162144', 'AJENG RAKHMAWATI', 2),
('1202162175', 'FERRYANSA', 2),
('1202162252', 'ICHWAN HABIBIE', 2),
('1202162274', 'REVANDIKA PRATAMA SIAHAAN', 2),
('1202162310', 'ZENITHO MADYAGANTANG HAKIKI', 2),
('1202162319', 'ADILLA PUNKY MEYDA SUHANDA', 2),
('1202162336', 'GREENHARD SITORUS', 2),
('1202162337', 'TUBAGUS RAHMAN RAMADAN', 2),
('1202162343', 'DENDY ARMANDIAZ AZIZ', 2),
('1202162356', 'ZAYED IFFAT MAHDI', 2),
('1202162369', 'HENDRIKE ALQARNI', 2),
('1202162376', 'NIGA SATRIO KUMARA', 2),
('1202162378', 'KEVIN REYNALDI', 2),
('1202162384', 'ROGER ALEXSANDER SIBURIAN', 2),
('1202162386', 'ASTRID NATANIA MENTANG', 2),
('1202162389', 'PRILIDINTA MEIDIANTI', 2),
('1202163018', 'RAHKMAH NABILA', 2),
('1202163060', 'NURSANIA ARISTAWIDYA', 2),
('1202163099', 'FARHAN YUZARLI', 2),
('1202163104', 'FIANA FAZRIANI', 2),
('1202163115', 'SALMAN NUZULI', 2),
('1202163119', 'NUKI PRATAMA', 2),
('1202163163', 'TRY ASPUTRI PANE', 2),
('1202163170', 'ANINDYA TYAS WULANDARI', 2),
('1202163239', 'LIFIANNISA MAUDY NURDIANA', 2),
('1202163246', 'SULTAN ARIF MARUF', 2),
('1202163259', 'M FAJRI KHAIRI', 2),
('1202163291', 'MUHAMAD ANFASA AKBAR', 2),
('1202163296', 'MUHAMMAD RIZKI ADI MULYADI', 2),
('1202164001', 'AMELLIA BRILIANT OKTAVIA', 2),
('1202164003', 'MUHAMMAD FUAD ZULFIKAR', 2),
('1202164005', 'DICKY DWI KURNIAWAN PUTRA', 2),
('1202164007', 'RAIHANAH ISMAH RAMADHANI', 2),
('1202164012', 'SYASYA SAHIRA', 2),
('1202164014', 'RIMADHINA CHOIRU NISA', 2),
('1202164016', 'RAHADHITYA SAMUDRA ANURAGA', 2),
('1202164017', 'AGUNG RIANSYAH', 2),
('1202164021', 'NI MADE GITA PARAMITHA', 2),
('1202164025', 'NAUFALDI YUSUF HENDRIAWAN', 2),
('1202164027', 'MUHAMMAD FARHAN ADITYA', 2),
('1202164029', 'FATHAN ALI MUHAMMAD', 2),
('1202164031', 'POLTAK ANDREAS MARBUN', 2),
('1202164032', 'FAATHIR MUHAMMAD', 2),
('1202164033', 'MAS TAUFIQ DIRGA PRASTICARYA', 2),
('1202164035', 'NOVRISA DIAS PURANTIA', 2),
('1202164037', 'NABILA TENZELLYANI', 2),
('1202164038', 'ROSALIA ENDRI SINTIA', 2),
('1202164039', 'ANNISA RAHMA MELYANTA', 2),
('1202164040', 'MEIDIANI JUWITA RACHMAWATI', 2),
('1202164056', 'NAURA GHASSANI MUTI', 2),
('1202164058', 'ALIF JAFAR FATKHURROHMAN', 2),
('1202164064', 'AULIA SHAFA NAFISAH', 2),
('1202164065', 'MELLIA ARYA AMINNANDA', 2),
('1202164068', 'RIZKA REFINA JOSHA INTAN', 2),
('1202164069', 'BELLANOFI BUDIYAWATI', 2),
('1202164071', 'CYNTIA ROSSI SANTIKA IMSYAWAN PUTRI', 2),
('1202164072', 'AYU FITRIANI', 2),
('1202164073', 'DESTY HARISDAYANTI', 2),
('1202164077', 'EPTA RIZKY ALFIYYAH', 2),
('1202164078', 'MUHAMMAD ALBAIHAQY', 2),
('1202164079', 'FAHREZA MUHAMMAD GHIFFARI', 2),
('1202164081', 'ADIFA NURUL RAMADHANTI', 2),
('1202164085', 'RIFQI ROSIDIN', 2),
('1202164087', 'ATHO` NOVIAN AWLARIJAL', 2),
('1202164090', 'GANAR NUGRAHA MAHENDRASTA', 2),
('1202164091', 'KRESNAUFAL NUR FADHILLAH', 2),
('1202164092', 'AULIA FAKHRI', 2),
('1202164094', 'MIKOLA ANANDA', 2),
('1202164102', 'DODY ALPIANSYAH', 2),
('1202164106', 'INDAH NUR FITRI ASTUTI', 2),
('1202164109', 'ALYA LATHIFA DINAR', 2),
('1202164113', 'TANNI MAISARI', 2),
('1202164114', 'VERA ADELIA', 2),
('1202164116', 'SHELLA PUTRI WIDYATAMA', 2),
('1202164121', 'ANNISA DWIAYU RAMADHANTY', 2),
('1202164122', 'KURNIA DWI WIRANTI RAHAYU', 2),
('1202164123', 'LYVIA WINIYANTI L', 2),
('1202164125', 'NESYA IRIANIS', 2),
('1202164128', 'MARTZAEL SULTAN ABDULLAH', 2),
('1202164129', 'SESILLIA FAJAR KRISTYANTI', 2),
('1202164131', 'WAFIQA PRIMASURI', 2),
('1202164136', 'ISYE S ADHIWINAYA', 2),
('1202164139', 'RYSKI MARDINA KRISTI MONITA', 2),
('1202164140', 'DWI CAHYA SETYAWAN', 2),
('1202164142', 'RATIH DWI LESTARI', 2),
('1202164143', 'DEBBY RIANI LISDA AYU PUTRI', 2),
('1202164146', 'RIZKY RAHMAT HAKIKI', 2),
('1202164147', 'IRMA NINA FAUZIAH RITONGA', 2),
('1202164149', 'INNES AULI SUKMA', 2),
('1202164150', 'HAIDAR ALVINANDA SULISTYO', 2),
('1202164152', 'KAZAN ALFAN IHSAN', 2),
('1202164156', 'IMMANUELA CHRISTIANTARI PERDANA', 2),
('1202164157', 'DEFNY YUTAMA ALFINDA LEWENUSSA', 2),
('1202164158', 'CAHYO AJI TRIANDHIKA', 2),
('1202164159', 'MUHAMMAD AZWAR ERIZAL', 2),
('1202164161', 'ANDINA SALAMAH', 2),
('1202164162', 'NOVIAH PUTRI HAERUNYSAH', 2),
('1202164165', 'ATHAYA FATAHA TALIKA', 2),
('1202164166', 'I PUTU YOGI NUGRAHA', 2),
('1202164168', 'MUHAMMAD ATHALLARIQ RABBANI', 2),
('1202164172', 'FADHILAH AMANI ALAM AULIA', 2),
('1202164174', 'SAJIDAH RACHMAWATI', 2),
('1202164176', 'NADIYA MARDIYANTI', 2),
('1202164177', 'WIDYA AYU AGUSTANIA', 2),
('1202164181', 'SATRIA DWI WIDIYANTO', 2),
('1202164187', 'GHALIB MAHENDRA', 2),
('1202164188', 'KARINA TARIGAN', 2),
('1202164189', 'NUR LATIFAH PRIHARTINI', 2),
('1202164193', 'HENNRY SYAHREZA ARIFIN', 2),
('1202164194', 'DEWANGGA PUTRA YUDHISTIRA', 2),
('1202164201', 'MAULANA MUHAMMAD FATHONI', 2),
('1202164203', 'AYUVIRA KUSUMA MULADI', 2),
('1202164204', 'MOHAMAD AZKA JULDA SUPARMAN', 2),
('1202164207', 'MUHAMMAD ARIQ NAUFAL', 2),
('1202164208', 'IBNU FATAH HASTA LUBIS', 2),
('1202164209', 'MUHAMMAD IQBAL.ZUNAEDI', 2),
('1202164211', 'FERNANDO REDONDO', 2),
('1202164213', 'FIKRI MIFTAH MAULANA', 2),
('1202164221', 'KINANTI ANDIARY', 2),
('1202164223', 'ANASTISYA DRATINA', 2),
('1202164224', 'CHAERUNNISA VITHALOKA RISWANTO', 2),
('1202164225', 'INAS MUTHIA', 2),
('1202164226', 'ISMARIA SEKAR MUSTIKA', 2),
('1202164230', 'ENGGAR MUHAMMAD AVICENNA', 2),
('1202164231', 'DIMAS ADI NUGROHO', 2),
('1202164233', 'HERYAN CHOIRUL FIKRI', 2),
('1202164235', 'MUHAMMAD AZHAR PRISETIAHADI', 2),
('1202164238', 'UNTARI FADHILATUL KHUSNIAH', 2),
('1202164241', 'MUHAMMAD IQBAL', 2),
('1202164242', 'HELMI FARRAS HAIDAR PRAMUDIANTO', 2),
('1202164243', 'KEVIN VALENCIA SIMAMORA', 2),
('1202164244', 'ATIKA RAHMAWATI HUSNA', 2),
('1202164245', 'ENGLA RAAFI', 2),
('1202164249', 'DANIEL HASAHATAN', 2),
('1202164250', 'FAJAR SIDDIQ', 2),
('1202164254', 'DEWI AYU PARASWATI', 2),
('1202164260', 'MUHAMMAD IQBAL MUTTAQIN', 2),
('1202164261', 'JANNATUL RAHMADIANI', 2),
('1202164263', 'SAFYRA SUWANTY', 2),
('1202164270', 'RAFI GEMA ADHA', 2),
('1202164271', 'BAHAR ADI PURNOMO', 2),
('1202164272', 'DEVY OCTAVIANY PUTRI HARIS', 2),
('1202164273', 'FIKO REDHA FEBIANSYAH', 2),
('1202164275', 'TITIS MAHARDIKA', 2),
('1202164276', 'MUHAMMAD FATHONI', 2),
('1202164279', 'MELANI SINAGA', 2),
('1202164280', 'CESAR AINI SOEKENDRO', 2),
('1202164284', 'ABDUL AZIES MUSLIM', 2),
('1202164285', 'LUCKY ARDIANTO MANIK', 2),
('1202164286', 'BEN HUGHIE REZANDA', 2),
('1202164287', 'IKHSAN HERMAWAN', 2),
('1202164289', 'LEO DIKKARDO SAGALA', 2),
('1202164290', 'RESTU MEIFITRAH', 2),
('1202164301', 'BAGAS ADI NUGROHO', 2),
('1202164302', 'AVISA GAVRILLA', 2),
('1202164304', 'HERI SULTAN FRANSISCUS SITINJAK', 2),
('1202164305', 'NADYA MAULIDINA RUSDI', 2),
('1202164306', 'NURCHAIRUL AKBAR SAAD', 2),
('1202164307', 'SYIFA ARIZALLU DISKAPAMA', 2),
('1202164311', 'RIFKY YUDHISTIRA', 2),
('1202164312', 'AHMAD GHIFARI AKBAR', 2),
('1202164314', 'AMALIA FIQHIYAH', 2),
('1202164315', 'IRNI DWI ESTIKA', 2),
('1202164317', 'KUKUH YUDHA PRASETYO', 2),
('1202164323', 'FEBRIANSYAH NASUTION', 2),
('1202164328', 'ERNY NURSETYAWATI', 2),
('1202164329', 'MUHAMMAD FIKRI MAKMUR', 2),
('1202164331', 'ALMA SYAFIRA', 2),
('1202164334', 'BOBBY ABDULLAH', 2),
('1202164335', 'NESYA VIOLA SAHARAH', 2),
('1202164344', 'MUHAMMAD HAFIZH SURIAGANDA', 2),
('1202164345', 'ILHAM SATRIA AJI PRATAMA', 2),
('1202164346', 'HIRZAN GHUFRAN', 2),
('1202164348', 'SAMUEL PUTRA HARI', 2),
('1202164349', 'DZULFIKRI MARDIANSYAH', 2),
('1202164350', 'DZAKI RAMADHAN', 2),
('1202164351', 'MUH.RESKY.S', 2),
('1202164359', 'SATYA WIRA YANOTTAMA', 2),
('1202164363', 'RACHMA WIDYA', 2),
('1202164364', 'RIZQI PRIMA HARIADHY', 2),
('1202164366', 'SILVIA AFRIMA CHANDRA', 2),
('1202164367', 'YOGIE PRABOWO WINOTO', 2),
('1202164368', 'BAKIATUS SARIFAH', 2),
('1202164371', 'MUHAMMAD ISHAK SYUKRI', 2),
('1202164373', 'KRISFIAN ADJI BRATA', 2),
('1202164374', 'ILNA NUZLA PUTRI', 2),
('1202164377', 'HESTI BERNADET SURIPATTY', 2),
('1202164387', 'YASNITA', 2),
('1202164390', 'SYLVIA', 2),
('1202164391', 'MARETHA FITRIE PURUHITA', 2),
('1202164392', 'RIFKY RAMDHIANIS PUTRA', 2),
('1202164393', 'M. AIDIL SYAHPUTRA ARITONANG', 2),
('1202164395', 'FIRAS', 2),
('1202164397', 'SULTHANI AZIS WANDA', 2),
('1202164399', 'NAUFAL AL HAKIM', 2),
('1202170006', 'SHINTA EKA RISA SINURAYA', 2),
('1202170010', 'COKORDA AGUNG JAYA LAKSMANA PRAKASA', 2),
('1202170011', 'RAFIF FAKHRI RAMADHAN', 2),
('1202170015', 'M IKHSAN PRATAMA P', 2),
('1202170018', 'DINDA SONIA TIARA', 2),
('1202170022', 'DIMAS SAMODRA BIMAPUTRA', 2),
('1202170023', 'SITI RAFIQAH BALQIS', 2),
('1202170025', 'AFIFAH YUSRI SALSABILA', 2),
('1202170026', 'RIRI ANISA ARISDILA', 2),
('1202170029', 'RANGGA SULTAN TAWAKKAL', 2),
('1202170030', 'ALDO RIANTO', 2),
('1202170035', 'IVAN PRIYAMBUDI', 2),
('1202170038', 'ABDULLAH', 2),
('1202170042', 'MUHAMMAD RAFI RAHARJO', 2),
('1202170044', 'HILDA ARIES WIDIYANTI', 2),
('1202170046', 'TANIA TARYONO', 2),
('1202170050', 'MUHAMMAD GHAZI RASYID', 2),
('1202170058', 'RANGGA AHSANA', 2),
('1202170062', 'THORIQ IKBAR', 2),
('1202170063', 'TIKA ASTRIANI', 2),
('1202170066', 'MUH. DWI SATYA', 2),
('1202170069', 'DIMAS NASHIRUDDIN AL FARUQ', 2),
('1202170077', 'RAGA HARITZ PRATAMA', 2),
('1202170080', 'ARDISA TSANIYA PUTRI', 2),
('1202170081', 'NIRWANA ANGGIE SINAGA', 2),
('1202170092', 'RADITA NAJMI KAMILIA', 2),
('1202170093', 'MAULIDA RAHMI', 2),
('1202170097', 'WAFIUDDIN AKBAR', 2),
('1202170099', 'ALEXANDER VINI ADHITYA BAGASKARA', 2),
('1202170101', 'ARIF MARZUQ SYAHBANI', 2),
('1202170106', 'BELLA TRIYANNUR MAULIA', 2),
('1202170108', 'EGA ARDELIA MAHARANI', 2),
('1202170109', 'INES INDAH PUTRI', 2),
('1202170110', 'SURYA SANJAYA', 2),
('1202170115', 'GLORIANI EKA SARI', 2),
('1202170117', 'MUHAMMAD IQBAL MUFLIHUDDIN', 2),
('1202170118', 'LUKMAN RIYADI', 2),
('1202170121', 'DIVA JIHAN SAFIRA', 2),
('1202170130', 'YUDANTO EKA PUTRA', 2),
('1202170131', 'BAYU TRI ANGGORO', 2),
('1202170132', 'MUHAMMAD RAFLY ARACHMAN', 2),
('1202170133', 'GEDE SUDANTA NETHAN KURU', 2),
('1202170136', 'DWI YASTI FACHRUNNISA SUHERMAN', 2),
('1202170140', 'SATRIA YUDA WIRADHANA', 2),
('1202170148', 'MUHAMAD IBRAHIM', 2),
('1202170154', 'ALVAN ATHALLAH KAMAL', 2),
('1202170156', 'LUTHFAN ALFAJRI PATRA', 2),
('1202170160', 'MUHAMMAD NOUFAL AJRIYA SIDDIK', 2),
('1202170162', 'JOCIKA CHANDRA DEWI', 2),
('1202170163', 'RIYAN MUDA KARANA PUTRA', 2),
('1202170165', 'IRFANANDO WIRANATHA', 2),
('1202170166', 'SABILA CHANIFAH', 2),
('1202170168', 'SETYA BUDI P', 2),
('1202170169', 'DISA ALFANIA', 2),
('1202170173', 'HARYO DEWANTO', 2),
('1202170180', 'IBRAM MOSZARDO', 2),
('1202170182', 'FEBI TITANIA', 2),
('1202170187', 'BIMA SYAFTIAAN', 2),
('1202170188', 'FAUZAN RADIFAN SHIDIQ KAMALUDIN', 2),
('1202170190', 'MUHAMMAD YUSUF TANTU', 2),
('1202170193', 'RENAL NUR RACHMAN', 2),
('1202170207', 'NANDA MILHAN MAKARIM', 2),
('1202170211', 'ADINDA INEZ SANG', 2),
('1202170213', 'DIMAS AGUNG WICAKSONO', 2),
('1202170215', 'RISKY NOVENDRI', 2),
('1202170217', 'SABIL NARARYA', 2),
('1202170226', 'NURZAMI NOVRIAN', 2),
('1202170229', 'MUHAMMAD VALEN', 2),
('1202170232', 'TOMI MULHARTONO', 2),
('1202170234', 'CHANDRA MILLA FITRIANA', 2),
('1202170236', 'M ADITYA PRATAMA CHAN', 2),
('1202170240', 'LALA ARIF FATURAHMAN', 2),
('1202170242', 'NABIL DIRHAM GHIFARY', 2),
('1202170243', 'DHUHADMYA ANGGIYA KIRANA', 2),
('1202170244', 'NADHIFAH SALSABILA', 2),
('1202170248', 'DWI KURNIA', 2),
('1202170249', 'IRFANI FAHRI', 2),
('1202170250', 'RAHADIAN ALDI NUGROHO', 2),
('1202170251', 'PRADITYA AGUNG LAKSMANA', 2),
('1202170256', 'M.HABIB JAUHARI', 2),
('1202170257', 'RIZKI AL FATWA', 2),
('1202170258', 'PUTU DELA APSARI MERTADEWI', 2),
('1202170260', 'ANDI AIDIL FITRAWAN', 2),
('1202170262', 'TRAHTANDWINA LINA AYWANDARI', 2),
('1202170265', 'RIAN BIMO ANKHAL', 2),
('1202170268', 'MARYATI PUJI LESTARI', 2),
('1202170270', 'RAHARJO PUTRA KURNIADI', 2),
('1202170272', 'RIFQI ZAIN NAUFAL', 2),
('1202170279', 'RAFIK KUMALA ZAI', 2),
('1202170280', 'DITA APRILLIA RAHMANI', 2),
('1202170283', 'SYIFA ARIA SALSABILA', 2),
('1202170285', 'ANGGIT MOCHAMMAD GALANG SAMUDRA', 2),
('1202170286', 'FIRNA MUNINGGAR KISTIANTI', 2),
('1202170289', 'NABILA NUR NAJMI LAILA', 2),
('1202170293', 'LULU FAIRUZ HUSNIAH PANGERANG', 2),
('1202170298', 'MUKHAMAD FURQON', 2),
('1202170301', 'SIRAJUDDIN ABDUL HAKIM', 2),
('1202170303', 'MUHAMMAD FAIZ RADITYA', 2),
('1202170305', 'ADHYAKSA SETIABUDI', 2),
('1202170306', 'ARRIZAL FAUZAN BARLIANA', 2),
('1202170314', 'MUHAMMAD FARIZQI SETIAWAN', 2),
('1202170315', 'ZAKIYAH SALSABILA', 2),
('1202170317', 'RONALDO SUBIANTO PANJAITAN', 2),
('1202170319', 'ALWI HIDAYAT HARAHAP', 2),
('1202170323', 'JOSE ARMANDO PRATAMA', 2),
('1202170327', 'JUVENTA NOVISTAKOLINA WANDA', 2),
('1202170329', 'SANDY FINANDRA', 2),
('1202170330', 'MADE DARMA WIJAYA', 2),
('1202170332', 'OCTAVIANA TENNISSA POETRY', 2),
('1202170333', 'SULTAN SYAH BILLAL M.A', 2),
('1202170336', 'MOCHAMMAD FIKRIANSYAH MAULANA', 2),
('1202170337', 'ROBBY ALEXANDER SIHOTANG', 2),
('1202170338', 'RAYHAN BUDI KUSWARDANA', 2),
('1202170343', 'RAFIF EQSA BUDI ANGGONO', 2),
('1202170344', 'ANDI SETIAWAN', 2),
('1202170346', 'MUJA KALAGUN BARAYA', 2),
('1202170349', 'ENRICO LAZAWARDI', 2),
('1202170353', 'JOSHUA BONARDO JUNIOR', 2),
('1202170356', 'WILFA DWI RAHMI', 2),
('1202170357', 'SALEH HASAN B', 2),
('1202170360', 'NURUL ASYFA', 2),
('1202170364', 'M ADHI PRADANA', 2),
('1202170365', 'AURA NAFARENA SYARIFAH', 2),
('1202170366', 'MOHAMMAD AQIEL ILHAMY', 2),
('1202170367', 'RIZKY AZIS JAYASUTISNA', 2),
('1202170369', 'IQBAL TIARA PUTRA', 2),
('1202170371', 'VALDIS RAEVAN ALIF RENGKUNG', 2),
('1202170381', 'ALFIAN JULIANDI', 2),
('1202170382', 'HATTA MURSYIDAL GHAIST', 2),
('1202170385', 'RAKHA LABIB RAMADHAN', 2),
('1202170386', 'HILMAN BUDIMAN', 2),
('1202170389', 'MUHAMMAD DAFFA RAYANDI', 2),
('1202170401', 'AKBAR NURWAHYU ARIFIN PUTRA', 2),
('1202171049', 'AHMAD SHOHIBUS SULTHONI', 2),
('1202171098', 'MUHAMMAD ZAQLUL', 2),
('1202171116', 'NABILA ZHAFIRAH PUTRI', 2),
('1202171119', 'RIFQI RAMADHAN TUSSARDI', 2),
('1202171120', 'I MADE INDRA KUSUMA', 2),
('1202171139', 'ANANDA FIQRI FIRDAUS', 2),
('1202171186', 'ERZA PUTRA ALBASORI', 2),
('1202171206', 'SYFA NUR LATHIFAH', 2),
('1202171331', 'DENNY FITRIANSYAH PERDANA', 2),
('1202172001', 'MISBACHUL FIQKRI', 2),
('1202172009', 'MUHAMMAD FAUZAN', 2),
('1202172014', 'VINA DWIANA PUTRI', 2),
('1202172017', 'DUSEF HAGANTA PANDIA', 2),
('1202172019', 'FAHMI NURALIMI', 2),
('1202172024', 'PRAISE SETIAWAN SARAGIH', 2),
('1202172041', 'DIPA LASMAWARDHANA', 2),
('1202172045', 'MAIZIAH AZKA NURHAKIM', 2),
('1202172047', 'NARITA AYU PRAHASTIWI', 2),
('1202172051', 'BAGUS RIZAL DARMAWAN', 2),
('1202172054', 'CHRISHERYANDA EKA SAPUTRA', 2),
('1202172055', 'MUHAMMAD ARDAN AL FAREZI ARIFIN', 2),
('1202172060', 'AHMAD SAMBANG SETYA TAMA', 2),
('1202172064', 'KUSUMAH ANGGRAITO', 2),
('1202172073', 'ANNISA SYAFARANI CALLISTA', 2),
('1202172094', 'MUHAMAD GILANG GINANJAR', 2),
('1202172100', 'NOVAL ALTAF', 2),
('1202172141', 'ICCA MITA MONICA', 2),
('1202172144', 'EKY CAHYA PUTRA WITJAKSANA', 2),
('1202172152', 'SETYA AJI NURFAIZI', 2),
('1202172176', 'MUHAMMAD SATRIADI DESTIAN', 2),
('1202172192', 'SINGGIH AJI SASONGKO', 2),
('1202172230', 'MUHAMMAD RIFKI RUSANDI', 2),
('1202172276', 'FAKHRI RIFQI FIRDAUS', 2),
('1202172300', 'FIERI CAREZA', 2),
('1202172312', 'MUHAMMAD ARIDHA ARAHMAN', 2),
('1202172341', 'MOHAMMAD AJIE SUKMA WINANGUN', 2),
('1202172348', 'ANDIKA SIDDIQ GUMELAR', 2),
('1202172350', 'FAIZ SUKMA DANII', 2),
('1202172358', 'IRFAN WIRA ADHITAMA', 2),
('1202172361', 'F.X.ANDREW PRIYONO', 2),
('1202172362', 'WIDIA FEBRIYANI', 2),
('1202172370', 'RENALDI TRI ANANDA MINKA', 2),
('1202172373', 'IRMALISTIA ALFIANI', 2),
('1202172379', 'RANGGA ARDHI KESUMA', 2),
('1202172391', 'MOHAMAD KHALIF NOER', 2),
('1202172398', 'KEMAL INDRA KUSUMA', 2),
('1202173095', 'RIFKI AULIADA', 2),
('1202173102', 'NABILA ZAIRA ULFA ABABIL', 2),
('1202173112', 'NAURATUL ULFAH', 2),
('1202173123', 'RIZKI AULIA AKBAR LUBIS', 2),
('1202173147', 'SINDY ARTA SUTARMAN', 2),
('1202173150', 'WIGUNA RAMADHAN', 2),
('1202173177', 'SHERLY FRATISTA', 2),
('1202173178', 'ILHAM PRIMAYADI', 2),
('1202173184', 'MUHAMMAD RIZALDI FADILLAH', 2),
('1202173194', 'EZRA CHRISMYRALDA SIANIPAR', 2),
('1202173222', 'DIMAS AJI WIRATAMA', 2),
('1202173231', 'IRFAN NAUFAL ARIFDA', 2),
('1202173247', 'MUHAMMAD KADDAFI NASUTION', 2),
('1202173263', 'AULIA FERINA SENDHITASARI', 2),
('1202173277', 'YUSUF HUSEN', 2),
('1202173287', 'FADHIL NAUFAL', 2),
('1202173291', 'DARMA WARDI SITANGGANG', 2),
('1202173297', 'MUHAMMAD FAHRIZAL RAHMAWAN', 2),
('1202173304', 'MUHAMMAD FADWA MUFRIZ', 2),
('1202173307', 'WINDRI ALICIA SITOMPUL', 2),
('1202173328', 'SALMA JUMAIZAR HANIF', 2),
('1202173339', 'HABIEB AR-RACHMAN', 2),
('1202173377', 'AFIF FATUR RAHMAN', 2),
('1202173383', 'SHINTA SARAHAZNA ULFA', 2),
('1202173384', 'MUHAMMAD THOMI RASYID ZULKARNAIN', 2),
('1202173393', 'KUTBIDDINOV ALISHERKHON', 2),
('1202174002', 'THALITA SHAFFAH BRATANDARI', 2),
('1202174003', 'MUH. FAWAZ NAJIB RISAL', 2),
('1202174004', 'WINDY ASTUTI', 2),
('1202174005', 'NAVYA KIRANA SAFITRI', 2),
('1202174007', 'EFLIN TRINOVA LIMBONG', 2),
('1202174008', 'KOMANG GUSTIANA SUGOSHA', 2),
('1202174012', 'MUHAMMAD AXL BAYU PRATAMA', 2),
('1202174013', 'SANDI SATRIA PRABOWO', 2),
('1202174016', 'RANGGA RAY IRAWAN', 2),
('1202174020', 'QIRANI FADHILA RAMADHANI', 2),
('1202174021', 'RIZKY ADAM PANGESTU', 2),
('1202174027', 'R. A. NADA TAQIYYA IZAZI', 2),
('1202174028', 'HASAN MUHAMMAD DIPOHUTOMO', 2),
('1202174031', 'MAULI ARFAN RAMBE', 2),
('1202174032', 'FERNANDA ADITYA NUGRAHA', 2),
('1202174033', 'REZSHAL HIDAYAH', 2),
('1202174034', 'BIMA SUSILA MUKTI', 2),
('1202174036', 'WIBI ADITAMA', 2),
('1202174037', 'MUFTI ALIE SATRIAWAN', 2),
('1202174039', 'VENNY YERIA MONARES', 2),
('1202174040', 'MOHAMMAD ALIF AL-FAJRI', 2),
('1202174048', 'SYIFA ANNASTASIA', 2),
('1202174052', 'FARHAN HASAN AL-AMUDI', 2),
('1202174053', 'APRIZAL M RIZQAN', 2),
('1202174057', 'GREDA AGENG LUQMAN HAKIM', 2),
('1202174059', 'KINTAN ERIDANI PUTRI', 2),
('1202174061', 'CHYNTIA THENY EFY NANDA M', 2),
('1202174065', 'MUHAMMAD FIKRI AZHAR', 2),
('1202174068', 'ALWAN ALYAFI MULYAWAN', 2),
('1202174070', 'SENO PRIAMBUDI WIBOWO', 2),
('1202174071', 'SYAFIRAH ABDULLAH', 2),
('1202174072', 'AHMAD KURNIAWAN', 2),
('1202174074', 'MUHAMMAD RIFKI OKTOVA', 2),
('1202174075', 'INTANIA EKA YANTI', 2),
('1202174076', 'YUDHI SATRIO WIBOWO', 2),
('1202174078', 'BINTANG BHARA MUKTI', 2),
('1202174079', 'YANEU NURUL AZIZZA', 2),
('1202174082', 'UMI ZAHROH', 2),
('1202174083', 'TANIA AYU SEKAR ARUM', 2),
('1202174084', 'FAIRUZ ZAHIRAH LIDANTA', 2),
('1202174085', 'YOSEPHINE MAYAGITA TARIGAN', 2),
('1202174086', 'KHOFIFAH RACHMA PRABAWATI', 2),
('1202174087', 'HANAVING', 2),
('1202174088', 'ANISA WIDIA DINI PUTRI', 2),
('1202174089', 'KHADIJAH HALIMAH ASSA`DIYAH', 2),
('1202174090', 'KHAIRUNISAK', 2),
('1202174091', 'NURUL FARIKHAH', 2),
('1202174096', 'FAIDATUL HIKMAH', 2),
('1202174103', 'AVEICENA KEMAL ADRIANSYAH', 2),
('1202174104', 'MUHAMMAD ABIYYU MUNIF', 2),
('1202174105', 'NORAYANTI SIHOMBING', 2),
('1202174107', 'RURI FADHILAH', 2),
('1202174111', 'ARSIKE CIPTA PELANGI', 2),
('1202174113', 'SKOLASTIKA KURNIA DEWANTI', 2),
('1202174114', 'KIRANA DHIATAMA AYUNDA', 2),
('1202174122', 'I GEDE BAGUS PRASETYAWAN', 2),
('1202174124', 'FAHMI DWI ABDURRAHMAN', 2),
('1202174125', 'RAHMAT FAUZI PANE', 2),
('1202174126', 'INDAH FARADHILA PUTRI', 2),
('1202174127', 'FIKRI ABDULLAH', 2),
('1202174128', 'AINUNNISA IQLIMA IFFATUSYSYAKILA', 2),
('1202174129', 'FARHANDI MAULANA PUTRA', 2),
('1202174134', 'DANNY NAUFAL PRATAMA', 2),
('1202174135', 'DELIMA AYU WULANDARI', 2),
('1202174137', 'MADE ADHITYA KUSUMADINATHA SANTIKA', 2),
('1202174138', 'LAYLA SYIRIANI AMBARSARI', 2),
('1202174142', 'I GEDE ARYA DEVA NARAYANA', 2),
('1202174143', 'FADLAN FIKRI DZULFIKAR', 2),
('1202174145', 'NANCY CRESTASIA BR. HUTAURUK', 2),
('1202174146', 'RADEN HASNA FADHILA', 2),
('1202174149', 'IKHWAN HADI', 2),
('1202174151', 'NASSYFA ALFIRDA RIANI', 2),
('1202174153', 'PUTU ADIMERTHA KRISNAAJI DARSANA', 2),
('1202174155', 'NEILA FADHILA PUTRI', 2),
('1202174157', 'DEVITA WULANDARI', 2),
('1202174158', 'DHIMAS ARFIAN PRABANTORO', 2),
('1202174159', 'MUHAMMAD RIZKI HARDIYANTO', 2),
('1202174161', 'ALDO PRAKASA AFDYA', 2),
('1202174164', 'INDRIYANI', 2),
('1202174167', 'NUR AFDHALIYAH FAHRI', 2),
('1202174170', 'AYTA BOANGMANALU', 2),
('1202174171', 'MUHAMMAD RICKY CHANDRA DINATA', 2),
('1202174172', 'M.RANANTA LUTHFIKA', 2),
('1202174174', 'THESAPNA DWI ANGGITA OKVANTI', 2),
('1202174175', 'WASIS WARDANA', 2),
('1202174179', 'EZZA RAMADHANTA MACHMUD RAZAQ', 2),
('1202174181', 'RAISUL AMIN ZULFIKRI', 2),
('1202174183', 'FAHRIZAL HANIF DARMAWAN', 2),
('1202174185', 'PRAMESTI MAUDIPUTRI', 2),
('1202174189', 'TASYA RONAULY', 2),
('1202174191', 'SUBHAN ARI RAKA PRADANA', 2),
('1202174195', 'G N KRESNA ADIPUTRA', 2),
('1202174196', 'HARI NUR SUPRIYADI', 2),
('1202174197', 'AMORY OCTOVIO', 2),
('1202174198', 'DAVA ADITYA PERDANA', 2),
('1202174199', 'YUNAN SUKHO ADITYA', 2),
('1202174200', 'BANYU RIZKIKA UTARY', 2),
('1202174201', 'NURAHDIATNA SUBAGYA', 2),
('1202174202', 'RAISYA AVRIANI ISKANDAR', 2),
('1202174203', 'ALIFIANI SYAHRUNI QOTRUNNISA', 2),
('1202174204', 'TIARA ADONIA', 2),
('1202174205', 'MUHAMMAD IRWANDA IRAWAN', 2),
('1202174208', 'YUNI ARIYANI ARIFIN', 2),
('1202174209', 'ALDA ANDITA NURANI', 2),
('1202174210', 'SUCI NUR ALIFA', 2),
('1202174212', 'AFINA RAMADHANI', 2),
('1202174216', 'M.FADHIL AFIF', 2),
('1202174218', 'KEVIN H NAINGGOLAN', 2),
('1202174219', 'GHERALDI MUHAMMAD SINALOAN', 2),
('1202174220', 'YUNIS FEMILIA NUGRAINI', 2),
('1202174221', 'PUTU MINIA DEWI', 2),
('1202174223', 'IKA RAHMAYANTI TAMBUNAN', 2),
('1202174224', 'ALLISYA NASHFATI JUSTINE', 2),
('1202174225', 'HANDAYANI OKTAVIA', 2),
('1202174227', 'RIZKIA SITI AFIFAH', 2),
('1202174233', 'AHMAD ZEN FADILAH', 2),
('1202174235', 'FRISCA FEBRIYANI KURNIAWAN', 2),
('1202174238', 'NAILUL MAROM', 2),
('1202174239', 'SALSABILLA SHAFA ADZRA', 2),
('1202174241', 'SINGGIH KRISMARWANTONI SADINO', 2),
('1202174245', 'NURAINI RACHMA ARDIANTI', 2),
('1202174246', 'MUHAMMAD ZIKRI', 2),
('1202174252', 'HAMDAN DZIKRUROBBI', 2),
('1202174253', 'MUHAMMAD ZAKI', 2),
('1202174254', 'DAMAS AGRYAN PERMANA', 2),
('1202174255', 'JESSY ANUGERAH VINDRAGGETA PARTOSENTONO', 2),
('1202174259', 'SHITA WIDYA NINGSIH NASIR', 2),
('1202174261', 'DEKY NUZUL RAMDHANI', 2),
('1202174264', 'WIWINDA JUNED PURBA', 2),
('1202174266', 'LARASATI VALENSIA', 2),
('1202174267', 'NURAINI IKA PRATIWI KALINGARA', 2),
('1202174269', 'GRACE R SIMANJUNTAK', 2),
('1202174271', 'MUHAMMAD ARRASYID RAKHMADASZAN', 2),
('1202174273', 'ACHMAD FABIAN AMADEA', 2),
('1202174274', 'MUHAMMAD OKI ANGGA FAIRUZ', 2),
('1202174275', 'IZHA MAHENDRA', 2),
('1202174278', 'ITSAR SALSABILA ALKHANZA', 2),
('1202174281', 'GHOZALI ANDRI WINADA', 2),
('1202174282', 'AZIFAH DHAFIN RIZQULLAH ALDI', 2),
('1202174284', 'HILDA ATHIFAH FAISAL', 2),
('1202174288', 'NUR AZIZAH HARUN', 2),
('1202174290', 'BAYU REZA PAMUNGKAS', 2),
('1202174292', 'CHIKA ENGGAR PUSPITA', 2),
('1202174294', 'RATIH SYAIDAH', 2),
('1202174295', 'ROSANICHA', 2),
('1202174296', 'YUDHA ALFARID', 2),
('1202174299', 'ROBI DEWI ASIH PRAMESTI', 2),
('1202174302', 'FAMYUDHA MERIM PURBA', 2),
('1202174309', 'NADYA AMALIA PURWANINGTYAS', 2),
('1202174310', 'LASTRI M.A DOLOKSARIBU', 2),
('1202174311', 'VALEN DEANDRA', 2),
('1202174313', 'SRY INTAN VALENCIA NAINGGOLAN', 2),
('1202174318', 'AUDIA DITSYA RAMADHAN', 2),
('1202174320', 'MAJANGGA', 2),
('1202174321', 'ALIFIA ZAHRA FIRDAUS', 2),
('1202174322', 'NADIA FITRI SAFIRA', 2),
('1202174324', 'NAFIDZAH KIASATI SHADRINA', 2),
('1202174325', 'I KOMANG GEDE ANDHI KURNIAWAN', 2),
('1202174326', 'ILHAM NURYANTO', 2),
('1202174335', 'ERADO FATA SANJAYA', 2),
('1202174340', 'SIGIT TRI APRIYANTO', 2),
('1202174342', 'JANGKAH WICAKSONO', 2),
('1202174345', 'KHANSA` NADHIFAH RABBANIAH AL HABSYI', 2),
('1202174351', 'REFZA KURNIAWAN', 2),
('1202174352', 'M. ILHAM SETIA BUDI', 2),
('1202174354', 'PUTU PRIYANKA SONIA DEWI', 2),
('1202174355', 'TANIA NIELSANY SIMBOLON', 2),
('1202174359', 'DESITA NUR ROSYIDIANA', 2),
('1202174368', 'FATIN HANIFAH', 2),
('1202174372', 'IDELLIA MUTHIA NURBAISA', 2),
('1202174374', 'JEREMIAH FERDINAND LOMBOGIA', 2),
('1202174375', 'MUHAMMAD LUTHFI TRIYANA', 2),
('1202174376', 'MUHAMMAD NAUFAL', 2),
('1202174378', 'HENA HAFRANI', 2),
('1202174380', 'MUHAMMAD SYARIF YUSRON', 2),
('1202174387', 'RAVIV TUANKU ALSAID', 2),
('1202174388', 'CANDRA EKA LAKSANA', 2),
('1202174390', 'RIFQI NAUFALHANIF SATRIO WIBOWO', 2),
('1202174399', 'NYKE PUTRI GREACECITA RAUNG', 2),
('1202180001', 'M NURHADI WAHYU', 2),
('1202180009', 'DARA KENNY PEBRINA SITEPU', 2),
('1202180031', 'SHAFA TATHYA LARASATI', 2),
('1202180032', 'ELYSIA ESTININGTYAS', 2),
('1202180037', 'FARIS AUFAR PUTRA', 2),
('1202180041', 'MUHAMMAD NAUFAL ADAM', 2),
('1202180042', 'NURFADILAH', 2),
('1202180049', 'RIZKY AULIA ZARFI', 2),
('1202180067', 'TASYA IZDIANAZIA', 2),
('1202180068', 'MUHAMMAD FAHMY SYAHPUTRA YULIHARTO', 2),
('1202180074', 'KRISNA AJI WICAKSONO', 2),
('1202180078', 'ACHMAD ADAM AZZURI', 2),
('1202180092', 'JODY MARDIKA', 2),
('1202180095', 'DARIOSANY NUR IQLAL RAHMAN', 2),
('1202180097', 'FIRYAL MUTHIA NADHIFAH', 2),
('1202180099', 'PARAMITA', 2),
('1202180106', 'MUHAMMAD RAJAB', 2),
('1202180107', 'HIJAZI LUBIS', 2),
('1202180110', 'MUHAMMAD RAFI PRAKOSO', 2),
('1202180113', 'JESICA ELISABETH SITORUS', 2),
('1202180118', 'MOCH RAFI FAWAJI', 2),
('1202180119', 'M.RIFADH ASJAD', 2),
('1202180122', 'ANANDA DELINA SINURAT', 2),
('1202180123', 'RUTH SESILYA AMBARITA', 2),
('1202180127', 'ABDURRAHMAN AZIZ', 2),
('1202180139', 'SYAILENDRA ALZANA PUTRA', 2),
('1202180141', 'I MADE RICO ARYANGGA', 2),
('1202180152', 'ANDI SAYID MUHAMMAD QOYYUM', 2),
('1202180156', 'RUDI GUNA PRAMUDIA', 2),
('1202180157', 'PRAYOGI SHOLIHUL INSAN', 2),
('1202180164', 'SHAFIRA NAFTANIA', 2),
('1202180167', 'MUHAMMAD CANDRA SEPTIAN FAHLEFI', 2),
('1202180179', 'FARAH LUTHFIA', 2),
('1202180181', 'ANNISAA FAUZIYAH KINADI', 2),
('1202180182', 'ACHMAD AKBAR HIDAYATULLAH', 2),
('1202180191', 'ADITYA PERMADI', 2),
('1202180192', 'JULIANT DANIEL LATUARY', 2),
('1202180195', 'FARHAN ANGGARA PUTRA PRATAMA', 2),
('1202180198', 'ARIFATHUL FABIAN', 2),
('1202180199', 'JUAREZ SULTAN SHABA', 2),
('1202180206', 'AGISTRA FEBRIANDI', 2),
('1202180225', 'M HARTSA QINTHAR', 2),
('1202180229', 'IFEN FARIDIAN RAHMADAN', 2),
('1202180240', 'TAUFIQURRAHMAN LUBIS', 2),
('1202180245', 'RIZAL INDERA', 2),
('1202180247', 'MUHAMMAD ILMAN FADILLAH', 2),
('1202180268', 'TAUFIQ MAULANA FIRDAUS', 2),
('1202180273', 'WULUNG WAHYU WITONO', 2),
('1202180280', 'SAFINATY YANDY PUTRI', 2),
('1202180282', 'MUHAMMAD ALDI NUGRAHA', 2),
('1202180285', 'AMAR RIFKI HABIBIE', 2),
('1202180286', 'FADHIL ALREYHAN PAHREVI', 2),
('1202180287', 'EVAN RESWARA', 2),
('1202180294', 'AYU SYAFIRA ALFAIN', 2),
('1202180296', 'MUHAMMAD RIZKY JUNIANWAR', 2),
('1202180305', 'FARRAS NAIM', 2),
('1202180308', 'MAULANA MALIK IBRAHIM', 2),
('1202180311', 'ADAM SATYA KENCANA', 2),
('1202180333', 'RIVALDI ABDUL JABBAR', 2),
('1202180338', 'MUHAMMAD KEVIN YUDISTIRA', 2),
('1202180339', 'MUHAMMAD RIZKY BALIA', 2),
('1202180341', 'BERLIAN AKBAR RUSMANA', 2),
('1202180342', 'SYAHREN ADIL HAKIM', 2),
('1202180348', 'MUHAMAD NAUFAL ALIM', 2),
('1202180356', 'DHAIFULLAH SHIDQI AKBARSYAH', 2),
('1202180359', 'DZAKI RACHMANDA MALIK IMANUDIN', 2),
('1202180362', 'RIZKA PUTRI WAHYUNI', 2),
('1202180368', 'DZAKY MUHAMMAD RAFI PERMANA', 2),
('1202180371', 'LUWIS FERNANDO', 2),
('1202180373', 'JUAN RIZKY MAULANA', 2),
('1202180374', 'ALLAN GHIFARI', 2),
('1202180377', 'FERRIAN ARDI NUGRAHA', 2),
('1202180378', 'ROBBY ILHAMI MULYADI', 2),
('1202180379', 'KHAERUL NUROHMAT', 2),
('1202180383', 'LEONARD LESMANA', 2),
('1202180387', 'MUHAMMAD LUTFI NAUFALDI IBRATA', 2),
('1202181038', 'WADER TRISEPA JONSON', 2),
('1202181054', 'KRISNA DWI PERMANA', 2),
('1202181061', 'DANIEL JULIUS PARSAORAN', 2),
('1202181065', 'ZAHWA ALIFAH AMMATULLAH', 2),
('1202181105', 'BONYFASIUS BENRY TARSISIUS LUMBANRAJA', 2),
('1202181213', 'JILE TAMARISKA', 2),
('1202181244', 'AMARILA ZAHRATUN NISA`', 2),
('1202181252', 'RIZKY ADITYA NUGROHO', 2),
('1202181263', 'DARIS RAIHAN DITYO', 2),
('1202181309', 'NAUFAL ALAM RASENDRIYA', 2),
('1202181349', 'FARHAN WAHYUDIN', 2),
('1202181372', 'JONATHAN BONAR', 2),
('1202181380', 'YASEER HIBATULLAH AKRAM', 2),
('1202182155', 'MUHAMMAD ZUHDI ZAIN', 2),
('1202182283', 'MOCHAMMAD HAIKAL FIKRI', 2),
('1202182284', 'BRYANO SANDY RIZKY', 2),
('1202183291', 'RIA RAHMAWATI', 2),
('1202183301', 'I MADE RICHARD PUTRA SUDIASA', 2),
('1202183302', 'FAUZI ARIFIN ALGHIFARI', 2),
('1202183313', 'DINA MELIANA SARAGI', 2),
('1202183317', 'SITI NIHAYATUL CHOIRIYAH', 2),
('1202183322', 'RIZALRASYD DWISELIA RIDWANAH', 2),
('1202183324', 'JASMINE AURELY SALSHABILLAH', 2),
('1202183325', 'ANISAH FREDELLA', 2),
('1202183328', 'NADYA ZAHRA', 2),
('1202183329', 'MARIA LAURANTSIA HELLENT WIJAYA', 2),
('1202183330', 'NATALIA VIOLI KRISTENA WIJAYA', 2),
('1202183334', 'RAFLI FIRDAUS AKBAR', 2),
('1202183343', 'MUHAMAD RIDWAN FIRDAUS', 2),
('1202183344', 'DARRYL BASTIAN', 2),
('1202183345', 'M MISBACHUL UMMAH AL` AROBI', 2),
('1202183346', 'AHMAD YAZID ARIF', 2),
('1202183350', 'MAURIZKA NABILA CHAIRUNNISA', 2),
('1202183351', 'RAMADHANU TADZKIER', 2),
('1202183352', 'NOLA ADHE SURY', 2),
('1202183353', 'NURUL AN`NISAA', 2),
('1202183354', 'NAZHARA AURELLIA HAKIM', 2),
('1202183357', 'MUHAMMAD HASBI JURI UTAMA', 2),
('1202183360', 'SYAFIQ DZAKY ABHIYASA', 2),
('1202183361', 'ANASTASSYA GUSTIRANI', 2),
('1202183363', 'RAFI ADINEGORO', 2),
('1202183364', 'LITA VIERYNA', 2),
('1202183366', 'BELA CITRA KARTIKA', 2),
('1202183367', 'ROFI AHMAD FAUZAN', 2),
('1202183370', 'AFIF PRIANDHIKA IZZULHAQ', 2),
('1202183388', 'AYUBA JOBARTEH', 2),
('1202183389', 'ABDESSALAM M. OTHMANE', 2),
('1202184002', 'HADINA WAWESI', 2),
('1202184003', 'DEWI ASTUTI', 2),
('1202184004', 'DESY FITRIANI', 2),
('1202184005', 'BELLA TANTRIANA DWI ANGGRAINI', 2),
('1202184006', 'TIOFENNY ANGELINA', 2),
('1202184007', 'PAXILLA CHAIRANY', 2),
('1202184008', 'MAIZURA WINDA ARUNA', 2),
('1202184010', 'AZZAHRA SITI RAMADHANI', 2),
('1202184011', 'WIKA FAJRIAH RAHMAH', 2),
('1202184012', 'NABILA TAFTA ALFINA', 2),
('1202184013', 'ANGGITA KHAERUNISA', 2),
('1202184014', 'KINANTI TIARA NINGTYAS', 2),
('1202184015', 'HIZA MU\'MINATUL FITRIANI', 2),
('1202184016', 'DANIEL ABICHECA HUTOMO', 2),
('1202184017', 'NURUL AFIFAH', 2),
('1202184018', 'RISYA HASNA MASYTAH', 2),
('1202184019', 'SHAHNAZ KAMILAH', 2),
('1202184020', 'HILDA NURALIZA', 2),
('1202184021', 'IRA PUSPA NINGTYAS', 2),
('1202184022', 'MELINSYE HERLIANI AHAB', 2),
('1202184023', 'INDAH TRIAWATI', 2),
('1202184024', 'STEFANO CHRISTIAN SARUMPAET', 2),
('1202184025', 'MUHAMMAD FAISHAL FARRAS', 2),
('1202184026', 'AKBAR AFFARUK KHUZAIMI AHMADANI', 2),
('1202184027', 'LINA ZULAIKAH', 2),
('1202184028', 'LATHIFA ARTAMINATI', 2),
('1202184029', 'MUHAMMAD FADLI BAHRUDIN', 2),
('1202184030', 'ANIS FITRIA', 2),
('1202184033', 'QINTHARA AYU RAIHAN', 2),
('1202184034', 'MONICA SURYATAMA DEBY', 2),
('1202184035', 'DEVI NOVITASARI', 2),
('1202184036', 'WIRATAMA PUTRA PRAKOSA', 2),
('1202184039', 'YANDA NAFIRI', 2),
('1202184040', 'I GEDE PASEK PUNIA ATMAJA', 2),
('1202184043', 'HEIDEA YULIA FIRZANIA', 2),
('1202184044', 'THASYA UMMUL KULSUM', 2),
('1202184045', 'NI MADE MELIANA LISTYAWATI', 2),
('1202184046', 'MOCHAMMAD ALIFHA ARKHAN MASYON', 2),
('1202184047', 'RIZKY DWI NINGSIH', 2),
('1202184048', 'CLAERY JESSICA TAMPUBOLON', 2),
('1202184050', 'FUAD AL AFIF', 2),
('1202184051', 'NURSYAHBANI AMELIA PUTRI', 2),
('1202184052', 'NABILLA PRILYA NUGRAHA', 2),
('1202184053', 'IRFANDA WIRA ARNAWAMA', 2),
('1202184055', 'AKBAR AVERIAN', 2),
('1202184056', 'RAFI PRABASWARA', 2),
('1202184057', 'ANANDA ANGGIE NUR AINI', 2),
('1202184058', 'ANNISA NURKHAIRANI', 2),
('1202184059', 'KURNIATI BUNGA RINDU', 2),
('1202184060', 'SHINTA VALENINA FARAH', 2),
('1202184062', 'RISKI ANANDA WIDIYA PUTRI', 2),
('1202184063', 'YEHEZKIEL FERDINAND SIAGIAN', 2),
('1202184064', 'RISKA DWI YULIATI', 2),
('1202184066', 'JIHAN AUDIA MULYA', 2),
('1202184069', 'FAUZI ANANTA DWISAPUTRA', 2),
('1202184070', 'KIRANA WINI FAUZHIA SOLEHAH', 2),
('1202184071', 'SALMA IDA ANINDITA', 2),
('1202184072', 'EKKY CHANDRA WIBOWO', 2),
('1202184073', 'RIZKY FADILAH', 2),
('1202184075', 'SEPTIAN DWI HIDAYAT', 2),
('1202184076', 'FAISHAL RIZQI IRFANDI', 2),
('1202184077', 'NANDA ARFAN HAKIM', 2),
('1202184079', 'DHEA CLARISSA PUTRI', 2),
('1202184080', 'NAZMI ROBBIYANI', 2),
('1202184081', 'DAVID WILLIAM DA COSTA', 2),
('1202184082', 'CARLOS BUTAR BUTAR', 2),
('1202184083', 'I PUTU DHARMA YUDHA', 2),
('1202184084', 'NAYLA NAJA', 2),
('1202184085', 'ARDY RIKARDO', 2),
('1202184086', 'MUHAMMAD ILHAM ALHARI', 2),
('1202184087', 'TRIAS ZULFA NURAFIFAH', 2),
('1202184088', 'ALYA KHAERUNISSA WULANDARI', 2),
('1202184089', 'DESFIANA SUCI RACHMAHWATI', 2),
('1202184090', 'TSAMARA ARIFAH PRAWATI', 2),
('1202184091', 'IKA PRISILIA HELAHA', 2),
('1202184093', 'ROBERTUS ROTAMA MARBUN', 2),
('1202184094', 'RASYID RAMADHANI DHARMAWAN', 2),
('1202184096', 'CINDY RUTFANI HUTAURUK', 2),
('1202184098', 'KESSYA AZZAHRA RISMADEWI', 2),
('1202184100', 'MOCH.FAGLUIKA.KATENO', 2),
('1202184101', 'AURORA MARGARETA ROMPAS', 2),
('1202184102', 'LANANG BAGUS PRABOWO', 2),
('1202184103', 'MITTRA MARLINA YOLANDA HUTAPEA', 2),
('1202184104', 'TIMOTHY FELIXIVANO', 2),
('1202184108', 'RICO KASDIM', 2),
('1202184109', 'WAHYU LIMUTU', 2),
('1202184111', 'AUDHINI SALSABILLA SYAUQIE', 2),
('1202184112', 'YOVITA MARGARET ABIGAIL PURBA', 2),
('1202184114', 'ENGGELIN MEIYANE HARNICE PA`O', 2),
('1202184115', 'SITI FILDZAH NADHILAH SUHERMAWAN', 2),
('1202184116', 'MUTIARA NATIQOH PURWANTO', 2),
('1202184117', 'RAJA NANDA SATRYA', 2),
('1202184120', 'MUHAMMAD IQSAN WAHYUDIN', 2),
('1202184121', 'RANDY FAHREZA', 2),
('1202184124', 'MUHAMMAD AFFAN RAMADHANI YURIZIA', 2),
('1202184125', 'DIMAS RAIHAN ZEIN', 2),
('1202184126', 'GHUFRON FIKRIANTO', 2),
('1202184128', 'FARRIJ RULIANSYAH', 2),
('1202184129', 'MUHAMMAD HANIF ZAHRAN', 2),
('1202184130', 'DANDY RAY PANAHATAN MANURUNG', 2),
('1202184131', 'YOGI SANJAYA', 2),
('1202184132', 'ADITYA ZHAFIR DHIAULHAQ', 2),
('1202184133', 'ACHMAD HUSEIN MULYA WARDANA NH', 2),
('1202184134', 'SHOFIAN MUFTI ARDATAMA', 2),
('1202184135', 'DEWA MADE SURYA PERMANA MASTRA', 2),
('1202184136', 'DEVI SILVIANI', 2),
('1202184137', 'NILAM ERIA AZZAHRA', 2),
('1202184138', 'M. FAIZ TRIPUTRA', 2),
('1202184140', 'FAT-HAN', 2),
('1202184142', 'MUHAMMAD ASHRIL MAHARDIKA', 2),
('1202184143', 'ARDDHANA ZHAFRAN AMANULLAH', 2),
('1202184144', 'ARIA FAJAR RAMDHANY', 2),
('1202184145', 'ZAKKY AL ATTAR', 2),
('1202184146', 'HISYAM HAWARI', 2),
('1202184147', 'MUHAMMAD HAFIZ HAWARIZMI', 2),
('1202184148', 'FICO DAVIN ADRIYANSYAH', 2),
('1202184149', 'M. ZAELANI SIDIQ', 2),
('1202184150', 'RHEZA DEWANTARA', 2),
('1202184151', 'IMMANUEL ARYA', 2),
('1202184153', 'YUSUF HERIANTO MANIK', 2),
('1202184154', 'FEBRIAN FARERA IRAWAN', 2),
('1202184158', 'MUHAMMAD ADLI GHOZIAN', 2),
('1202184159', 'ILMA NUR HIDAYATI', 2),
('1202184160', 'FITRIA NIKMATUL HIDAYAH', 2),
('1202184161', 'DISA HAGAI TARIGAN', 2),
('1202184162', 'ZAHABIA', 2),
('1202184163', 'CANTIKA DEWI FORTUNA', 2),
('1202184165', 'SAVANNY PUTRI SAFRINA', 2),
('1202184166', 'APRILIA MEGA PUSPITASARI', 2),
('1202184168', 'MUHAMMAD RAYHAN ARJAKA', 2),
('1202184169', 'NURMALA', 2),
('1202184170', 'SONYA RISNENTRI', 2),
('1202184171', 'TITA ARUM PARAWASI', 2),
('1202184172', 'FIE ALFAIN NURIL HAQUE', 2),
('1202184173', 'IZZA ARIANI', 2),
('1202184174', 'RISMA NUR DAMAYANTI', 2),
('1202184175', 'DEA OKTAVIANI', 2),
('1202184176', 'NIDA TAQIYYAH', 2),
('1202184177', 'IGNAZIA NURMA AINNA', 2),
('1202184178', 'AULINA MEIDINAH KARIM', 2),
('1202184180', 'MAULIDYA ARDINI PANGESTU', 2),
('1202184183', 'FRISTA MILLENIA TRISUCIANA', 2),
('1202184184', 'FARAH SHERINA SALMA', 2),
('1202184185', 'DEVI PERMATA NINGRUM', 2),
('1202184186', 'SUCI FITRI LIANA ARIPIN', 2),
('1202184187', 'DINDA SEKAR CENDANI', 2),
('1202184188', 'NABILA CINDY PUTRI', 2),
('1202184189', 'AGRIVA DETTA GINTING', 2),
('1202184190', 'MUHAMMAD SYUKRON KAMIL', 2),
('1202184193', 'AISYAH FITRI', 2),
('1202184194', 'HAFIIZH HERDIAN', 2),
('1202184196', 'M YUSRIL RIGALDI', 2),
('1202184197', 'MOHAMAD FAUZI', 2),
('1202184200', 'M.ALWI ZEIN', 2),
('1202184201', 'HILMI ZULFAHMI', 2),
('1202184202', 'MOH AQSA ALMUBARAKS', 2),
('1202184203', 'MELINA PUTRI WIDYASARI', 2),
('1202184204', 'SYARAH TAZKIATUN NUPUS', 2),
('1202184205', 'ANNISA FITRIANI', 2),
('1202184207', 'EGGYALVIANO', 2),
('1202184208', 'SHAFIRA FATIMAH AZZAHRA', 2),
('1202184209', 'TITISARI RAMADHANE', 2),
('1202184210', 'MUHAMMAD AHDANI HIMAM MUTAALI', 2),
('1202184211', 'RIFKI MUHAMAD ADITAMA', 2),
('1202184212', 'FERI IRAWAN', 2),
('1202184214', 'FAREL AL-ROBBY', 2),
('1202184215', 'MUHAMMAD IKBAR AZINUDDIEN', 2),
('1202184216', 'ZIO DAFA', 2),
('1202184217', 'RAMA ARIANDI', 2),
('1202184218', 'YONATHAN BAGUS PRATAMA', 2),
('1202184219', 'ADELRI MUHAMMAD', 2),
('1202184220', 'RIZKI FAUZAN NASRULLAH', 2),
('1202184221', 'DWI KURNIANTO UTOMO', 2),
('1202184222', 'JALIS KARIM AHMAD', 2),
('1202184223', 'MUHAMMAD FARID FADLI', 2),
('1202184224', 'TODOAN JEHEZKIEL SANTANA MUARA SIREGAR', 2),
('1202184226', 'RYAN SUPRIADI RAMADHAN', 2),
('1202184227', 'MUHAMMAD AFIF RIZQI', 2),
('1202184228', 'RANDY FERDIAWAN', 2),
('1202184230', 'ALIFYA CALLISTA MAHESWARI', 2),
('1202184231', 'IKHSAN ABDURACHMAN', 2),
('1202184232', 'ADI INDRA PRATAMA', 2),
('1202184233', 'ALIF RAFI KURNIA', 2),
('1202184234', 'GINNA TRIGAMA', 2),
('1202184235', 'MUHAMMAD FAUDZAN KHAIRUNASI DZISYAUQI', 2),
('1202184236', 'ANDHIKA WICAKSONO', 2),
('1202184237', 'NUR INTAN SARI', 2),
('1202184238', 'MILENIA ARI OKTAVIANA', 2),
('1202184239', 'FAIZ PUTERA ANDIKA', 2),
('1202184241', 'M FARHAN HUSSAINI DERMAWAN', 2),
('1202184242', 'ASYIFA NUR YULIANTY', 2),
('1202184243', 'KEANSHIHAB IS`AD HAKIM', 2),
('1202184246', 'MOH. DIMAS ARIFIN MUSTOFA', 2),
('1202184248', 'RAYHANSYAH DAVA ACHMAD KURNIAWAN', 2),
('1202184249', 'GALIH RASHIF HUSAINI', 2),
('1202184250', 'CHAIRANI IRFIYANDA', 2),
('1202184251', 'ANJANI AULIA ZAHRA DJAMAL', 2),
('1202184253', 'ANGGA GIFERY MELLYANTO', 2),
('1202184254', 'MUHAMMAD RAIHAN JANUAR', 2),
('1202184255', 'FAIRUS ZILVAN ADHI PRAMANA', 2),
('1202184256', 'LUTHFI AHMAD MUHAIMIN', 2),
('1202184257', 'MUHAMMAD IRFAN AZMAN', 2),
('1202184258', 'M.IRFAN NURJIHAD', 2),
('1202184259', 'MUHAMMAD IQBAL', 2),
('1202184260', 'FADHIL ROZI HENDRAWAN', 2),
('1202184261', 'RANDA ABDURRASYID', 2),
('1202184262', 'MUHAMMAD FAKHRUL SAFITRA', 2),
('1202184264', 'HENRY AUGUSTA HARSONO', 2),
('1202184265', 'RAFIF RAMADHANY USMAN', 2),
('1202184266', 'NAUFAL M. FADILAH', 2),
('1202184267', 'MUHAMMAD IQBAL', 2),
('1202184269', 'ANDRE MAULANA PURBAYA', 2),
('1202184270', 'IRGI FAHREZI SALIM', 2),
('1202184271', 'BOKIE BUDA SINABA', 2),
('1202184272', 'ZAFIRA CHAIRUNNISA HERIANSJAH PUTRI', 2),
('1202184274', 'HANIF CATRIO WICAKSONO', 2),
('1202184275', 'AZMI LUTFI HIDAYAT', 2),
('1202184276', 'IKHSAN TASEF NUR FIKRI', 2),
('1202184277', 'HILMI SUFYAAN SATRIA SUJATMIKO', 2),
('1202184278', 'IRENE CALLISTA HAREFA', 2),
('1202184279', 'YUNI KARDILA', 2),
('1202184281', 'FAIZAL HUDYA RIZFIANTO', 2),
('1202184288', 'RIVERO NOVELINO', 2),
('1202184289', 'ALYA ARIFAH RIZQY', 2),
('1202184290', 'SALMA HANIYAH', 2),
('1202184292', 'ALFI ZAHRA HAFIZHAH', 2),
('1202184293', 'RESIENNO ISMI AZHARY', 2),
('1202184295', 'MEUTIA AULIA FITRI', 2),
('1202184297', 'FATMA KURNIA FEBRIANTI', 2),
('1202184298', 'AYU FARIDA GEBANG', 2),
('1202184299', 'RAIHAN ACHMAD SINANDHI', 2),
('1202184300', 'AL-HILAL JULIANDA', 2),
('1202184303', 'FAKHRIZAL SYAHRUL RAMADHAN', 2),
('1202184304', 'RAHMATSYAH YUSUF PRAWIRA PUTRA', 2),
('1202184306', 'FATHURRAHMAN', 2),
('1202184307', 'RIFKI ZAENUDIN', 2),
('1202184310', 'MUHAMMAD DIFAGAMA IVANKA', 2),
('1202184312', 'TASYA NOZUKA HASPRASI', 2),
('1202184314', 'VALDY RAHADIAN FAKHRIZAL', 2),
('1202184315', 'NATASYA KUSUMA PUTRI', 2),
('1202184316', 'YESSY PERMATASARI', 2),
('1202184318', 'ZULFA ULINUHA', 2),
('1202184319', 'MULIYA DEWI', 2),
('1202184320', 'GERRY JULIAN', 2),
('1202184321', 'ARYA BIMO BAGAS P.', 2),
('1202184323', 'GHINA KHAERUNNISA', 2),
('1202184326', 'MUHAMAD LUTFIE ALGHIFARY', 2),
('1202184327', 'ALSHA NABILLA HERNAWAN', 2),
('1202184331', 'MUHAMMAD LUTHFI AL-SHIFA', 2),
('1202184332', 'AFIF MOCHAMAD FAIZAL FAJRIANDI', 2),
('1202184335', 'FIRDY BARI RAYHADIN', 2),
('1202184336', 'TITOK AJI CAKRA', 2),
('1202184337', 'DIMAS RIZQY PANGESTU', 2),
('1202184340', 'KEN RANGGA DINAR', 2),
('1202184347', 'DANIEL ALEXANDER POLII', 2),
('1202184355', 'FARHAN ALIF BUDIANTO', 2),
('1202184358', 'NAUFAL HANIF R', 2),
('1202184365', 'ULI ARTHA', 2),
('1202184369', 'MUHAMMAD HIBBAN MIKHAIL', 2),
('1202184375', 'DIO ABDULLAH AMMAR', 2),
('1202184376', 'TENI TRIYANTI', 2),
('1202184381', 'MUHAMMAD GHIFFARY DHIYA ROBBANI', 2),
('1202184382', 'MUH.TAUFIQURRAHMAN', 2),
('1202184384', 'HIDAYATUL AJI ADIKA PUTRA', 2),
('1202184385', 'TRI GUSLIA HANDAYANI', 2),
('1202184386', 'MUHAMMAD ZIDAN ATHALLA ANINDRA LESMANA', 2),
('2201160001', 'ADI MARKUS RIYANTO', 2),
('2201160005', 'LIA AVITA SARI', 2),
('2201160007', 'RESHA AKBAR', 2),
('2201160008', 'RIZKI AFIF FINATA', 2),
('2201160011', 'PAHALA', 2),
('2201160013', 'RONY HARTONO', 2),
('2201162014', 'INDAH HAYATI', 2),
('2201162015', 'DIAH PUTRI DAMAYANTI', 2),
('2201171001', 'DEDI SETIAWAN', 2),
('2201171002', 'FAQIH AZKA WIDYAPUTRA', 2),
('2201171003', 'AGUNG SRIYONO', 2),
('2201171005', 'RADEA KARTIKA PUTRI', 2),
('2201171006', 'BEDI SUSANTO, S.T', 2),
('2201171008', 'YULIAN MUTIARA', 2),
('2201172009', 'AJIE AHMAD SAFARI', 2),
('2201172010', 'JODIE RIDHA ARROZAK', 2),
('2201172012', 'MUHAMMAD NUR', 2),
('2201172013', 'RONI KOSASIH', 2),
('2201181001', 'AGEAK RAPORTE BERMANO', 2),
('2201181002', 'PIPIN ANGGALIYA', 2),
('2201181003', 'VIA VIDYA', 2),
('2201181004', 'MOULI DE RIZKA DEWANTORO', 2),
('2201181005', 'AUDIRA ZURAIDA RAHARDJA SUKARSA', 2),
('2201181006', 'LENI NURAENI', 2),
('2201181007', 'SOFI HANIFAH HERMAWAN', 2),
('2201181008', 'NATHALEO MICHEL APON', 2),
('2201181009', 'MOHAMMAD ARYA WICAKSANA', 2),
('2201181010', 'DEMARSESKA HANDUNG GUNANTYO', 2),
('2201181011', 'NURUL SHOLIHAH EKOWATI', 2),
('2201181012', 'RATNAWIA', 2),
('2201181013', 'MUHAMAD HANIFAN GINGGI SUMAATMADJA', 2),
('2201181014', 'FERDIN MAULANA AL-MASYRIQ', 2),
('2201181015', 'ROOSDIANA NOOR ROCHMAH', 2);

-- --------------------------------------------------------

--
-- Table structure for table `system_menu`
--

CREATE TABLE `system_menu` (
  `id` tinyint(3) UNSIGNED NOT NULL,
  `parent_id` tinyint(3) UNSIGNED NOT NULL DEFAULT '0',
  `id_pm` int(11) NOT NULL,
  `menu_name` varchar(100) COLLATE latin1_general_ci NOT NULL,
  `url` varchar(100) COLLATE latin1_general_ci NOT NULL DEFAULT '',
  `menu_order` tinyint(3) UNSIGNED NOT NULL DEFAULT '0'
) ENGINE=MyISAM DEFAULT CHARSET=latin1 COLLATE=latin1_general_ci;

--
-- Dumping data for table `system_menu`
--

INSERT INTO `system_menu` (`id`, `parent_id`, `id_pm`, `menu_name`, `url`, `menu_order`) VALUES
(4, 0, 2, 'Cpanel', '', 4),
(6, 4, 2, 'Akun', 'cpanel/account', 3),
(11, 4, 2, 'Hak Akses', 'cpanel/access', 0),
(8, 4, 2, 'Menu', 'cpanel/menu', 4),
(26, 0, 5, 'Administration', '', 3),
(22, 21, 1, 'Student', 'database/student', 0),
(20, 0, 3, 'Recruitment', '', 2),
(21, 0, 1, 'Database', '', 1),
(25, 20, 3, 'Enroll', 'recruitment/enroll', 0),
(28, 26, 5, 'Open Recruitment', 'admin/oprec', 0),
(29, 0, 4, 'Dashboard', 'main/dashboard', 0),
(30, 26, 5, 'News', 'admin/news', 0),
(32, 30, 5, 'News', 'admin/news', 0);

-- --------------------------------------------------------

--
-- Table structure for table `system_module`
--

CREATE TABLE `system_module` (
  `id_pm` int(11) NOT NULL,
  `module_name` varchar(255) NOT NULL
) ENGINE=InnoDB DEFAULT CHARSET=latin1;

--
-- Dumping data for table `system_module`
--

INSERT INTO `system_module` (`id_pm`, `module_name`) VALUES
(1, 'Database'),
(2, 'Cpanel'),
(3, 'Recruitment'),
(4, 'Dashboard'),
(5, 'Administration');

-- --------------------------------------------------------

--
-- Table structure for table `system_user`
--

CREATE TABLE `system_user` (
  `id_user` int(11) NOT NULL,
  `username` varchar(255) NOT NULL,
  `password` varchar(255) NOT NULL,
  `display_name` varchar(255) NOT NULL,
  `display_path` varchar(255) NOT NULL,
  `level` int(2) NOT NULL
) ENGINE=InnoDB DEFAULT CHARSET=latin1;

--
-- Dumping data for table `system_user`
--

INSERT INTO `system_user` (`id_user`, `username`, `password`, `display_name`, `display_path`, `level`) VALUES
(1, 'admin', '21232f297a57a5a743894a0e4a801fc3', 'Admin Seminar-Go', '', 2),
(2, 'labgartek', 'e10adc3949ba59abbe56e057f20f883e', 'GARTEK', '', 4),
(99, 'raysoesanto', '938b4263f09b8b1dae8f027d06681ec9', 'Ray Soesanto', '', 1),
(102, 'riawanbangkit', 'c43907259418f2f31a67aebb0a5d2778', 'Bangkit Riawan', '', 1),
(105, '1102120023', '25f9e794323b453885f5181f1b624d0b', 'RAHMAT REZKI', '', 3);

-- --------------------------------------------------------

--
-- Table structure for table `system_user_lab`
--

CREATE TABLE `system_user_lab` (
  `id_sul` int(11) NOT NULL,
  `id_user` int(11) NOT NULL,
  `id_lab` int(11) NOT NULL
) ENGINE=InnoDB DEFAULT CHARSET=latin1;

--
-- Dumping data for table `system_user_lab`
--

INSERT INTO `system_user_lab` (`id_sul`, `id_user`, `id_lab`) VALUES
(1, 2, 3);

-- --------------------------------------------------------

--
-- Table structure for table `system_user_level`
--

CREATE TABLE `system_user_level` (
  `id_level` int(11) NOT NULL,
  `level_name` varchar(255) NOT NULL
) ENGINE=InnoDB DEFAULT CHARSET=latin1;

--
-- Dumping data for table `system_user_level`
--

INSERT INTO `system_user_level` (`id_level`, `level_name`) VALUES
(1, 'Super Admin'),
(2, 'Admin ISIEM'),
(3, 'Kandidat Asisten'),
(4, 'PIC Laboratory');

-- --------------------------------------------------------

--
-- Table structure for table `system_user_privileges`
--

CREATE TABLE `system_user_privileges` (
  `id_up` int(11) NOT NULL,
  `id_level` int(11) NOT NULL,
  `id_pm` int(11) NOT NULL
) ENGINE=InnoDB DEFAULT CHARSET=latin1;

--
-- Dumping data for table `system_user_privileges`
--

INSERT INTO `system_user_privileges` (`id_up`, `id_level`, `id_pm`) VALUES
(1, 1, 1),
(2, 1, 2),
(3, 2, 1),
(10, 4, 1),
(12, 1, 4),
(13, 1, 5),
(14, 3, 3),
(15, 3, 4),
(16, 4, 4);

-- --------------------------------------------------------

--
-- Stand-in structure for view `view_labwork`
-- (See below for the actual view)
--
CREATE TABLE `view_labwork` (
`id_ll` int(11)
,`id_lab` int(11)
,`id_labwork` int(11)
,`laboratory_name` varchar(255)
,`short_name` varchar(10)
,`labwork_name` varchar(100)
);

-- --------------------------------------------------------

--
-- Stand-in structure for view `view_og`
-- (See below for the actual view)
--
CREATE TABLE `view_og` (
`id_oprec_gen` varchar(8)
,`id_oprec` int(11)
,`id_major` int(11)
,`id_lab` int(11)
,`nim` int(10)
,`motto` varchar(300)
,`gpa` float
,`motivation` varchar(500)
,`oprec_status` int(11)
,`major_name` varchar(100)
,`laboratory_name` varchar(255)
,`short_name` varchar(10)
,`status_name` varchar(100)
);

-- --------------------------------------------------------

--
-- Stand-in structure for view `view_oprec`
-- (See below for the actual view)
--
CREATE TABLE `view_oprec` (
`id_oprec` int(11)
,`semester` varchar(50)
,`run_year` varchar(9)
,`start_date` date
,`end_date` date
,`description` varchar(500)
,`id_lab` int(11)
,`id_labwork` int(11)
,`labwork_name` varchar(100)
,`laboratory_name` varchar(255)
,`short_name` varchar(10)
);

-- --------------------------------------------------------

--
-- Stand-in structure for view `view_oprec_master`
-- (See below for the actual view)
--
CREATE TABLE `view_oprec_master` (
`id_oprec` int(11)
,`semester` varchar(50)
,`run_year` varchar(9)
,`start_date` date
,`end_date` date
,`description` varchar(500)
);

-- --------------------------------------------------------

--
-- Structure for view `view_labwork`
--
DROP TABLE IF EXISTS `view_labwork`;

CREATE ALGORITHM=UNDEFINED DEFINER=`root`@`localhost` SQL SECURITY DEFINER VIEW `view_labwork`  AS  select `a`.`id_ll` AS `id_ll`,`a`.`id_lab` AS `id_lab`,`a`.`id_labwork` AS `id_labwork`,`b`.`laboratory_name` AS `laboratory_name`,`b`.`short_name` AS `short_name`,`c`.`labwork_name` AS `labwork_name` from ((`lab_labwork` `a` join `laboratory` `b` on((`a`.`id_lab` = `b`.`id_lab`))) join `labwork` `c` on((`a`.`id_labwork` = `c`.`id_labwork`))) ;

-- --------------------------------------------------------

--
-- Structure for view `view_og`
--
DROP TABLE IF EXISTS `view_og`;

CREATE ALGORITHM=UNDEFINED DEFINER=`root`@`localhost` SQL SECURITY DEFINER VIEW `view_og`  AS  select `a`.`id_oprec_gen` AS `id_oprec_gen`,`a`.`id_oprec` AS `id_oprec`,`a`.`id_major` AS `id_major`,`a`.`id_lab` AS `id_lab`,`a`.`nim` AS `nim`,`a`.`motto` AS `motto`,`a`.`gpa` AS `gpa`,`a`.`motivation` AS `motivation`,`a`.`oprec_status` AS `oprec_status`,`b`.`major_name` AS `major_name`,`c`.`laboratory_name` AS `laboratory_name`,`c`.`short_name` AS `short_name`,`d`.`status_name` AS `status_name` from (((`oprec_general` `a` join `major` `b` on((`a`.`id_major` = `b`.`id_major`))) join `laboratory` `c` on((`a`.`id_lab` = `c`.`id_lab`))) join `oprec_status` `d` on((`a`.`oprec_status` = `d`.`id_os`))) ;

-- --------------------------------------------------------

--
-- Structure for view `view_oprec`
--
DROP TABLE IF EXISTS `view_oprec`;

CREATE ALGORITHM=UNDEFINED DEFINER=`root`@`localhost` SQL SECURITY DEFINER VIEW `view_oprec`  AS  select `a`.`id_oprec` AS `id_oprec`,`d`.`semester` AS `semester`,`d`.`run_year` AS `run_year`,`a`.`start_date` AS `start_date`,`a`.`end_date` AS `end_date`,`a`.`description` AS `description`,`b`.`id_lab` AS `id_lab`,`a`.`id_labwork` AS `id_labwork`,`c`.`labwork_name` AS `labwork_name`,`c`.`laboratory_name` AS `laboratory_name`,`c`.`short_name` AS `short_name` from (((`oprec` `a` join `oprec_detail` `b` on((`a`.`id_oprec` = `b`.`id_oprec`))) join `view_labwork` `c` on((`a`.`id_labwork` = `c`.`id_labwork`))) join `academic_year` `d` on((`a`.`id_ay` = `d`.`id_ay`))) ;

-- --------------------------------------------------------

--
-- Structure for view `view_oprec_master`
--
DROP TABLE IF EXISTS `view_oprec_master`;

CREATE ALGORITHM=UNDEFINED DEFINER=`root`@`localhost` SQL SECURITY DEFINER VIEW `view_oprec_master`  AS  select `a`.`id_oprec` AS `id_oprec`,`d`.`semester` AS `semester`,`d`.`run_year` AS `run_year`,`a`.`start_date` AS `start_date`,`a`.`end_date` AS `end_date`,`a`.`description` AS `description` from (`oprec` `a` join `academic_year` `d` on((`a`.`id_ay` = `d`.`id_ay`))) ;

--
-- Indexes for dumped tables
--

--
-- Indexes for table `academic_year`
--
ALTER TABLE `academic_year`
  ADD PRIMARY KEY (`id_ay`);

--
-- Indexes for table `achievement_type`
--
ALTER TABLE `achievement_type`
  ADD PRIMARY KEY (`id_at`);

--
-- Indexes for table `candidate`
--
ALTER TABLE `candidate`
  ADD PRIMARY KEY (`nim`);

--
-- Indexes for table `laboratory`
--
ALTER TABLE `laboratory`
  ADD PRIMARY KEY (`id_lab`),
  ADD KEY `id_lab` (`id_lab`),
  ADD KEY `laboratory_name` (`laboratory_name`),
  ADD KEY `short_name` (`short_name`),
  ADD KEY `pembina` (`pembina`);

--
-- Indexes for table `labwork`
--
ALTER TABLE `labwork`
  ADD PRIMARY KEY (`id_labwork`);

--
-- Indexes for table `lab_labwork`
--
ALTER TABLE `lab_labwork`
  ADD PRIMARY KEY (`id_ll`),
  ADD KEY `id_lab` (`id_lab`),
  ADD KEY `id_labwork` (`id_labwork`);

--
-- Indexes for table `major`
--
ALTER TABLE `major`
  ADD PRIMARY KEY (`id_major`);

--
-- Indexes for table `news`
--
ALTER TABLE `news`
  ADD PRIMARY KEY (`id_news`);

--
-- Indexes for table `oprec`
--
ALTER TABLE `oprec`
  ADD PRIMARY KEY (`id_oprec`),
  ADD KEY `id_ay` (`id_ay`),
  ADD KEY `id_labwork` (`id_labwork`);

--
-- Indexes for table `oprec_achievement`
--
ALTER TABLE `oprec_achievement`
  ADD PRIMARY KEY (`id_oprec_achievement`),
  ADD KEY `id_orpec_gen` (`id_oprec_gen`,`achievement_type`);

--
-- Indexes for table `oprec_detail`
--
ALTER TABLE `oprec_detail`
  ADD PRIMARY KEY (`id_od`),
  ADD KEY `id_lab` (`id_lab`),
  ADD KEY `id_oprec` (`id_oprec`);

--
-- Indexes for table `oprec_education`
--
ALTER TABLE `oprec_education`
  ADD PRIMARY KEY (`id_oprec_edu`),
  ADD KEY `id_oprec_general` (`id_oprec_gen`);

--
-- Indexes for table `oprec_file`
--
ALTER TABLE `oprec_file`
  ADD PRIMARY KEY (`id_of`),
  ADD KEY `id_oprec_gen` (`id_oprec_gen`);

--
-- Indexes for table `oprec_general`
--
ALTER TABLE `oprec_general`
  ADD PRIMARY KEY (`id_oprec_gen`),
  ADD KEY `id_oprec` (`id_oprec`,`id_lab`,`nim`),
  ADD KEY `id_major` (`id_major`);

--
-- Indexes for table `oprec_organization`
--
ALTER TABLE `oprec_organization`
  ADD PRIMARY KEY (`id_oprec_org`),
  ADD KEY `id_oprec_general` (`id_oprec_gen`);

--
-- Indexes for table `oprec_skills`
--
ALTER TABLE `oprec_skills`
  ADD PRIMARY KEY (`id_oprec_skills`),
  ADD KEY `id_oprec_gen` (`id_oprec_gen`);

--
-- Indexes for table `oprec_status`
--
ALTER TABLE `oprec_status`
  ADD PRIMARY KEY (`id_os`);

--
-- Indexes for table `software_lvl`
--
ALTER TABLE `software_lvl`
  ADD PRIMARY KEY (`id_sl`);

--
-- Indexes for table `student`
--
ALTER TABLE `student`
  ADD PRIMARY KEY (`nim`);

--
-- Indexes for table `system_menu`
--
ALTER TABLE `system_menu`
  ADD PRIMARY KEY (`id`);

--
-- Indexes for table `system_module`
--
ALTER TABLE `system_module`
  ADD PRIMARY KEY (`id_pm`);

--
-- Indexes for table `system_user`
--
ALTER TABLE `system_user`
  ADD PRIMARY KEY (`id_user`);

--
-- Indexes for table `system_user_lab`
--
ALTER TABLE `system_user_lab`
  ADD PRIMARY KEY (`id_sul`);

--
-- Indexes for table `system_user_level`
--
ALTER TABLE `system_user_level`
  ADD PRIMARY KEY (`id_level`);

--
-- Indexes for table `system_user_privileges`
--
ALTER TABLE `system_user_privileges`
  ADD PRIMARY KEY (`id_up`);

--
-- AUTO_INCREMENT for dumped tables
--

--
-- AUTO_INCREMENT for table `academic_year`
--
ALTER TABLE `academic_year`
  MODIFY `id_ay` int(11) NOT NULL AUTO_INCREMENT, AUTO_INCREMENT=3;

--
-- AUTO_INCREMENT for table `achievement_type`
--
ALTER TABLE `achievement_type`
  MODIFY `id_at` int(11) NOT NULL AUTO_INCREMENT, AUTO_INCREMENT=6;

--
-- AUTO_INCREMENT for table `laboratory`
--
ALTER TABLE `laboratory`
  MODIFY `id_lab` int(11) NOT NULL AUTO_INCREMENT, AUTO_INCREMENT=17;

--
-- AUTO_INCREMENT for table `labwork`
--
ALTER TABLE `labwork`
  MODIFY `id_labwork` int(11) NOT NULL AUTO_INCREMENT, AUTO_INCREMENT=35;

--
-- AUTO_INCREMENT for table `lab_labwork`
--
ALTER TABLE `lab_labwork`
  MODIFY `id_ll` int(11) NOT NULL AUTO_INCREMENT, AUTO_INCREMENT=35;

--
-- AUTO_INCREMENT for table `major`
--
ALTER TABLE `major`
  MODIFY `id_major` int(11) NOT NULL AUTO_INCREMENT, AUTO_INCREMENT=4;

--
-- AUTO_INCREMENT for table `news`
--
ALTER TABLE `news`
  MODIFY `id_news` int(11) NOT NULL AUTO_INCREMENT, AUTO_INCREMENT=4;

--
-- AUTO_INCREMENT for table `oprec`
--
ALTER TABLE `oprec`
  MODIFY `id_oprec` int(11) NOT NULL AUTO_INCREMENT, AUTO_INCREMENT=12;

--
-- AUTO_INCREMENT for table `oprec_achievement`
--
ALTER TABLE `oprec_achievement`
  MODIFY `id_oprec_achievement` int(11) NOT NULL AUTO_INCREMENT, AUTO_INCREMENT=7;

--
-- AUTO_INCREMENT for table `oprec_detail`
--
ALTER TABLE `oprec_detail`
  MODIFY `id_od` int(11) NOT NULL AUTO_INCREMENT, AUTO_INCREMENT=14;

--
-- AUTO_INCREMENT for table `oprec_education`
--
ALTER TABLE `oprec_education`
  MODIFY `id_oprec_edu` int(11) NOT NULL AUTO_INCREMENT, AUTO_INCREMENT=11;

--
-- AUTO_INCREMENT for table `oprec_file`
--
ALTER TABLE `oprec_file`
  MODIFY `id_of` int(11) NOT NULL AUTO_INCREMENT, AUTO_INCREMENT=6;

--
-- AUTO_INCREMENT for table `oprec_organization`
--
ALTER TABLE `oprec_organization`
  MODIFY `id_oprec_org` int(11) NOT NULL AUTO_INCREMENT, AUTO_INCREMENT=7;

--
-- AUTO_INCREMENT for table `oprec_skills`
--
ALTER TABLE `oprec_skills`
  MODIFY `id_oprec_skills` int(11) NOT NULL AUTO_INCREMENT, AUTO_INCREMENT=8;

--
-- AUTO_INCREMENT for table `oprec_status`
--
ALTER TABLE `oprec_status`
  MODIFY `id_os` int(11) NOT NULL AUTO_INCREMENT, AUTO_INCREMENT=7;

--
-- AUTO_INCREMENT for table `software_lvl`
--
ALTER TABLE `software_lvl`
  MODIFY `id_sl` int(11) NOT NULL AUTO_INCREMENT, AUTO_INCREMENT=4;

--
-- AUTO_INCREMENT for table `system_menu`
--
ALTER TABLE `system_menu`
  MODIFY `id` tinyint(3) UNSIGNED NOT NULL AUTO_INCREMENT, AUTO_INCREMENT=33;

--
-- AUTO_INCREMENT for table `system_module`
--
ALTER TABLE `system_module`
  MODIFY `id_pm` int(11) NOT NULL AUTO_INCREMENT, AUTO_INCREMENT=6;

--
-- AUTO_INCREMENT for table `system_user`
--
ALTER TABLE `system_user`
  MODIFY `id_user` int(11) NOT NULL AUTO_INCREMENT, AUTO_INCREMENT=106;

--
-- AUTO_INCREMENT for table `system_user_lab`
--
ALTER TABLE `system_user_lab`
  MODIFY `id_sul` int(11) NOT NULL AUTO_INCREMENT, AUTO_INCREMENT=2;

--
-- AUTO_INCREMENT for table `system_user_level`
--
ALTER TABLE `system_user_level`
  MODIFY `id_level` int(11) NOT NULL AUTO_INCREMENT, AUTO_INCREMENT=5;

--
-- AUTO_INCREMENT for table `system_user_privileges`
--
ALTER TABLE `system_user_privileges`
  MODIFY `id_up` int(11) NOT NULL AUTO_INCREMENT, AUTO_INCREMENT=17;
COMMIT;

/*!40101 SET CHARACTER_SET_CLIENT=@OLD_CHARACTER_SET_CLIENT */;
/*!40101 SET CHARACTER_SET_RESULTS=@OLD_CHARACTER_SET_RESULTS */;
/*!40101 SET COLLATION_CONNECTION=@OLD_COLLATION_CONNECTION */;
